freq,unit,coicop18,geo,time,values
M,RCH_A,TOTAL,BE,1996-01-01,NA
M,RCH_A,TOTAL,BE,1996-02-01,NA
M,RCH_A,TOTAL,BE,1996-03-01,NA
M,RCH_A,TOTAL,BE,1996-04-01,NA
M,RCH_A,TOTAL,BE,1996-05-01,NA
M,RCH_A,TOTAL,BE,1996-06-01,NA
M,RCH_A,TOTAL,BE,1996-07-01,NA
M,RCH_A,TOTAL,BE,1996-08-01,NA
M,RCH_A,TOTAL,BE,1996-09-01,NA
M,RCH_A,TOTAL,BE,1996-10-01,NA
M,RCH_A,TOTAL,BE,1996-11-01,NA
M,RCH_A,TOTAL,BE,1996-12-01,NA
M,RCH_A,TOTAL,BE,1997-01-01,2.1
M,RCH_A,TOTAL,BE,1997-02-01,1.9
M,RCH_A,TOTAL,BE,1997-03-01,1.3
M,RCH_A,TOTAL,BE,1997-04-01,1.1
M,RCH_A,TOTAL,BE,1997-05-01,1.4
M,RCH_A,TOTAL,BE,1997-06-01,1.6
M,RCH_A,TOTAL,BE,1997-07-01,1.9
M,RCH_A,TOTAL,BE,1997-08-01,1.7
M,RCH_A,TOTAL,BE,1997-09-01,1.6
M,RCH_A,TOTAL,BE,1997-10-01,1.2
M,RCH_A,TOTAL,BE,1997-11-01,1.3
M,RCH_A,TOTAL,BE,1997-12-01,0.9
M,RCH_A,TOTAL,BE,1998-01-01,0.5
M,RCH_A,TOTAL,BE,1998-02-01,0.8
M,RCH_A,TOTAL,BE,1998-03-01,1
M,RCH_A,TOTAL,BE,1998-04-01,1.3
M,RCH_A,TOTAL,BE,1998-05-01,1.3
M,RCH_A,TOTAL,BE,1998-06-01,1.2
M,RCH_A,TOTAL,BE,1998-07-01,1.2
M,RCH_A,TOTAL,BE,1998-08-01,1
M,RCH_A,TOTAL,BE,1998-09-01,0.8
M,RCH_A,TOTAL,BE,1998-10-01,0.7
M,RCH_A,TOTAL,BE,1998-11-01,0.6
M,RCH_A,TOTAL,BE,1998-12-01,0.7
M,RCH_A,TOTAL,BE,1999-01-01,1
M,RCH_A,TOTAL,BE,1999-02-01,1
M,RCH_A,TOTAL,BE,1999-03-01,1.3
M,RCH_A,TOTAL,BE,1999-04-01,1.1
M,RCH_A,TOTAL,BE,1999-05-01,0.8
M,RCH_A,TOTAL,BE,1999-06-01,0.7
M,RCH_A,TOTAL,BE,1999-07-01,0.7
M,RCH_A,TOTAL,BE,1999-08-01,0.9
M,RCH_A,TOTAL,BE,1999-09-01,1.3
M,RCH_A,TOTAL,BE,1999-10-01,1.4
M,RCH_A,TOTAL,BE,1999-11-01,1.6
M,RCH_A,TOTAL,BE,1999-12-01,2
M,RCH_A,TOTAL,BE,2000-01-01,0.3
M,RCH_A,TOTAL,BE,2000-02-01,2.1
M,RCH_A,TOTAL,BE,2000-03-01,2.5
M,RCH_A,TOTAL,BE,2000-04-01,2.3
M,RCH_A,TOTAL,BE,2000-05-01,2.4
M,RCH_A,TOTAL,BE,2000-06-01,3
M,RCH_A,TOTAL,BE,2000-07-01,1.7
M,RCH_A,TOTAL,BE,2000-08-01,3.5
M,RCH_A,TOTAL,BE,2000-09-01,3.9
M,RCH_A,TOTAL,BE,2000-10-01,3.7
M,RCH_A,TOTAL,BE,2000-11-01,3.7
M,RCH_A,TOTAL,BE,2000-12-01,3
M,RCH_A,TOTAL,BE,2001-01-01,2.7
M,RCH_A,TOTAL,BE,2001-02-01,2.5
M,RCH_A,TOTAL,BE,2001-03-01,2.2
M,RCH_A,TOTAL,BE,2001-04-01,2.9
M,RCH_A,TOTAL,BE,2001-05-01,3.1
M,RCH_A,TOTAL,BE,2001-06-01,3
M,RCH_A,TOTAL,BE,2001-07-01,2.7
M,RCH_A,TOTAL,BE,2001-08-01,2.5
M,RCH_A,TOTAL,BE,2001-09-01,1.9
M,RCH_A,TOTAL,BE,2001-10-01,2
M,RCH_A,TOTAL,BE,2001-11-01,1.8
M,RCH_A,TOTAL,BE,2001-12-01,1.9
M,RCH_A,TOTAL,BE,2002-01-01,2.6
M,RCH_A,TOTAL,BE,2002-02-01,2.5
M,RCH_A,TOTAL,BE,2002-03-01,2.5
M,RCH_A,TOTAL,BE,2002-04-01,1.7
M,RCH_A,TOTAL,BE,2002-05-01,1.3
M,RCH_A,TOTAL,BE,2002-06-01,0.8
M,RCH_A,TOTAL,BE,2002-07-01,1.2
M,RCH_A,TOTAL,BE,2002-08-01,1.2
M,RCH_A,TOTAL,BE,2002-09-01,1.2
M,RCH_A,TOTAL,BE,2002-10-01,1.2
M,RCH_A,TOTAL,BE,2002-11-01,1.1
M,RCH_A,TOTAL,BE,2002-12-01,1.3
M,RCH_A,TOTAL,BE,2003-01-01,1.2
M,RCH_A,TOTAL,BE,2003-02-01,1.7
M,RCH_A,TOTAL,BE,2003-03-01,1.7
M,RCH_A,TOTAL,BE,2003-04-01,1.5
M,RCH_A,TOTAL,BE,2003-05-01,1
M,RCH_A,TOTAL,BE,2003-06-01,1.5
M,RCH_A,TOTAL,BE,2003-07-01,1.4
M,RCH_A,TOTAL,BE,2003-08-01,1.7
M,RCH_A,TOTAL,BE,2003-09-01,1.7
M,RCH_A,TOTAL,BE,2003-10-01,1.5
M,RCH_A,TOTAL,BE,2003-11-01,1.8
M,RCH_A,TOTAL,BE,2003-12-01,1.6
M,RCH_A,TOTAL,BE,2004-01-01,1.4
M,RCH_A,TOTAL,BE,2004-02-01,1.1
M,RCH_A,TOTAL,BE,2004-03-01,0.9
M,RCH_A,TOTAL,BE,2004-04-01,1.7
M,RCH_A,TOTAL,BE,2004-05-01,2.4
M,RCH_A,TOTAL,BE,2004-06-01,2
M,RCH_A,TOTAL,BE,2004-07-01,2
M,RCH_A,TOTAL,BE,2004-08-01,2
M,RCH_A,TOTAL,BE,2004-09-01,1.8
M,RCH_A,TOTAL,BE,2004-10-01,2.6
M,RCH_A,TOTAL,BE,2004-11-01,2.3
M,RCH_A,TOTAL,BE,2004-12-01,2
M,RCH_A,TOTAL,BE,2005-01-01,2
M,RCH_A,TOTAL,BE,2005-02-01,2.3
M,RCH_A,TOTAL,BE,2005-03-01,2.8
M,RCH_A,TOTAL,BE,2005-04-01,2.5
M,RCH_A,TOTAL,BE,2005-05-01,2.3
M,RCH_A,TOTAL,BE,2005-06-01,2.7
M,RCH_A,TOTAL,BE,2005-07-01,2.7
M,RCH_A,TOTAL,BE,2005-08-01,2.9
M,RCH_A,TOTAL,BE,2005-09-01,2.9
M,RCH_A,TOTAL,BE,2005-10-01,2.3
M,RCH_A,TOTAL,BE,2005-11-01,2.4
M,RCH_A,TOTAL,BE,2005-12-01,2.8
M,RCH_A,TOTAL,BE,2006-01-01,2.7
M,RCH_A,TOTAL,BE,2006-02-01,2.9
M,RCH_A,TOTAL,BE,2006-03-01,2.2
M,RCH_A,TOTAL,BE,2006-04-01,2.5
M,RCH_A,TOTAL,BE,2006-05-01,2.8
M,RCH_A,TOTAL,BE,2006-06-01,2.5
M,RCH_A,TOTAL,BE,2006-07-01,2.4
M,RCH_A,TOTAL,BE,2006-08-01,2.3
M,RCH_A,TOTAL,BE,2006-09-01,1.9
M,RCH_A,TOTAL,BE,2006-10-01,1.7
M,RCH_A,TOTAL,BE,2006-11-01,2
M,RCH_A,TOTAL,BE,2006-12-01,2.1
M,RCH_A,TOTAL,BE,2007-01-01,1.7
M,RCH_A,TOTAL,BE,2007-02-01,1.8
M,RCH_A,TOTAL,BE,2007-03-01,1.8
M,RCH_A,TOTAL,BE,2007-04-01,1.8
M,RCH_A,TOTAL,BE,2007-05-01,1.3
M,RCH_A,TOTAL,BE,2007-06-01,1.3
M,RCH_A,TOTAL,BE,2007-07-01,1.3
M,RCH_A,TOTAL,BE,2007-08-01,1.1
M,RCH_A,TOTAL,BE,2007-09-01,1.4
M,RCH_A,TOTAL,BE,2007-10-01,2.2
M,RCH_A,TOTAL,BE,2007-11-01,2.9
M,RCH_A,TOTAL,BE,2007-12-01,3.1
M,RCH_A,TOTAL,BE,2008-01-01,3.5
M,RCH_A,TOTAL,BE,2008-02-01,3.6
M,RCH_A,TOTAL,BE,2008-03-01,4.4
M,RCH_A,TOTAL,BE,2008-04-01,4.1
M,RCH_A,TOTAL,BE,2008-05-01,5.1
M,RCH_A,TOTAL,BE,2008-06-01,5.7
M,RCH_A,TOTAL,BE,2008-07-01,5.9
M,RCH_A,TOTAL,BE,2008-08-01,5.4
M,RCH_A,TOTAL,BE,2008-09-01,5.5
M,RCH_A,TOTAL,BE,2008-10-01,4.8
M,RCH_A,TOTAL,BE,2008-11-01,3.2
M,RCH_A,TOTAL,BE,2008-12-01,2.7
M,RCH_A,TOTAL,BE,2009-01-01,2.1
M,RCH_A,TOTAL,BE,2009-02-01,1.9
M,RCH_A,TOTAL,BE,2009-03-01,0.6
M,RCH_A,TOTAL,BE,2009-04-01,0.7
M,RCH_A,TOTAL,BE,2009-05-01,-0.2
M,RCH_A,TOTAL,BE,2009-06-01,-1
M,RCH_A,TOTAL,BE,2009-07-01,-1.7
M,RCH_A,TOTAL,BE,2009-08-01,-0.7
M,RCH_A,TOTAL,BE,2009-09-01,-1
M,RCH_A,TOTAL,BE,2009-10-01,-0.9
M,RCH_A,TOTAL,BE,2009-11-01,0
M,RCH_A,TOTAL,BE,2009-12-01,0.3
M,RCH_A,TOTAL,BE,2010-01-01,0.8
M,RCH_A,TOTAL,BE,2010-02-01,0.8
M,RCH_A,TOTAL,BE,2010-03-01,1.9
M,RCH_A,TOTAL,BE,2010-04-01,2
M,RCH_A,TOTAL,BE,2010-05-01,2.5
M,RCH_A,TOTAL,BE,2010-06-01,2.7
M,RCH_A,TOTAL,BE,2010-07-01,2.4
M,RCH_A,TOTAL,BE,2010-08-01,2.4
M,RCH_A,TOTAL,BE,2010-09-01,2.9
M,RCH_A,TOTAL,BE,2010-10-01,3.1
M,RCH_A,TOTAL,BE,2010-11-01,3
M,RCH_A,TOTAL,BE,2010-12-01,3.4
M,RCH_A,TOTAL,BE,2011-01-01,3.5
M,RCH_A,TOTAL,BE,2011-02-01,3.5
M,RCH_A,TOTAL,BE,2011-03-01,3.3
M,RCH_A,TOTAL,BE,2011-04-01,3.1
M,RCH_A,TOTAL,BE,2011-05-01,2.9
M,RCH_A,TOTAL,BE,2011-06-01,3.3
M,RCH_A,TOTAL,BE,2011-07-01,4
M,RCH_A,TOTAL,BE,2011-08-01,3.5
M,RCH_A,TOTAL,BE,2011-09-01,3.2
M,RCH_A,TOTAL,BE,2011-10-01,3.2
M,RCH_A,TOTAL,BE,2011-11-01,3.5
M,RCH_A,TOTAL,BE,2011-12-01,3.2
M,RCH_A,TOTAL,BE,2012-01-01,3.3
M,RCH_A,TOTAL,BE,2012-02-01,3.4
M,RCH_A,TOTAL,BE,2012-03-01,3.1
M,RCH_A,TOTAL,BE,2012-04-01,2.9
M,RCH_A,TOTAL,BE,2012-05-01,2.6
M,RCH_A,TOTAL,BE,2012-06-01,2.2
M,RCH_A,TOTAL,BE,2012-07-01,2
M,RCH_A,TOTAL,BE,2012-08-01,2.6
M,RCH_A,TOTAL,BE,2012-09-01,2.6
M,RCH_A,TOTAL,BE,2012-10-01,2.7
M,RCH_A,TOTAL,BE,2012-11-01,2.2
M,RCH_A,TOTAL,BE,2012-12-01,2.1
M,RCH_A,TOTAL,BE,2013-01-01,1.5
M,RCH_A,TOTAL,BE,2013-02-01,1.5
M,RCH_A,TOTAL,BE,2013-03-01,1.4
M,RCH_A,TOTAL,BE,2013-04-01,1.2
M,RCH_A,TOTAL,BE,2013-05-01,1.2
M,RCH_A,TOTAL,BE,2013-06-01,1.6
M,RCH_A,TOTAL,BE,2013-07-01,1.6
M,RCH_A,TOTAL,BE,2013-08-01,1.1
M,RCH_A,TOTAL,BE,2013-09-01,1
M,RCH_A,TOTAL,BE,2013-10-01,0.7
M,RCH_A,TOTAL,BE,2013-11-01,0.9
M,RCH_A,TOTAL,BE,2013-12-01,1.2
M,RCH_A,TOTAL,BE,2014-01-01,1.1
M,RCH_A,TOTAL,BE,2014-02-01,0.8
M,RCH_A,TOTAL,BE,2014-03-01,0.8
M,RCH_A,TOTAL,BE,2014-04-01,0.8
M,RCH_A,TOTAL,BE,2014-05-01,0.7
M,RCH_A,TOTAL,BE,2014-06-01,0.6
M,RCH_A,TOTAL,BE,2014-07-01,0.5
M,RCH_A,TOTAL,BE,2014-08-01,0.4
M,RCH_A,TOTAL,BE,2014-09-01,0.2
M,RCH_A,TOTAL,BE,2014-10-01,0.3
M,RCH_A,TOTAL,BE,2014-11-01,0.1
M,RCH_A,TOTAL,BE,2014-12-01,-0.4
M,RCH_A,TOTAL,BE,2015-01-01,-0.6
M,RCH_A,TOTAL,BE,2015-02-01,-0.4
M,RCH_A,TOTAL,BE,2015-03-01,-0.1
M,RCH_A,TOTAL,BE,2015-04-01,0.4
M,RCH_A,TOTAL,BE,2015-05-01,0.8
M,RCH_A,TOTAL,BE,2015-06-01,0.9
M,RCH_A,TOTAL,BE,2015-07-01,0.9
M,RCH_A,TOTAL,BE,2015-08-01,0.8
M,RCH_A,TOTAL,BE,2015-09-01,0.9
M,RCH_A,TOTAL,BE,2015-10-01,1.1
M,RCH_A,TOTAL,BE,2015-11-01,1.4
M,RCH_A,TOTAL,BE,2015-12-01,1.4
M,RCH_A,TOTAL,BE,2016-01-01,1.9
M,RCH_A,TOTAL,BE,2016-02-01,1.1
M,RCH_A,TOTAL,BE,2016-03-01,1.6
M,RCH_A,TOTAL,BE,2016-04-01,1.5
M,RCH_A,TOTAL,BE,2016-05-01,1.6
M,RCH_A,TOTAL,BE,2016-06-01,1.8
M,RCH_A,TOTAL,BE,2016-07-01,2
M,RCH_A,TOTAL,BE,2016-08-01,2
M,RCH_A,TOTAL,BE,2016-09-01,1.8
M,RCH_A,TOTAL,BE,2016-10-01,1.9
M,RCH_A,TOTAL,BE,2016-11-01,1.7
M,RCH_A,TOTAL,BE,2016-12-01,2.2
M,RCH_A,TOTAL,BE,2017-01-01,3.1
M,RCH_A,TOTAL,BE,2017-02-01,3.3
M,RCH_A,TOTAL,BE,2017-03-01,2.5
M,RCH_A,TOTAL,BE,2017-04-01,2.7
M,RCH_A,TOTAL,BE,2017-05-01,1.9
M,RCH_A,TOTAL,BE,2017-06-01,1.5
M,RCH_A,TOTAL,BE,2017-07-01,1.8
M,RCH_A,TOTAL,BE,2017-08-01,2
M,RCH_A,TOTAL,BE,2017-09-01,2
M,RCH_A,TOTAL,BE,2017-10-01,1.8
M,RCH_A,TOTAL,BE,2017-11-01,2.1
M,RCH_A,TOTAL,BE,2017-12-01,2.1
M,RCH_A,TOTAL,BE,2018-01-01,1.8
M,RCH_A,TOTAL,BE,2018-02-01,1.5
M,RCH_A,TOTAL,BE,2018-03-01,1.5
M,RCH_A,TOTAL,BE,2018-04-01,1.6
M,RCH_A,TOTAL,BE,2018-05-01,2.3
M,RCH_A,TOTAL,BE,2018-06-01,2.6
M,RCH_A,TOTAL,BE,2018-07-01,2.7
M,RCH_A,TOTAL,BE,2018-08-01,2.6
M,RCH_A,TOTAL,BE,2018-09-01,2.8
M,RCH_A,TOTAL,BE,2018-10-01,3.2
M,RCH_A,TOTAL,BE,2018-11-01,2.9
M,RCH_A,TOTAL,BE,2018-12-01,2.2
M,RCH_A,TOTAL,BE,2019-01-01,1.8
M,RCH_A,TOTAL,BE,2019-02-01,2
M,RCH_A,TOTAL,BE,2019-03-01,2.2
M,RCH_A,TOTAL,BE,2019-04-01,2
M,RCH_A,TOTAL,BE,2019-05-01,1.7
M,RCH_A,TOTAL,BE,2019-06-01,1.3
M,RCH_A,TOTAL,BE,2019-07-01,1.2
M,RCH_A,TOTAL,BE,2019-08-01,0.9
M,RCH_A,TOTAL,BE,2019-09-01,0.6
M,RCH_A,TOTAL,BE,2019-10-01,0.2
M,RCH_A,TOTAL,BE,2019-11-01,0.4
M,RCH_A,TOTAL,BE,2019-12-01,0.9
M,RCH_A,TOTAL,BE,2020-01-01,1.4
M,RCH_A,TOTAL,BE,2020-02-01,1
M,RCH_A,TOTAL,BE,2020-03-01,0.4
M,RCH_A,TOTAL,BE,2020-04-01,0
M,RCH_A,TOTAL,BE,2020-05-01,-0.2
M,RCH_A,TOTAL,BE,2020-06-01,0.2
M,RCH_A,TOTAL,BE,2020-07-01,1.7
M,RCH_A,TOTAL,BE,2020-08-01,-0.9
M,RCH_A,TOTAL,BE,2020-09-01,0.5
M,RCH_A,TOTAL,BE,2020-10-01,0.4
M,RCH_A,TOTAL,BE,2020-11-01,0.2
M,RCH_A,TOTAL,BE,2020-12-01,0.4
M,RCH_A,TOTAL,BE,2021-01-01,0.6
M,RCH_A,TOTAL,BE,2021-02-01,0.3
M,RCH_A,TOTAL,BE,2021-03-01,1.6
M,RCH_A,TOTAL,BE,2021-04-01,2.1
M,RCH_A,TOTAL,BE,2021-05-01,2.5
M,RCH_A,TOTAL,BE,2021-06-01,2.6
M,RCH_A,TOTAL,BE,2021-07-01,1.4
M,RCH_A,TOTAL,BE,2021-08-01,4.7
M,RCH_A,TOTAL,BE,2021-09-01,3.8
M,RCH_A,TOTAL,BE,2021-10-01,5.4
M,RCH_A,TOTAL,BE,2021-11-01,7.1
M,RCH_A,TOTAL,BE,2021-12-01,6.6
M,RCH_A,TOTAL,BE,2022-01-01,8.5
M,RCH_A,TOTAL,BE,2022-02-01,9.5
M,RCH_A,TOTAL,BE,2022-03-01,9.3
M,RCH_A,TOTAL,BE,2022-04-01,9.3
M,RCH_A,TOTAL,BE,2022-05-01,9.9
M,RCH_A,TOTAL,BE,2022-06-01,10.5
M,RCH_A,TOTAL,BE,2022-07-01,10.4
M,RCH_A,TOTAL,BE,2022-08-01,10.5
M,RCH_A,TOTAL,BE,2022-09-01,12.1
M,RCH_A,TOTAL,BE,2022-10-01,13.1
M,RCH_A,TOTAL,BE,2022-11-01,10.5
M,RCH_A,TOTAL,BE,2022-12-01,10.2
M,RCH_A,TOTAL,BE,2023-01-01,7.4
M,RCH_A,TOTAL,BE,2023-02-01,5.4
M,RCH_A,TOTAL,BE,2023-03-01,4.9
M,RCH_A,TOTAL,BE,2023-04-01,3.3
M,RCH_A,TOTAL,BE,2023-05-01,2.7
M,RCH_A,TOTAL,BE,2023-06-01,1.6
M,RCH_A,TOTAL,BE,2023-07-01,1.7
M,RCH_A,TOTAL,BE,2023-08-01,2.4
M,RCH_A,TOTAL,BE,2023-09-01,0.7
M,RCH_A,TOTAL,BE,2023-10-01,-1.7
M,RCH_A,TOTAL,BE,2023-11-01,-0.8
M,RCH_A,TOTAL,BE,2023-12-01,0.5
M,RCH_A,TOTAL,BE,2024-01-01,1.5
M,RCH_A,TOTAL,BE,2024-02-01,3.6
M,RCH_A,TOTAL,BE,2024-03-01,3.8
M,RCH_A,TOTAL,BE,2024-04-01,4.9
M,RCH_A,TOTAL,BE,2024-05-01,4.9
M,RCH_A,TOTAL,BE,2024-06-01,5.4
M,RCH_A,TOTAL,BE,2024-07-01,5.4
M,RCH_A,TOTAL,BE,2024-08-01,4.3
M,RCH_A,TOTAL,BE,2024-09-01,4.3
M,RCH_A,TOTAL,BE,2024-10-01,4.5
M,RCH_A,TOTAL,BE,2024-11-01,4.8
M,RCH_A,TOTAL,BE,2024-12-01,4.4
M,RCH_A,TOTAL,BE,2025-01-01,4.4
M,RCH_A,TOTAL,BE,2025-02-01,4.4
M,RCH_A,TOTAL,BE,2025-03-01,3.6
M,RCH_A,TOTAL,BE,2025-04-01,3.1
M,RCH_A,TOTAL,BE,2025-05-01,2.8
M,RCH_A,TOTAL,BE,2025-06-01,2.9
M,RCH_A,TOTAL,BE,2025-07-01,2.6
M,RCH_A,TOTAL,BE,2025-08-01,2.6
M,RCH_A,TOTAL,BE,2025-09-01,2.7
M,RCH_A,TOTAL,BE,2025-10-01,2.5
M,RCH_A,TOTAL,BE,2025-11-01,2.6
M,RCH_A,TOTAL,BE,2025-12-01,2.2
M,RCH_A,TOTAL,BE,2026-01-01,1.4
M,RCH_A,TOTAL,BE,2026-02-01,1.4
M,RCH_A,TOTAL,BE,2026-03-01,2.2
M,RCH_A,TOTAL,BE,2026-04-01,4.2
M,RCH_A,TOTAL,BE,2026-05-01,4
M,RCH_A,TOTAL,BE,2026-06-01,3.3
M,RCH_A,TOTAL,BE,2026-07-01,3.6
M,RCH_A,TOTAL,BE,2026-08-01,4.2
M,RCH_A,TOTAL,BE,2026-09-01,4.6
M,RCH_A,TOTAL,DE,1996-01-01,NA
M,RCH_A,TOTAL,DE,1996-02-01,NA
M,RCH_A,TOTAL,DE,1996-03-01,NA
M,RCH_A,TOTAL,DE,1996-04-01,NA
M,RCH_A,TOTAL,DE,1996-05-01,NA
M,RCH_A,TOTAL,DE,1996-06-01,NA
M,RCH_A,TOTAL,DE,1996-07-01,NA
M,RCH_A,TOTAL,DE,1996-08-01,NA
M,RCH_A,TOTAL,DE,1996-09-01,NA
M,RCH_A,TOTAL,DE,1996-10-01,NA
M,RCH_A,TOTAL,DE,1996-11-01,NA
M,RCH_A,TOTAL,DE,1996-12-01,NA
M,RCH_A,TOTAL,DE,1997-01-01,1.8
M,RCH_A,TOTAL,DE,1997-02-01,1.6
M,RCH_A,TOTAL,DE,1997-03-01,1.4
M,RCH_A,TOTAL,DE,1997-04-01,1.2
M,RCH_A,TOTAL,DE,1997-05-01,1.4
M,RCH_A,TOTAL,DE,1997-06-01,1.5
M,RCH_A,TOTAL,DE,1997-07-01,1.6
M,RCH_A,TOTAL,DE,1997-08-01,1.8
M,RCH_A,TOTAL,DE,1997-09-01,1.5
M,RCH_A,TOTAL,DE,1997-10-01,1.5
M,RCH_A,TOTAL,DE,1997-11-01,1.6
M,RCH_A,TOTAL,DE,1997-12-01,1.4
M,RCH_A,TOTAL,DE,1998-01-01,0.7
M,RCH_A,TOTAL,DE,1998-02-01,0.6
M,RCH_A,TOTAL,DE,1998-03-01,0.5
M,RCH_A,TOTAL,DE,1998-04-01,0.9
M,RCH_A,TOTAL,DE,1998-05-01,0.9
M,RCH_A,TOTAL,DE,1998-06-01,0.8
M,RCH_A,TOTAL,DE,1998-07-01,0.8
M,RCH_A,TOTAL,DE,1998-08-01,0.6
M,RCH_A,TOTAL,DE,1998-09-01,0.5
M,RCH_A,TOTAL,DE,1998-10-01,0.4
M,RCH_A,TOTAL,DE,1998-11-01,0.4
M,RCH_A,TOTAL,DE,1998-12-01,0.2
M,RCH_A,TOTAL,DE,1999-01-01,0.2
M,RCH_A,TOTAL,DE,1999-02-01,0.1
M,RCH_A,TOTAL,DE,1999-03-01,0.5
M,RCH_A,TOTAL,DE,1999-04-01,0.8
M,RCH_A,TOTAL,DE,1999-05-01,0.4
M,RCH_A,TOTAL,DE,1999-06-01,0.4
M,RCH_A,TOTAL,DE,1999-07-01,0.6
M,RCH_A,TOTAL,DE,1999-08-01,0.7
M,RCH_A,TOTAL,DE,1999-09-01,0.8
M,RCH_A,TOTAL,DE,1999-10-01,0.9
M,RCH_A,TOTAL,DE,1999-11-01,1
M,RCH_A,TOTAL,DE,1999-12-01,1.4
M,RCH_A,TOTAL,DE,2000-01-01,1.7
M,RCH_A,TOTAL,DE,2000-02-01,1.7
M,RCH_A,TOTAL,DE,2000-03-01,1.4
M,RCH_A,TOTAL,DE,2000-04-01,1
M,RCH_A,TOTAL,DE,2000-05-01,0.9
M,RCH_A,TOTAL,DE,2000-06-01,1.3
M,RCH_A,TOTAL,DE,2000-07-01,1.2
M,RCH_A,TOTAL,DE,2000-08-01,1
M,RCH_A,TOTAL,DE,2000-09-01,1.5
M,RCH_A,TOTAL,DE,2000-10-01,1.5
M,RCH_A,TOTAL,DE,2000-11-01,1.5
M,RCH_A,TOTAL,DE,2000-12-01,2.1
M,RCH_A,TOTAL,DE,2001-01-01,1.3
M,RCH_A,TOTAL,DE,2001-02-01,1.7
M,RCH_A,TOTAL,DE,2001-03-01,1.8
M,RCH_A,TOTAL,DE,2001-04-01,2.2
M,RCH_A,TOTAL,DE,2001-05-01,2.8
M,RCH_A,TOTAL,DE,2001-06-01,2.4
M,RCH_A,TOTAL,DE,2001-07-01,2.2
M,RCH_A,TOTAL,DE,2001-08-01,2.2
M,RCH_A,TOTAL,DE,2001-09-01,1.8
M,RCH_A,TOTAL,DE,2001-10-01,1.7
M,RCH_A,TOTAL,DE,2001-11-01,1.3
M,RCH_A,TOTAL,DE,2001-12-01,1.4
M,RCH_A,TOTAL,DE,2002-01-01,2.1
M,RCH_A,TOTAL,DE,2002-02-01,1.8
M,RCH_A,TOTAL,DE,2002-03-01,1.9
M,RCH_A,TOTAL,DE,2002-04-01,1.5
M,RCH_A,TOTAL,DE,2002-05-01,1.1
M,RCH_A,TOTAL,DE,2002-06-01,0.9
M,RCH_A,TOTAL,DE,2002-07-01,1
M,RCH_A,TOTAL,DE,2002-08-01,1.1
M,RCH_A,TOTAL,DE,2002-09-01,1.1
M,RCH_A,TOTAL,DE,2002-10-01,1.3
M,RCH_A,TOTAL,DE,2002-11-01,1.1
M,RCH_A,TOTAL,DE,2002-12-01,1.1
M,RCH_A,TOTAL,DE,2003-01-01,1
M,RCH_A,TOTAL,DE,2003-02-01,1.3
M,RCH_A,TOTAL,DE,2003-03-01,1.2
M,RCH_A,TOTAL,DE,2003-04-01,1
M,RCH_A,TOTAL,DE,2003-05-01,0.6
M,RCH_A,TOTAL,DE,2003-06-01,1
M,RCH_A,TOTAL,DE,2003-07-01,0.9
M,RCH_A,TOTAL,DE,2003-08-01,1.1
M,RCH_A,TOTAL,DE,2003-09-01,1.1
M,RCH_A,TOTAL,DE,2003-10-01,1.2
M,RCH_A,TOTAL,DE,2003-11-01,1.3
M,RCH_A,TOTAL,DE,2003-12-01,1.1
M,RCH_A,TOTAL,DE,2004-01-01,1.2
M,RCH_A,TOTAL,DE,2004-02-01,0.8
M,RCH_A,TOTAL,DE,2004-03-01,1.1
M,RCH_A,TOTAL,DE,2004-04-01,1.7
M,RCH_A,TOTAL,DE,2004-05-01,2.2
M,RCH_A,TOTAL,DE,2004-06-01,1.9
M,RCH_A,TOTAL,DE,2004-07-01,2
M,RCH_A,TOTAL,DE,2004-08-01,2.1
M,RCH_A,TOTAL,DE,2004-09-01,1.8
M,RCH_A,TOTAL,DE,2004-10-01,2.2
M,RCH_A,TOTAL,DE,2004-11-01,2
M,RCH_A,TOTAL,DE,2004-12-01,2.2
M,RCH_A,TOTAL,DE,2005-01-01,1.6
M,RCH_A,TOTAL,DE,2005-02-01,1.8
M,RCH_A,TOTAL,DE,2005-03-01,1.8
M,RCH_A,TOTAL,DE,2005-04-01,1.5
M,RCH_A,TOTAL,DE,2005-05-01,1.6
M,RCH_A,TOTAL,DE,2005-06-01,1.8
M,RCH_A,TOTAL,DE,2005-07-01,1.9
M,RCH_A,TOTAL,DE,2005-08-01,1.9
M,RCH_A,TOTAL,DE,2005-09-01,2.6
M,RCH_A,TOTAL,DE,2005-10-01,2.4
M,RCH_A,TOTAL,DE,2005-11-01,2.3
M,RCH_A,TOTAL,DE,2005-12-01,2.2
M,RCH_A,TOTAL,DE,2006-01-01,2.2
M,RCH_A,TOTAL,DE,2006-02-01,2.2
M,RCH_A,TOTAL,DE,2006-03-01,1.8
M,RCH_A,TOTAL,DE,2006-04-01,2.2
M,RCH_A,TOTAL,DE,2006-05-01,2.1
M,RCH_A,TOTAL,DE,2006-06-01,2.1
M,RCH_A,TOTAL,DE,2006-07-01,2.1
M,RCH_A,TOTAL,DE,2006-08-01,1.8
M,RCH_A,TOTAL,DE,2006-09-01,0.9
M,RCH_A,TOTAL,DE,2006-10-01,1.1
M,RCH_A,TOTAL,DE,2006-11-01,1.5
M,RCH_A,TOTAL,DE,2006-12-01,1.4
M,RCH_A,TOTAL,DE,2007-01-01,1.8
M,RCH_A,TOTAL,DE,2007-02-01,1.8
M,RCH_A,TOTAL,DE,2007-03-01,2
M,RCH_A,TOTAL,DE,2007-04-01,2
M,RCH_A,TOTAL,DE,2007-05-01,2
M,RCH_A,TOTAL,DE,2007-06-01,2
M,RCH_A,TOTAL,DE,2007-07-01,2
M,RCH_A,TOTAL,DE,2007-08-01,2
M,RCH_A,TOTAL,DE,2007-09-01,2.6
M,RCH_A,TOTAL,DE,2007-10-01,2.7
M,RCH_A,TOTAL,DE,2007-11-01,3.4
M,RCH_A,TOTAL,DE,2007-12-01,3.1
M,RCH_A,TOTAL,DE,2008-01-01,2.9
M,RCH_A,TOTAL,DE,2008-02-01,3
M,RCH_A,TOTAL,DE,2008-03-01,3.3
M,RCH_A,TOTAL,DE,2008-04-01,2.6
M,RCH_A,TOTAL,DE,2008-05-01,3.1
M,RCH_A,TOTAL,DE,2008-06-01,3.3
M,RCH_A,TOTAL,DE,2008-07-01,3.5
M,RCH_A,TOTAL,DE,2008-08-01,3.3
M,RCH_A,TOTAL,DE,2008-09-01,3
M,RCH_A,TOTAL,DE,2008-10-01,2.5
M,RCH_A,TOTAL,DE,2008-11-01,1.4
M,RCH_A,TOTAL,DE,2008-12-01,1.1
M,RCH_A,TOTAL,DE,2009-01-01,1
M,RCH_A,TOTAL,DE,2009-02-01,1.1
M,RCH_A,TOTAL,DE,2009-03-01,0.3
M,RCH_A,TOTAL,DE,2009-04-01,0.7
M,RCH_A,TOTAL,DE,2009-05-01,-0.1
M,RCH_A,TOTAL,DE,2009-06-01,0
M,RCH_A,TOTAL,DE,2009-07-01,-0.7
M,RCH_A,TOTAL,DE,2009-08-01,-0.1
M,RCH_A,TOTAL,DE,2009-09-01,-0.4
M,RCH_A,TOTAL,DE,2009-10-01,-0.1
M,RCH_A,TOTAL,DE,2009-11-01,0.3
M,RCH_A,TOTAL,DE,2009-12-01,0.9
M,RCH_A,TOTAL,DE,2010-01-01,0.7
M,RCH_A,TOTAL,DE,2010-02-01,0.5
M,RCH_A,TOTAL,DE,2010-03-01,1.2
M,RCH_A,TOTAL,DE,2010-04-01,1
M,RCH_A,TOTAL,DE,2010-05-01,1.2
M,RCH_A,TOTAL,DE,2010-06-01,0.9
M,RCH_A,TOTAL,DE,2010-07-01,1.2
M,RCH_A,TOTAL,DE,2010-08-01,1
M,RCH_A,TOTAL,DE,2010-09-01,1.3
M,RCH_A,TOTAL,DE,2010-10-01,1.3
M,RCH_A,TOTAL,DE,2010-11-01,1.6
M,RCH_A,TOTAL,DE,2010-12-01,1.8
M,RCH_A,TOTAL,DE,2011-01-01,2
M,RCH_A,TOTAL,DE,2011-02-01,2.2
M,RCH_A,TOTAL,DE,2011-03-01,2.3
M,RCH_A,TOTAL,DE,2011-04-01,2.7
M,RCH_A,TOTAL,DE,2011-05-01,2.4
M,RCH_A,TOTAL,DE,2011-06-01,2.4
M,RCH_A,TOTAL,DE,2011-07-01,2.6
M,RCH_A,TOTAL,DE,2011-08-01,2.5
M,RCH_A,TOTAL,DE,2011-09-01,2.8
M,RCH_A,TOTAL,DE,2011-10-01,2.8
M,RCH_A,TOTAL,DE,2011-11-01,2.7
M,RCH_A,TOTAL,DE,2011-12-01,2.3
M,RCH_A,TOTAL,DE,2012-01-01,2.3
M,RCH_A,TOTAL,DE,2012-02-01,2.6
M,RCH_A,TOTAL,DE,2012-03-01,2.4
M,RCH_A,TOTAL,DE,2012-04-01,2.2
M,RCH_A,TOTAL,DE,2012-05-01,2.1
M,RCH_A,TOTAL,DE,2012-06-01,1.9
M,RCH_A,TOTAL,DE,2012-07-01,1.9
M,RCH_A,TOTAL,DE,2012-08-01,2.2
M,RCH_A,TOTAL,DE,2012-09-01,2.1
M,RCH_A,TOTAL,DE,2012-10-01,2
M,RCH_A,TOTAL,DE,2012-11-01,1.9
M,RCH_A,TOTAL,DE,2012-12-01,2
M,RCH_A,TOTAL,DE,2013-01-01,1.9
M,RCH_A,TOTAL,DE,2013-02-01,1.8
M,RCH_A,TOTAL,DE,2013-03-01,1.8
M,RCH_A,TOTAL,DE,2013-04-01,1.1
M,RCH_A,TOTAL,DE,2013-05-01,1.6
M,RCH_A,TOTAL,DE,2013-06-01,1.9
M,RCH_A,TOTAL,DE,2013-07-01,2
M,RCH_A,TOTAL,DE,2013-08-01,1.6
M,RCH_A,TOTAL,DE,2013-09-01,1.5
M,RCH_A,TOTAL,DE,2013-10-01,1.2
M,RCH_A,TOTAL,DE,2013-11-01,1.6
M,RCH_A,TOTAL,DE,2013-12-01,1.3
M,RCH_A,TOTAL,DE,2014-01-01,1.2
M,RCH_A,TOTAL,DE,2014-02-01,1
M,RCH_A,TOTAL,DE,2014-03-01,0.8
M,RCH_A,TOTAL,DE,2014-04-01,1.1
M,RCH_A,TOTAL,DE,2014-05-01,0.7
M,RCH_A,TOTAL,DE,2014-06-01,0.9
M,RCH_A,TOTAL,DE,2014-07-01,0.7
M,RCH_A,TOTAL,DE,2014-08-01,0.8
M,RCH_A,TOTAL,DE,2014-09-01,0.8
M,RCH_A,TOTAL,DE,2014-10-01,0.7
M,RCH_A,TOTAL,DE,2014-11-01,0.5
M,RCH_A,TOTAL,DE,2014-12-01,0.1
M,RCH_A,TOTAL,DE,2015-01-01,-0.5
M,RCH_A,TOTAL,DE,2015-02-01,-0.1
M,RCH_A,TOTAL,DE,2015-03-01,0.2
M,RCH_A,TOTAL,DE,2015-04-01,1.1
M,RCH_A,TOTAL,DE,2015-05-01,1.6
M,RCH_A,TOTAL,DE,2015-06-01,1.2
M,RCH_A,TOTAL,DE,2015-07-01,1.2
M,RCH_A,TOTAL,DE,2015-08-01,1.2
M,RCH_A,TOTAL,DE,2015-09-01,0.9
M,RCH_A,TOTAL,DE,2015-10-01,1.2
M,RCH_A,TOTAL,DE,2015-11-01,0.2
M,RCH_A,TOTAL,DE,2015-12-01,0.2
M,RCH_A,TOTAL,DE,2016-01-01,0.4
M,RCH_A,TOTAL,DE,2016-02-01,-0.1
M,RCH_A,TOTAL,DE,2016-03-01,0.1
M,RCH_A,TOTAL,DE,2016-04-01,-0.3
M,RCH_A,TOTAL,DE,2016-05-01,-0.1
M,RCH_A,TOTAL,DE,2016-06-01,0.1
M,RCH_A,TOTAL,DE,2016-07-01,0.4
M,RCH_A,TOTAL,DE,2016-08-01,0.3
M,RCH_A,TOTAL,DE,2016-09-01,0.5
M,RCH_A,TOTAL,DE,2016-10-01,0.7
M,RCH_A,TOTAL,DE,2016-11-01,0.7
M,RCH_A,TOTAL,DE,2016-12-01,1.6
M,RCH_A,TOTAL,DE,2017-01-01,1.8
M,RCH_A,TOTAL,DE,2017-02-01,2.1
M,RCH_A,TOTAL,DE,2017-03-01,1.5
M,RCH_A,TOTAL,DE,2017-04-01,2
M,RCH_A,TOTAL,DE,2017-05-01,1.4
M,RCH_A,TOTAL,DE,2017-06-01,1.7
M,RCH_A,TOTAL,DE,2017-07-01,1.7
M,RCH_A,TOTAL,DE,2017-08-01,1.9
M,RCH_A,TOTAL,DE,2017-09-01,1.9
M,RCH_A,TOTAL,DE,2017-10-01,1.5
M,RCH_A,TOTAL,DE,2017-11-01,1.8
M,RCH_A,TOTAL,DE,2017-12-01,1.5
M,RCH_A,TOTAL,DE,2018-01-01,1.4
M,RCH_A,TOTAL,DE,2018-02-01,1.2
M,RCH_A,TOTAL,DE,2018-03-01,1.7
M,RCH_A,TOTAL,DE,2018-04-01,1.3
M,RCH_A,TOTAL,DE,2018-05-01,2.4
M,RCH_A,TOTAL,DE,2018-06-01,2
M,RCH_A,TOTAL,DE,2018-07-01,2.2
M,RCH_A,TOTAL,DE,2018-08-01,2.1
M,RCH_A,TOTAL,DE,2018-09-01,2.2
M,RCH_A,TOTAL,DE,2018-10-01,2.6
M,RCH_A,TOTAL,DE,2018-11-01,2.1
M,RCH_A,TOTAL,DE,2018-12-01,1.6
M,RCH_A,TOTAL,DE,2019-01-01,1.7
M,RCH_A,TOTAL,DE,2019-02-01,1.7
M,RCH_A,TOTAL,DE,2019-03-01,1.4
M,RCH_A,TOTAL,DE,2019-04-01,2.1
M,RCH_A,TOTAL,DE,2019-05-01,1.3
M,RCH_A,TOTAL,DE,2019-06-01,1.6
M,RCH_A,TOTAL,DE,2019-07-01,1.2
M,RCH_A,TOTAL,DE,2019-08-01,1
M,RCH_A,TOTAL,DE,2019-09-01,0.9
M,RCH_A,TOTAL,DE,2019-10-01,0.8
M,RCH_A,TOTAL,DE,2019-11-01,1.2
M,RCH_A,TOTAL,DE,2019-12-01,1.6
M,RCH_A,TOTAL,DE,2020-01-01,1.7
M,RCH_A,TOTAL,DE,2020-02-01,1.7
M,RCH_A,TOTAL,DE,2020-03-01,1.3
M,RCH_A,TOTAL,DE,2020-04-01,0.8
M,RCH_A,TOTAL,DE,2020-05-01,0.5
M,RCH_A,TOTAL,DE,2020-06-01,0.8
M,RCH_A,TOTAL,DE,2020-07-01,0
M,RCH_A,TOTAL,DE,2020-08-01,-0.1
M,RCH_A,TOTAL,DE,2020-09-01,-0.4
M,RCH_A,TOTAL,DE,2020-10-01,-0.4
M,RCH_A,TOTAL,DE,2020-11-01,-0.7
M,RCH_A,TOTAL,DE,2020-12-01,-0.6
M,RCH_A,TOTAL,DE,2021-01-01,1.6
M,RCH_A,TOTAL,DE,2021-02-01,1.6
M,RCH_A,TOTAL,DE,2021-03-01,2
M,RCH_A,TOTAL,DE,2021-04-01,2
M,RCH_A,TOTAL,DE,2021-05-01,2.4
M,RCH_A,TOTAL,DE,2021-06-01,2
M,RCH_A,TOTAL,DE,2021-07-01,3.1
M,RCH_A,TOTAL,DE,2021-08-01,3.4
M,RCH_A,TOTAL,DE,2021-09-01,4
M,RCH_A,TOTAL,DE,2021-10-01,4.6
M,RCH_A,TOTAL,DE,2021-11-01,6
M,RCH_A,TOTAL,DE,2021-12-01,5.7
M,RCH_A,TOTAL,DE,2022-01-01,5.1
M,RCH_A,TOTAL,DE,2022-02-01,5.4
M,RCH_A,TOTAL,DE,2022-03-01,7.6
M,RCH_A,TOTAL,DE,2022-04-01,7.9
M,RCH_A,TOTAL,DE,2022-05-01,8.6
M,RCH_A,TOTAL,DE,2022-06-01,8.3
M,RCH_A,TOTAL,DE,2022-07-01,8.4
M,RCH_A,TOTAL,DE,2022-08-01,8.8
M,RCH_A,TOTAL,DE,2022-09-01,11
M,RCH_A,TOTAL,DE,2022-10-01,11.6
M,RCH_A,TOTAL,DE,2022-11-01,11.3
M,RCH_A,TOTAL,DE,2022-12-01,9.6
M,RCH_A,TOTAL,DE,2023-01-01,9.2
M,RCH_A,TOTAL,DE,2023-02-01,9.3
M,RCH_A,TOTAL,DE,2023-03-01,7.7
M,RCH_A,TOTAL,DE,2023-04-01,7.5
M,RCH_A,TOTAL,DE,2023-05-01,6.3
M,RCH_A,TOTAL,DE,2023-06-01,6.7
M,RCH_A,TOTAL,DE,2023-07-01,6.5
M,RCH_A,TOTAL,DE,2023-08-01,6.4
M,RCH_A,TOTAL,DE,2023-09-01,4.3
M,RCH_A,TOTAL,DE,2023-10-01,2.9
M,RCH_A,TOTAL,DE,2023-11-01,2.3
M,RCH_A,TOTAL,DE,2023-12-01,3.7
M,RCH_A,TOTAL,DE,2024-01-01,3
M,RCH_A,TOTAL,DE,2024-02-01,2.7
M,RCH_A,TOTAL,DE,2024-03-01,2.4
M,RCH_A,TOTAL,DE,2024-04-01,2.4
M,RCH_A,TOTAL,DE,2024-05-01,2.8
M,RCH_A,TOTAL,DE,2024-06-01,2.6
M,RCH_A,TOTAL,DE,2024-07-01,2.6
M,RCH_A,TOTAL,DE,2024-08-01,2.1
M,RCH_A,TOTAL,DE,2024-09-01,1.9
M,RCH_A,TOTAL,DE,2024-10-01,2.4
M,RCH_A,TOTAL,DE,2024-11-01,2.4
M,RCH_A,TOTAL,DE,2024-12-01,2.8
M,RCH_A,TOTAL,DE,2025-01-01,2.8
M,RCH_A,TOTAL,DE,2025-02-01,2.6
M,RCH_A,TOTAL,DE,2025-03-01,2.3
M,RCH_A,TOTAL,DE,2025-04-01,2.2
M,RCH_A,TOTAL,DE,2025-05-01,2.1
M,RCH_A,TOTAL,DE,2025-06-01,2
M,RCH_A,TOTAL,DE,2025-07-01,1.9
M,RCH_A,TOTAL,DE,2025-08-01,2
M,RCH_A,TOTAL,DE,2025-09-01,2.3
M,RCH_A,TOTAL,DE,2025-10-01,2.3
M,RCH_A,TOTAL,DE,2025-11-01,2.5
M,RCH_A,TOTAL,DE,2025-12-01,2
M,RCH_A,TOTAL,DE,2026-01-01,2.1
M,RCH_A,TOTAL,DE,2026-02-01,2
M,RCH_A,TOTAL,DE,2026-03-01,2.8
M,RCH_A,TOTAL,DE,2026-04-01,2.9
M,RCH_A,TOTAL,DE,2026-05-01,2.7
M,RCH_A,TOTAL,DE,2026-06-01,2.4
M,RCH_A,TOTAL,DE,2026-07-01,2.8
M,RCH_A,TOTAL,DE,2026-08-01,2.9
M,RCH_A,TOTAL,DE,2026-09-01,3.3
M,RCH_A,TOTAL,EE,1996-01-01,NA
M,RCH_A,TOTAL,EE,1996-02-01,NA
M,RCH_A,TOTAL,EE,1996-03-01,NA
M,RCH_A,TOTAL,EE,1996-04-01,NA
M,RCH_A,TOTAL,EE,1996-05-01,NA
M,RCH_A,TOTAL,EE,1996-06-01,NA
M,RCH_A,TOTAL,EE,1996-07-01,NA
M,RCH_A,TOTAL,EE,1996-08-01,NA
M,RCH_A,TOTAL,EE,1996-09-01,NA
M,RCH_A,TOTAL,EE,1996-10-01,NA
M,RCH_A,TOTAL,EE,1996-11-01,NA
M,RCH_A,TOTAL,EE,1996-12-01,NA
M,RCH_A,TOTAL,EE,1997-01-01,10.9
M,RCH_A,TOTAL,EE,1997-02-01,8.1
M,RCH_A,TOTAL,EE,1997-03-01,7.3
M,RCH_A,TOTAL,EE,1997-04-01,7
M,RCH_A,TOTAL,EE,1997-05-01,8.5
M,RCH_A,TOTAL,EE,1997-06-01,8.5
M,RCH_A,TOTAL,EE,1997-07-01,8.7
M,RCH_A,TOTAL,EE,1997-08-01,10.2
M,RCH_A,TOTAL,EE,1997-09-01,10.2
M,RCH_A,TOTAL,EE,1997-10-01,10.6
M,RCH_A,TOTAL,EE,1997-11-01,10.8
M,RCH_A,TOTAL,EE,1997-12-01,11
M,RCH_A,TOTAL,EE,1998-01-01,11.5
M,RCH_A,TOTAL,EE,1998-02-01,11.9
M,RCH_A,TOTAL,EE,1998-03-01,11.9
M,RCH_A,TOTAL,EE,1998-04-01,10.8
M,RCH_A,TOTAL,EE,1998-05-01,9.2
M,RCH_A,TOTAL,EE,1998-06-01,8.7
M,RCH_A,TOTAL,EE,1998-07-01,8.8
M,RCH_A,TOTAL,EE,1998-08-01,8.2
M,RCH_A,TOTAL,EE,1998-09-01,7.5
M,RCH_A,TOTAL,EE,1998-10-01,6.7
M,RCH_A,TOTAL,EE,1998-11-01,5.8
M,RCH_A,TOTAL,EE,1998-12-01,5.1
M,RCH_A,TOTAL,EE,1999-01-01,4.5
M,RCH_A,TOTAL,EE,1999-02-01,3.7
M,RCH_A,TOTAL,EE,1999-03-01,3.3
M,RCH_A,TOTAL,EE,1999-04-01,3.1
M,RCH_A,TOTAL,EE,1999-05-01,3.1
M,RCH_A,TOTAL,EE,1999-06-01,2.9
M,RCH_A,TOTAL,EE,1999-07-01,2.4
M,RCH_A,TOTAL,EE,1999-08-01,2.3
M,RCH_A,TOTAL,EE,1999-09-01,2.5
M,RCH_A,TOTAL,EE,1999-10-01,2.6
M,RCH_A,TOTAL,EE,1999-11-01,3
M,RCH_A,TOTAL,EE,1999-12-01,3.7
M,RCH_A,TOTAL,EE,2000-01-01,3.1
M,RCH_A,TOTAL,EE,2000-02-01,2.9
M,RCH_A,TOTAL,EE,2000-03-01,3.1
M,RCH_A,TOTAL,EE,2000-04-01,3
M,RCH_A,TOTAL,EE,2000-05-01,2.8
M,RCH_A,TOTAL,EE,2000-06-01,3.1
M,RCH_A,TOTAL,EE,2000-07-01,4.1
M,RCH_A,TOTAL,EE,2000-08-01,4.4
M,RCH_A,TOTAL,EE,2000-09-01,4.7
M,RCH_A,TOTAL,EE,2000-10-01,5.4
M,RCH_A,TOTAL,EE,2000-11-01,5.7
M,RCH_A,TOTAL,EE,2000-12-01,5
M,RCH_A,TOTAL,EE,2001-01-01,5.6
M,RCH_A,TOTAL,EE,2001-02-01,5.9
M,RCH_A,TOTAL,EE,2001-03-01,5.7
M,RCH_A,TOTAL,EE,2001-04-01,6.3
M,RCH_A,TOTAL,EE,2001-05-01,6.8
M,RCH_A,TOTAL,EE,2001-06-01,6.7
M,RCH_A,TOTAL,EE,2001-07-01,5.9
M,RCH_A,TOTAL,EE,2001-08-01,5.8
M,RCH_A,TOTAL,EE,2001-09-01,5.7
M,RCH_A,TOTAL,EE,2001-10-01,4.8
M,RCH_A,TOTAL,EE,2001-11-01,4.2
M,RCH_A,TOTAL,EE,2001-12-01,4.2
M,RCH_A,TOTAL,EE,2002-01-01,4.3
M,RCH_A,TOTAL,EE,2002-02-01,4.5
M,RCH_A,TOTAL,EE,2002-03-01,4.4
M,RCH_A,TOTAL,EE,2002-04-01,4.5
M,RCH_A,TOTAL,EE,2002-05-01,4.1
M,RCH_A,TOTAL,EE,2002-06-01,3.8
M,RCH_A,TOTAL,EE,2002-07-01,3.3
M,RCH_A,TOTAL,EE,2002-08-01,2.7
M,RCH_A,TOTAL,EE,2002-09-01,2.7
M,RCH_A,TOTAL,EE,2002-10-01,3.1
M,RCH_A,TOTAL,EE,2002-11-01,3
M,RCH_A,TOTAL,EE,2002-12-01,2.7
M,RCH_A,TOTAL,EE,2003-01-01,2.5
M,RCH_A,TOTAL,EE,2003-02-01,2.3
M,RCH_A,TOTAL,EE,2003-03-01,2.1
M,RCH_A,TOTAL,EE,2003-04-01,1.2
M,RCH_A,TOTAL,EE,2003-05-01,0.7
M,RCH_A,TOTAL,EE,2003-06-01,0.4
M,RCH_A,TOTAL,EE,2003-07-01,0.9
M,RCH_A,TOTAL,EE,2003-08-01,1.4
M,RCH_A,TOTAL,EE,2003-09-01,1.5
M,RCH_A,TOTAL,EE,2003-10-01,1.2
M,RCH_A,TOTAL,EE,2003-11-01,1.2
M,RCH_A,TOTAL,EE,2003-12-01,1.2
M,RCH_A,TOTAL,EE,2004-01-01,0.7
M,RCH_A,TOTAL,EE,2004-02-01,0.6
M,RCH_A,TOTAL,EE,2004-03-01,0.7
M,RCH_A,TOTAL,EE,2004-04-01,1.5
M,RCH_A,TOTAL,EE,2004-05-01,3.7
M,RCH_A,TOTAL,EE,2004-06-01,4.4
M,RCH_A,TOTAL,EE,2004-07-01,4
M,RCH_A,TOTAL,EE,2004-08-01,3.9
M,RCH_A,TOTAL,EE,2004-09-01,3.8
M,RCH_A,TOTAL,EE,2004-10-01,4
M,RCH_A,TOTAL,EE,2004-11-01,4.5
M,RCH_A,TOTAL,EE,2004-12-01,4.8
M,RCH_A,TOTAL,EE,2005-01-01,4.2
M,RCH_A,TOTAL,EE,2005-02-01,4.5
M,RCH_A,TOTAL,EE,2005-03-01,4.9
M,RCH_A,TOTAL,EE,2005-04-01,4.6
M,RCH_A,TOTAL,EE,2005-05-01,2.9
M,RCH_A,TOTAL,EE,2005-06-01,3.2
M,RCH_A,TOTAL,EE,2005-07-01,3.8
M,RCH_A,TOTAL,EE,2005-08-01,4.2
M,RCH_A,TOTAL,EE,2005-09-01,4.9
M,RCH_A,TOTAL,EE,2005-10-01,4.5
M,RCH_A,TOTAL,EE,2005-11-01,4
M,RCH_A,TOTAL,EE,2005-12-01,3.7
M,RCH_A,TOTAL,EE,2006-01-01,4.6
M,RCH_A,TOTAL,EE,2006-02-01,4.5
M,RCH_A,TOTAL,EE,2006-03-01,4
M,RCH_A,TOTAL,EE,2006-04-01,4.3
M,RCH_A,TOTAL,EE,2006-05-01,4.6
M,RCH_A,TOTAL,EE,2006-06-01,4.4
M,RCH_A,TOTAL,EE,2006-07-01,4.5
M,RCH_A,TOTAL,EE,2006-08-01,5
M,RCH_A,TOTAL,EE,2006-09-01,3.8
M,RCH_A,TOTAL,EE,2006-10-01,3.8
M,RCH_A,TOTAL,EE,2006-11-01,4.6
M,RCH_A,TOTAL,EE,2006-12-01,5.1
M,RCH_A,TOTAL,EE,2007-01-01,5
M,RCH_A,TOTAL,EE,2007-02-01,4.6
M,RCH_A,TOTAL,EE,2007-03-01,5.6
M,RCH_A,TOTAL,EE,2007-04-01,5.6
M,RCH_A,TOTAL,EE,2007-05-01,5.9
M,RCH_A,TOTAL,EE,2007-06-01,6
M,RCH_A,TOTAL,EE,2007-07-01,6.5
M,RCH_A,TOTAL,EE,2007-08-01,6.1
M,RCH_A,TOTAL,EE,2007-09-01,7.5
M,RCH_A,TOTAL,EE,2007-10-01,8.7
M,RCH_A,TOTAL,EE,2007-11-01,9.3
M,RCH_A,TOTAL,EE,2007-12-01,9.7
M,RCH_A,TOTAL,EE,2008-01-01,11.3
M,RCH_A,TOTAL,EE,2008-02-01,11.5
M,RCH_A,TOTAL,EE,2008-03-01,11.2
M,RCH_A,TOTAL,EE,2008-04-01,11.6
M,RCH_A,TOTAL,EE,2008-05-01,11.4
M,RCH_A,TOTAL,EE,2008-06-01,11.5
M,RCH_A,TOTAL,EE,2008-07-01,11.2
M,RCH_A,TOTAL,EE,2008-08-01,11.1
M,RCH_A,TOTAL,EE,2008-09-01,10.8
M,RCH_A,TOTAL,EE,2008-10-01,10.1
M,RCH_A,TOTAL,EE,2008-11-01,8.5
M,RCH_A,TOTAL,EE,2008-12-01,7.5
M,RCH_A,TOTAL,EE,2009-01-01,4.7
M,RCH_A,TOTAL,EE,2009-02-01,3.9
M,RCH_A,TOTAL,EE,2009-03-01,2.5
M,RCH_A,TOTAL,EE,2009-04-01,0.9
M,RCH_A,TOTAL,EE,2009-05-01,0.3
M,RCH_A,TOTAL,EE,2009-06-01,-0.5
M,RCH_A,TOTAL,EE,2009-07-01,-0.4
M,RCH_A,TOTAL,EE,2009-08-01,-0.7
M,RCH_A,TOTAL,EE,2009-09-01,-1.7
M,RCH_A,TOTAL,EE,2009-10-01,-2.1
M,RCH_A,TOTAL,EE,2009-11-01,-2.1
M,RCH_A,TOTAL,EE,2009-12-01,-1.9
M,RCH_A,TOTAL,EE,2010-01-01,-1
M,RCH_A,TOTAL,EE,2010-02-01,-0.3
M,RCH_A,TOTAL,EE,2010-03-01,1.4
M,RCH_A,TOTAL,EE,2010-04-01,2.5
M,RCH_A,TOTAL,EE,2010-05-01,2.8
M,RCH_A,TOTAL,EE,2010-06-01,3.4
M,RCH_A,TOTAL,EE,2010-07-01,2.7
M,RCH_A,TOTAL,EE,2010-08-01,2.8
M,RCH_A,TOTAL,EE,2010-09-01,3.8
M,RCH_A,TOTAL,EE,2010-10-01,4.4
M,RCH_A,TOTAL,EE,2010-11-01,5.1
M,RCH_A,TOTAL,EE,2010-12-01,5.4
M,RCH_A,TOTAL,EE,2011-01-01,5.1
M,RCH_A,TOTAL,EE,2011-02-01,5.5
M,RCH_A,TOTAL,EE,2011-03-01,5.1
M,RCH_A,TOTAL,EE,2011-04-01,5.4
M,RCH_A,TOTAL,EE,2011-05-01,5.5
M,RCH_A,TOTAL,EE,2011-06-01,4.9
M,RCH_A,TOTAL,EE,2011-07-01,5.3
M,RCH_A,TOTAL,EE,2011-08-01,5.6
M,RCH_A,TOTAL,EE,2011-09-01,5.3
M,RCH_A,TOTAL,EE,2011-10-01,4.7
M,RCH_A,TOTAL,EE,2011-11-01,4.4
M,RCH_A,TOTAL,EE,2011-12-01,4.1
M,RCH_A,TOTAL,EE,2012-01-01,4.7
M,RCH_A,TOTAL,EE,2012-02-01,4.4
M,RCH_A,TOTAL,EE,2012-03-01,4.6
M,RCH_A,TOTAL,EE,2012-04-01,4.3
M,RCH_A,TOTAL,EE,2012-05-01,4.1
M,RCH_A,TOTAL,EE,2012-06-01,4.4
M,RCH_A,TOTAL,EE,2012-07-01,4.1
M,RCH_A,TOTAL,EE,2012-08-01,4.2
M,RCH_A,TOTAL,EE,2012-09-01,4.1
M,RCH_A,TOTAL,EE,2012-10-01,4.2
M,RCH_A,TOTAL,EE,2012-11-01,3.8
M,RCH_A,TOTAL,EE,2012-12-01,3.6
M,RCH_A,TOTAL,EE,2013-01-01,3.7
M,RCH_A,TOTAL,EE,2013-02-01,4
M,RCH_A,TOTAL,EE,2013-03-01,3.8
M,RCH_A,TOTAL,EE,2013-04-01,3.4
M,RCH_A,TOTAL,EE,2013-05-01,3.6
M,RCH_A,TOTAL,EE,2013-06-01,4.1
M,RCH_A,TOTAL,EE,2013-07-01,4
M,RCH_A,TOTAL,EE,2013-08-01,3.6
M,RCH_A,TOTAL,EE,2013-09-01,2.6
M,RCH_A,TOTAL,EE,2013-10-01,2.2
M,RCH_A,TOTAL,EE,2013-11-01,2.1
M,RCH_A,TOTAL,EE,2013-12-01,2
M,RCH_A,TOTAL,EE,2014-01-01,1.6
M,RCH_A,TOTAL,EE,2014-02-01,1.1
M,RCH_A,TOTAL,EE,2014-03-01,0.7
M,RCH_A,TOTAL,EE,2014-04-01,0.8
M,RCH_A,TOTAL,EE,2014-05-01,0.6
M,RCH_A,TOTAL,EE,2014-06-01,0.4
M,RCH_A,TOTAL,EE,2014-07-01,0
M,RCH_A,TOTAL,EE,2014-08-01,-0.2
M,RCH_A,TOTAL,EE,2014-09-01,0.2
M,RCH_A,TOTAL,EE,2014-10-01,0.5
M,RCH_A,TOTAL,EE,2014-11-01,0
M,RCH_A,TOTAL,EE,2014-12-01,0.1
M,RCH_A,TOTAL,EE,2015-01-01,-0.5
M,RCH_A,TOTAL,EE,2015-02-01,-0.2
M,RCH_A,TOTAL,EE,2015-03-01,0
M,RCH_A,TOTAL,EE,2015-04-01,0.4
M,RCH_A,TOTAL,EE,2015-05-01,0.5
M,RCH_A,TOTAL,EE,2015-06-01,0.3
M,RCH_A,TOTAL,EE,2015-07-01,0.1
M,RCH_A,TOTAL,EE,2015-08-01,0.2
M,RCH_A,TOTAL,EE,2015-09-01,-0.3
M,RCH_A,TOTAL,EE,2015-10-01,0
M,RCH_A,TOTAL,EE,2015-11-01,0.5
M,RCH_A,TOTAL,EE,2015-12-01,-0.2
M,RCH_A,TOTAL,EE,2016-01-01,0.1
M,RCH_A,TOTAL,EE,2016-02-01,0.4
M,RCH_A,TOTAL,EE,2016-03-01,0.5
M,RCH_A,TOTAL,EE,2016-04-01,0
M,RCH_A,TOTAL,EE,2016-05-01,0
M,RCH_A,TOTAL,EE,2016-06-01,0.4
M,RCH_A,TOTAL,EE,2016-07-01,0.8
M,RCH_A,TOTAL,EE,2016-08-01,1.1
M,RCH_A,TOTAL,EE,2016-09-01,1.7
M,RCH_A,TOTAL,EE,2016-10-01,1
M,RCH_A,TOTAL,EE,2016-11-01,1.4
M,RCH_A,TOTAL,EE,2016-12-01,2.3
M,RCH_A,TOTAL,EE,2017-01-01,2.8
M,RCH_A,TOTAL,EE,2017-02-01,3.4
M,RCH_A,TOTAL,EE,2017-03-01,3
M,RCH_A,TOTAL,EE,2017-04-01,3.5
M,RCH_A,TOTAL,EE,2017-05-01,3.5
M,RCH_A,TOTAL,EE,2017-06-01,3.1
M,RCH_A,TOTAL,EE,2017-07-01,3.9
M,RCH_A,TOTAL,EE,2017-08-01,4.2
M,RCH_A,TOTAL,EE,2017-09-01,3.9
M,RCH_A,TOTAL,EE,2017-10-01,4
M,RCH_A,TOTAL,EE,2017-11-01,4.5
M,RCH_A,TOTAL,EE,2017-12-01,3.8
M,RCH_A,TOTAL,EE,2018-01-01,3.6
M,RCH_A,TOTAL,EE,2018-02-01,3.2
M,RCH_A,TOTAL,EE,2018-03-01,2.9
M,RCH_A,TOTAL,EE,2018-04-01,2.9
M,RCH_A,TOTAL,EE,2018-05-01,3.1
M,RCH_A,TOTAL,EE,2018-06-01,3.9
M,RCH_A,TOTAL,EE,2018-07-01,3.3
M,RCH_A,TOTAL,EE,2018-08-01,3.5
M,RCH_A,TOTAL,EE,2018-09-01,3.5
M,RCH_A,TOTAL,EE,2018-10-01,4.5
M,RCH_A,TOTAL,EE,2018-11-01,3.2
M,RCH_A,TOTAL,EE,2018-12-01,3.3
M,RCH_A,TOTAL,EE,2019-01-01,2.7
M,RCH_A,TOTAL,EE,2019-02-01,1.9
M,RCH_A,TOTAL,EE,2019-03-01,2.2
M,RCH_A,TOTAL,EE,2019-04-01,3.2
M,RCH_A,TOTAL,EE,2019-05-01,3.1
M,RCH_A,TOTAL,EE,2019-06-01,2.6
M,RCH_A,TOTAL,EE,2019-07-01,2
M,RCH_A,TOTAL,EE,2019-08-01,2.1
M,RCH_A,TOTAL,EE,2019-09-01,2.2
M,RCH_A,TOTAL,EE,2019-10-01,1.4
M,RCH_A,TOTAL,EE,2019-11-01,1.8
M,RCH_A,TOTAL,EE,2019-12-01,1.8
M,RCH_A,TOTAL,EE,2020-01-01,1.6
M,RCH_A,TOTAL,EE,2020-02-01,2
M,RCH_A,TOTAL,EE,2020-03-01,1
M,RCH_A,TOTAL,EE,2020-04-01,-0.9
M,RCH_A,TOTAL,EE,2020-05-01,-1.8
M,RCH_A,TOTAL,EE,2020-06-01,-1.6
M,RCH_A,TOTAL,EE,2020-07-01,-1.3
M,RCH_A,TOTAL,EE,2020-08-01,-1.3
M,RCH_A,TOTAL,EE,2020-09-01,-1.3
M,RCH_A,TOTAL,EE,2020-10-01,-1.7
M,RCH_A,TOTAL,EE,2020-11-01,-1.2
M,RCH_A,TOTAL,EE,2020-12-01,-0.9
M,RCH_A,TOTAL,EE,2021-01-01,0.3
M,RCH_A,TOTAL,EE,2021-02-01,0.5
M,RCH_A,TOTAL,EE,2021-03-01,0.9
M,RCH_A,TOTAL,EE,2021-04-01,1.6
M,RCH_A,TOTAL,EE,2021-05-01,3.2
M,RCH_A,TOTAL,EE,2021-06-01,3.7
M,RCH_A,TOTAL,EE,2021-07-01,4.9
M,RCH_A,TOTAL,EE,2021-08-01,5
M,RCH_A,TOTAL,EE,2021-09-01,6.4
M,RCH_A,TOTAL,EE,2021-10-01,6.8
M,RCH_A,TOTAL,EE,2021-11-01,8.6
M,RCH_A,TOTAL,EE,2021-12-01,12
M,RCH_A,TOTAL,EE,2022-01-01,11
M,RCH_A,TOTAL,EE,2022-02-01,11.6
M,RCH_A,TOTAL,EE,2022-03-01,14.8
M,RCH_A,TOTAL,EE,2022-04-01,19.1
M,RCH_A,TOTAL,EE,2022-05-01,20.1
M,RCH_A,TOTAL,EE,2022-06-01,22
M,RCH_A,TOTAL,EE,2022-07-01,23.2
M,RCH_A,TOTAL,EE,2022-08-01,25.2
M,RCH_A,TOTAL,EE,2022-09-01,24.1
M,RCH_A,TOTAL,EE,2022-10-01,22.5
M,RCH_A,TOTAL,EE,2022-11-01,21.4
M,RCH_A,TOTAL,EE,2022-12-01,17.5
M,RCH_A,TOTAL,EE,2023-01-01,18.6
M,RCH_A,TOTAL,EE,2023-02-01,17.8
M,RCH_A,TOTAL,EE,2023-03-01,15.6
M,RCH_A,TOTAL,EE,2023-04-01,13.2
M,RCH_A,TOTAL,EE,2023-05-01,11.2
M,RCH_A,TOTAL,EE,2023-06-01,9
M,RCH_A,TOTAL,EE,2023-07-01,6.2
M,RCH_A,TOTAL,EE,2023-08-01,4.3
M,RCH_A,TOTAL,EE,2023-09-01,3.9
M,RCH_A,TOTAL,EE,2023-10-01,5
M,RCH_A,TOTAL,EE,2023-11-01,4.1
M,RCH_A,TOTAL,EE,2023-12-01,4.3
M,RCH_A,TOTAL,EE,2024-01-01,5
M,RCH_A,TOTAL,EE,2024-02-01,4.4
M,RCH_A,TOTAL,EE,2024-03-01,4.1
M,RCH_A,TOTAL,EE,2024-04-01,3.2
M,RCH_A,TOTAL,EE,2024-05-01,3.1
M,RCH_A,TOTAL,EE,2024-06-01,2.8
M,RCH_A,TOTAL,EE,2024-07-01,3.5
M,RCH_A,TOTAL,EE,2024-08-01,3.4
M,RCH_A,TOTAL,EE,2024-09-01,3.2
M,RCH_A,TOTAL,EE,2024-10-01,4.5
M,RCH_A,TOTAL,EE,2024-11-01,3.8
M,RCH_A,TOTAL,EE,2024-12-01,4.1
M,RCH_A,TOTAL,EE,2025-01-01,3.8
M,RCH_A,TOTAL,EE,2025-02-01,5.1
M,RCH_A,TOTAL,EE,2025-03-01,4.3
M,RCH_A,TOTAL,EE,2025-04-01,4.4
M,RCH_A,TOTAL,EE,2025-05-01,4.6
M,RCH_A,TOTAL,EE,2025-06-01,5.2
M,RCH_A,TOTAL,EE,2025-07-01,5.6
M,RCH_A,TOTAL,EE,2025-08-01,6.2
M,RCH_A,TOTAL,EE,2025-09-01,5.3
M,RCH_A,TOTAL,EE,2025-10-01,4.5
M,RCH_A,TOTAL,EE,2025-11-01,4.7
M,RCH_A,TOTAL,EE,2025-12-01,4
M,RCH_A,TOTAL,EE,2026-01-01,3.8
M,RCH_A,TOTAL,EE,2026-02-01,3.2
M,RCH_A,TOTAL,EE,2026-03-01,3.5
M,RCH_A,TOTAL,EE,2026-04-01,3.2
M,RCH_A,TOTAL,EE,2026-05-01,3.6
M,RCH_A,TOTAL,EE,2026-06-01,2
M,RCH_A,TOTAL,EE,2026-07-01,2
M,RCH_A,TOTAL,EE,2026-08-01,1.3
M,RCH_A,TOTAL,EE,2026-09-01,3
M,RCH_A,TOTAL,IE,1996-01-01,NA
M,RCH_A,TOTAL,IE,1996-02-01,NA
M,RCH_A,TOTAL,IE,1996-03-01,NA
M,RCH_A,TOTAL,IE,1996-04-01,NA
M,RCH_A,TOTAL,IE,1996-05-01,NA
M,RCH_A,TOTAL,IE,1996-06-01,NA
M,RCH_A,TOTAL,IE,1996-07-01,NA
M,RCH_A,TOTAL,IE,1996-08-01,NA
M,RCH_A,TOTAL,IE,1996-09-01,NA
M,RCH_A,TOTAL,IE,1996-10-01,NA
M,RCH_A,TOTAL,IE,1996-11-01,NA
M,RCH_A,TOTAL,IE,1996-12-01,NA
M,RCH_A,TOTAL,IE,1997-01-01,1.8
M,RCH_A,TOTAL,IE,1997-02-01,1.7
M,RCH_A,TOTAL,IE,1997-03-01,1.3
M,RCH_A,TOTAL,IE,1997-04-01,1.6
M,RCH_A,TOTAL,IE,1997-05-01,1.5
M,RCH_A,TOTAL,IE,1997-06-01,1.4
M,RCH_A,TOTAL,IE,1997-07-01,1.6
M,RCH_A,TOTAL,IE,1997-08-01,0.7
M,RCH_A,TOTAL,IE,1997-09-01,0.6
M,RCH_A,TOTAL,IE,1997-10-01,0.9
M,RCH_A,TOTAL,IE,1997-11-01,1
M,RCH_A,TOTAL,IE,1997-12-01,1
M,RCH_A,TOTAL,IE,1998-01-01,1.3
M,RCH_A,TOTAL,IE,1998-02-01,1
M,RCH_A,TOTAL,IE,1998-03-01,1.6
M,RCH_A,TOTAL,IE,1998-04-01,2
M,RCH_A,TOTAL,IE,1998-05-01,2.3
M,RCH_A,TOTAL,IE,1998-06-01,2.6
M,RCH_A,TOTAL,IE,1998-07-01,2.4
M,RCH_A,TOTAL,IE,1998-08-01,2.9
M,RCH_A,TOTAL,IE,1998-09-01,2.7
M,RCH_A,TOTAL,IE,1998-10-01,2.6
M,RCH_A,TOTAL,IE,1998-11-01,2.3
M,RCH_A,TOTAL,IE,1998-12-01,2.1
M,RCH_A,TOTAL,IE,1999-01-01,2
M,RCH_A,TOTAL,IE,1999-02-01,2.3
M,RCH_A,TOTAL,IE,1999-03-01,2
M,RCH_A,TOTAL,IE,1999-04-01,1.9
M,RCH_A,TOTAL,IE,1999-05-01,2.4
M,RCH_A,TOTAL,IE,1999-06-01,2.1
M,RCH_A,TOTAL,IE,1999-07-01,2
M,RCH_A,TOTAL,IE,1999-08-01,2.5
M,RCH_A,TOTAL,IE,1999-09-01,2.6
M,RCH_A,TOTAL,IE,1999-10-01,2.8
M,RCH_A,TOTAL,IE,1999-11-01,2.9
M,RCH_A,TOTAL,IE,1999-12-01,3.9
M,RCH_A,TOTAL,IE,2000-01-01,4.5
M,RCH_A,TOTAL,IE,2000-02-01,4.6
M,RCH_A,TOTAL,IE,2000-03-01,5
M,RCH_A,TOTAL,IE,2000-04-01,5.1
M,RCH_A,TOTAL,IE,2000-05-01,5
M,RCH_A,TOTAL,IE,2000-06-01,5.4
M,RCH_A,TOTAL,IE,2000-07-01,5.9
M,RCH_A,TOTAL,IE,2000-08-01,5.7
M,RCH_A,TOTAL,IE,2000-09-01,5.5
M,RCH_A,TOTAL,IE,2000-10-01,5.9
M,RCH_A,TOTAL,IE,2000-11-01,5.9
M,RCH_A,TOTAL,IE,2000-12-01,4.7
M,RCH_A,TOTAL,IE,2001-01-01,3.9
M,RCH_A,TOTAL,IE,2001-02-01,4
M,RCH_A,TOTAL,IE,2001-03-01,4.1
M,RCH_A,TOTAL,IE,2001-04-01,4.2
M,RCH_A,TOTAL,IE,2001-05-01,4.2
M,RCH_A,TOTAL,IE,2001-06-01,4.3
M,RCH_A,TOTAL,IE,2001-07-01,4
M,RCH_A,TOTAL,IE,2001-08-01,3.7
M,RCH_A,TOTAL,IE,2001-09-01,3.9
M,RCH_A,TOTAL,IE,2001-10-01,3.8
M,RCH_A,TOTAL,IE,2001-11-01,3.6
M,RCH_A,TOTAL,IE,2001-12-01,4.3
M,RCH_A,TOTAL,IE,2002-01-01,5.3
M,RCH_A,TOTAL,IE,2002-02-01,5
M,RCH_A,TOTAL,IE,2002-03-01,5.1
M,RCH_A,TOTAL,IE,2002-04-01,5.1
M,RCH_A,TOTAL,IE,2002-05-01,5
M,RCH_A,TOTAL,IE,2002-06-01,4.5
M,RCH_A,TOTAL,IE,2002-07-01,4.1
M,RCH_A,TOTAL,IE,2002-08-01,4.5
M,RCH_A,TOTAL,IE,2002-09-01,4.4
M,RCH_A,TOTAL,IE,2002-10-01,4.4
M,RCH_A,TOTAL,IE,2002-11-01,4.6
M,RCH_A,TOTAL,IE,2002-12-01,4.5
M,RCH_A,TOTAL,IE,2003-01-01,4.8
M,RCH_A,TOTAL,IE,2003-02-01,5.1
M,RCH_A,TOTAL,IE,2003-03-01,4.9
M,RCH_A,TOTAL,IE,2003-04-01,4.5
M,RCH_A,TOTAL,IE,2003-05-01,3.9
M,RCH_A,TOTAL,IE,2003-06-01,3.7
M,RCH_A,TOTAL,IE,2003-07-01,3.9
M,RCH_A,TOTAL,IE,2003-08-01,4
M,RCH_A,TOTAL,IE,2003-09-01,3.8
M,RCH_A,TOTAL,IE,2003-10-01,3.3
M,RCH_A,TOTAL,IE,2003-11-01,3.3
M,RCH_A,TOTAL,IE,2003-12-01,3
M,RCH_A,TOTAL,IE,2004-01-01,2.2
M,RCH_A,TOTAL,IE,2004-02-01,2.2
M,RCH_A,TOTAL,IE,2004-03-01,1.8
M,RCH_A,TOTAL,IE,2004-04-01,1.7
M,RCH_A,TOTAL,IE,2004-05-01,2.1
M,RCH_A,TOTAL,IE,2004-06-01,2.5
M,RCH_A,TOTAL,IE,2004-07-01,2.5
M,RCH_A,TOTAL,IE,2004-08-01,2.5
M,RCH_A,TOTAL,IE,2004-09-01,2.4
M,RCH_A,TOTAL,IE,2004-10-01,2.5
M,RCH_A,TOTAL,IE,2004-11-01,2.7
M,RCH_A,TOTAL,IE,2004-12-01,2.4
M,RCH_A,TOTAL,IE,2005-01-01,2.1
M,RCH_A,TOTAL,IE,2005-02-01,2
M,RCH_A,TOTAL,IE,2005-03-01,1.9
M,RCH_A,TOTAL,IE,2005-04-01,2.1
M,RCH_A,TOTAL,IE,2005-05-01,2.1
M,RCH_A,TOTAL,IE,2005-06-01,2
M,RCH_A,TOTAL,IE,2005-07-01,2.2
M,RCH_A,TOTAL,IE,2005-08-01,2.1
M,RCH_A,TOTAL,IE,2005-09-01,2.8
M,RCH_A,TOTAL,IE,2005-10-01,2.7
M,RCH_A,TOTAL,IE,2005-11-01,2.2
M,RCH_A,TOTAL,IE,2005-12-01,1.9
M,RCH_A,TOTAL,IE,2006-01-01,2.3
M,RCH_A,TOTAL,IE,2006-02-01,2.7
M,RCH_A,TOTAL,IE,2006-03-01,2.8
M,RCH_A,TOTAL,IE,2006-04-01,2.7
M,RCH_A,TOTAL,IE,2006-05-01,3.1
M,RCH_A,TOTAL,IE,2006-06-01,2.9
M,RCH_A,TOTAL,IE,2006-07-01,3
M,RCH_A,TOTAL,IE,2006-08-01,3.1
M,RCH_A,TOTAL,IE,2006-09-01,2.2
M,RCH_A,TOTAL,IE,2006-10-01,2.2
M,RCH_A,TOTAL,IE,2006-11-01,2.4
M,RCH_A,TOTAL,IE,2006-12-01,3
M,RCH_A,TOTAL,IE,2007-01-01,3
M,RCH_A,TOTAL,IE,2007-02-01,2.6
M,RCH_A,TOTAL,IE,2007-03-01,3
M,RCH_A,TOTAL,IE,2007-04-01,2.9
M,RCH_A,TOTAL,IE,2007-05-01,2.7
M,RCH_A,TOTAL,IE,2007-06-01,2.8
M,RCH_A,TOTAL,IE,2007-07-01,2.6
M,RCH_A,TOTAL,IE,2007-08-01,2.4
M,RCH_A,TOTAL,IE,2007-09-01,2.9
M,RCH_A,TOTAL,IE,2007-10-01,3
M,RCH_A,TOTAL,IE,2007-11-01,3.5
M,RCH_A,TOTAL,IE,2007-12-01,3.1
M,RCH_A,TOTAL,IE,2008-01-01,3.1
M,RCH_A,TOTAL,IE,2008-02-01,3.5
M,RCH_A,TOTAL,IE,2008-03-01,3.8
M,RCH_A,TOTAL,IE,2008-04-01,3.4
M,RCH_A,TOTAL,IE,2008-05-01,3.7
M,RCH_A,TOTAL,IE,2008-06-01,3.9
M,RCH_A,TOTAL,IE,2008-07-01,3.6
M,RCH_A,TOTAL,IE,2008-08-01,3.2
M,RCH_A,TOTAL,IE,2008-09-01,3.2
M,RCH_A,TOTAL,IE,2008-10-01,2.8
M,RCH_A,TOTAL,IE,2008-11-01,2.1
M,RCH_A,TOTAL,IE,2008-12-01,1.3
M,RCH_A,TOTAL,IE,2009-01-01,1.2
M,RCH_A,TOTAL,IE,2009-02-01,0.1
M,RCH_A,TOTAL,IE,2009-03-01,-0.7
M,RCH_A,TOTAL,IE,2009-04-01,-0.8
M,RCH_A,TOTAL,IE,2009-05-01,-1.7
M,RCH_A,TOTAL,IE,2009-06-01,-2.1
M,RCH_A,TOTAL,IE,2009-07-01,-2.5
M,RCH_A,TOTAL,IE,2009-08-01,-2.4
M,RCH_A,TOTAL,IE,2009-09-01,-3
M,RCH_A,TOTAL,IE,2009-10-01,-2.9
M,RCH_A,TOTAL,IE,2009-11-01,-2.8
M,RCH_A,TOTAL,IE,2009-12-01,-2.6
M,RCH_A,TOTAL,IE,2010-01-01,-2.5
M,RCH_A,TOTAL,IE,2010-02-01,-2.5
M,RCH_A,TOTAL,IE,2010-03-01,-2.5
M,RCH_A,TOTAL,IE,2010-04-01,-2.5
M,RCH_A,TOTAL,IE,2010-05-01,-1.9
M,RCH_A,TOTAL,IE,2010-06-01,-2
M,RCH_A,TOTAL,IE,2010-07-01,-1.2
M,RCH_A,TOTAL,IE,2010-08-01,-1.2
M,RCH_A,TOTAL,IE,2010-09-01,-1.1
M,RCH_A,TOTAL,IE,2010-10-01,-0.7
M,RCH_A,TOTAL,IE,2010-11-01,-0.9
M,RCH_A,TOTAL,IE,2010-12-01,-0.2
M,RCH_A,TOTAL,IE,2011-01-01,0.3
M,RCH_A,TOTAL,IE,2011-02-01,0.9
M,RCH_A,TOTAL,IE,2011-03-01,1.3
M,RCH_A,TOTAL,IE,2011-04-01,1.5
M,RCH_A,TOTAL,IE,2011-05-01,1.3
M,RCH_A,TOTAL,IE,2011-06-01,1.2
M,RCH_A,TOTAL,IE,2011-07-01,1
M,RCH_A,TOTAL,IE,2011-08-01,1
M,RCH_A,TOTAL,IE,2011-09-01,1.3
M,RCH_A,TOTAL,IE,2011-10-01,1.5
M,RCH_A,TOTAL,IE,2011-11-01,1.7
M,RCH_A,TOTAL,IE,2011-12-01,1.4
M,RCH_A,TOTAL,IE,2012-01-01,1.3
M,RCH_A,TOTAL,IE,2012-02-01,1.6
M,RCH_A,TOTAL,IE,2012-03-01,2.2
M,RCH_A,TOTAL,IE,2012-04-01,1.8
M,RCH_A,TOTAL,IE,2012-05-01,1.8
M,RCH_A,TOTAL,IE,2012-06-01,1.9
M,RCH_A,TOTAL,IE,2012-07-01,2
M,RCH_A,TOTAL,IE,2012-08-01,2.6
M,RCH_A,TOTAL,IE,2012-09-01,2.4
M,RCH_A,TOTAL,IE,2012-10-01,2.1
M,RCH_A,TOTAL,IE,2012-11-01,1.6
M,RCH_A,TOTAL,IE,2012-12-01,1.7
M,RCH_A,TOTAL,IE,2013-01-01,1.6
M,RCH_A,TOTAL,IE,2013-02-01,1.3
M,RCH_A,TOTAL,IE,2013-03-01,0.5
M,RCH_A,TOTAL,IE,2013-04-01,0.5
M,RCH_A,TOTAL,IE,2013-05-01,0.5
M,RCH_A,TOTAL,IE,2013-06-01,0.7
M,RCH_A,TOTAL,IE,2013-07-01,0.8
M,RCH_A,TOTAL,IE,2013-08-01,0
M,RCH_A,TOTAL,IE,2013-09-01,0
M,RCH_A,TOTAL,IE,2013-10-01,-0.1
M,RCH_A,TOTAL,IE,2013-11-01,0.3
M,RCH_A,TOTAL,IE,2013-12-01,0.4
M,RCH_A,TOTAL,IE,2014-01-01,0.3
M,RCH_A,TOTAL,IE,2014-02-01,0.1
M,RCH_A,TOTAL,IE,2014-03-01,0.2
M,RCH_A,TOTAL,IE,2014-04-01,0.3
M,RCH_A,TOTAL,IE,2014-05-01,0.4
M,RCH_A,TOTAL,IE,2014-06-01,0.5
M,RCH_A,TOTAL,IE,2014-07-01,0.4
M,RCH_A,TOTAL,IE,2014-08-01,0.6
M,RCH_A,TOTAL,IE,2014-09-01,0.5
M,RCH_A,TOTAL,IE,2014-10-01,0.4
M,RCH_A,TOTAL,IE,2014-11-01,0.2
M,RCH_A,TOTAL,IE,2014-12-01,-0.3
M,RCH_A,TOTAL,IE,2015-01-01,-0.4
M,RCH_A,TOTAL,IE,2015-02-01,-0.4
M,RCH_A,TOTAL,IE,2015-03-01,-0.2
M,RCH_A,TOTAL,IE,2015-04-01,-0.3
M,RCH_A,TOTAL,IE,2015-05-01,0.2
M,RCH_A,TOTAL,IE,2015-06-01,0.4
M,RCH_A,TOTAL,IE,2015-07-01,0.2
M,RCH_A,TOTAL,IE,2015-08-01,0.2
M,RCH_A,TOTAL,IE,2015-09-01,0
M,RCH_A,TOTAL,IE,2015-10-01,0
M,RCH_A,TOTAL,IE,2015-11-01,-0.1
M,RCH_A,TOTAL,IE,2015-12-01,0.2
M,RCH_A,TOTAL,IE,2016-01-01,0
M,RCH_A,TOTAL,IE,2016-02-01,-0.2
M,RCH_A,TOTAL,IE,2016-03-01,-0.5
M,RCH_A,TOTAL,IE,2016-04-01,-0.2
M,RCH_A,TOTAL,IE,2016-05-01,-0.2
M,RCH_A,TOTAL,IE,2016-06-01,0.1
M,RCH_A,TOTAL,IE,2016-07-01,0.1
M,RCH_A,TOTAL,IE,2016-08-01,-0.4
M,RCH_A,TOTAL,IE,2016-09-01,-0.4
M,RCH_A,TOTAL,IE,2016-10-01,-0.4
M,RCH_A,TOTAL,IE,2016-11-01,-0.2
M,RCH_A,TOTAL,IE,2016-12-01,-0.2
M,RCH_A,TOTAL,IE,2017-01-01,0.1
M,RCH_A,TOTAL,IE,2017-02-01,0.3
M,RCH_A,TOTAL,IE,2017-03-01,0.6
M,RCH_A,TOTAL,IE,2017-04-01,0.7
M,RCH_A,TOTAL,IE,2017-05-01,0
M,RCH_A,TOTAL,IE,2017-06-01,-0.6
M,RCH_A,TOTAL,IE,2017-07-01,-0.2
M,RCH_A,TOTAL,IE,2017-08-01,0.4
M,RCH_A,TOTAL,IE,2017-09-01,0.2
M,RCH_A,TOTAL,IE,2017-10-01,0.4
M,RCH_A,TOTAL,IE,2017-11-01,0.5
M,RCH_A,TOTAL,IE,2017-12-01,0.5
M,RCH_A,TOTAL,IE,2018-01-01,0.3
M,RCH_A,TOTAL,IE,2018-02-01,0.6
M,RCH_A,TOTAL,IE,2018-03-01,0.5
M,RCH_A,TOTAL,IE,2018-04-01,-0.1
M,RCH_A,TOTAL,IE,2018-05-01,0.7
M,RCH_A,TOTAL,IE,2018-06-01,0.8
M,RCH_A,TOTAL,IE,2018-07-01,1.1
M,RCH_A,TOTAL,IE,2018-08-01,0.9
M,RCH_A,TOTAL,IE,2018-09-01,1.2
M,RCH_A,TOTAL,IE,2018-10-01,1.2
M,RCH_A,TOTAL,IE,2018-11-01,0.8
M,RCH_A,TOTAL,IE,2018-12-01,0.8
M,RCH_A,TOTAL,IE,2019-01-01,0.8
M,RCH_A,TOTAL,IE,2019-02-01,0.8
M,RCH_A,TOTAL,IE,2019-03-01,1.1
M,RCH_A,TOTAL,IE,2019-04-01,1.7
M,RCH_A,TOTAL,IE,2019-05-01,1
M,RCH_A,TOTAL,IE,2019-06-01,1.1
M,RCH_A,TOTAL,IE,2019-07-01,0.4
M,RCH_A,TOTAL,IE,2019-08-01,0.5
M,RCH_A,TOTAL,IE,2019-09-01,0.6
M,RCH_A,TOTAL,IE,2019-10-01,0.6
M,RCH_A,TOTAL,IE,2019-11-01,0.8
M,RCH_A,TOTAL,IE,2019-12-01,1.1
M,RCH_A,TOTAL,IE,2020-01-01,1.1
M,RCH_A,TOTAL,IE,2020-02-01,0.9
M,RCH_A,TOTAL,IE,2020-03-01,0.5
M,RCH_A,TOTAL,IE,2020-04-01,-0.3
M,RCH_A,TOTAL,IE,2020-05-01,-0.8
M,RCH_A,TOTAL,IE,2020-06-01,-0.7
M,RCH_A,TOTAL,IE,2020-07-01,-0.5
M,RCH_A,TOTAL,IE,2020-08-01,-1.1
M,RCH_A,TOTAL,IE,2020-09-01,-1.2
M,RCH_A,TOTAL,IE,2020-10-01,-1.5
M,RCH_A,TOTAL,IE,2020-11-01,-1
M,RCH_A,TOTAL,IE,2020-12-01,-1
M,RCH_A,TOTAL,IE,2021-01-01,-0.1
M,RCH_A,TOTAL,IE,2021-02-01,-0.4
M,RCH_A,TOTAL,IE,2021-03-01,0.1
M,RCH_A,TOTAL,IE,2021-04-01,1.1
M,RCH_A,TOTAL,IE,2021-05-01,1.9
M,RCH_A,TOTAL,IE,2021-06-01,1.6
M,RCH_A,TOTAL,IE,2021-07-01,2.1
M,RCH_A,TOTAL,IE,2021-08-01,3
M,RCH_A,TOTAL,IE,2021-09-01,3.8
M,RCH_A,TOTAL,IE,2021-10-01,5.1
M,RCH_A,TOTAL,IE,2021-11-01,5.4
M,RCH_A,TOTAL,IE,2021-12-01,5.7
M,RCH_A,TOTAL,IE,2022-01-01,5.1
M,RCH_A,TOTAL,IE,2022-02-01,5.7
M,RCH_A,TOTAL,IE,2022-03-01,7
M,RCH_A,TOTAL,IE,2022-04-01,7.3
M,RCH_A,TOTAL,IE,2022-05-01,8.2
M,RCH_A,TOTAL,IE,2022-06-01,9.5
M,RCH_A,TOTAL,IE,2022-07-01,9.7
M,RCH_A,TOTAL,IE,2022-08-01,9.1
M,RCH_A,TOTAL,IE,2022-09-01,8.6
M,RCH_A,TOTAL,IE,2022-10-01,9.4
M,RCH_A,TOTAL,IE,2022-11-01,9
M,RCH_A,TOTAL,IE,2022-12-01,8.2
M,RCH_A,TOTAL,IE,2023-01-01,7.5
M,RCH_A,TOTAL,IE,2023-02-01,8.1
M,RCH_A,TOTAL,IE,2023-03-01,7
M,RCH_A,TOTAL,IE,2023-04-01,6.2
M,RCH_A,TOTAL,IE,2023-05-01,5.4
M,RCH_A,TOTAL,IE,2023-06-01,4.9
M,RCH_A,TOTAL,IE,2023-07-01,4.5
M,RCH_A,TOTAL,IE,2023-08-01,4.9
M,RCH_A,TOTAL,IE,2023-09-01,5
M,RCH_A,TOTAL,IE,2023-10-01,3.6
M,RCH_A,TOTAL,IE,2023-11-01,2.4
M,RCH_A,TOTAL,IE,2023-12-01,3.2
M,RCH_A,TOTAL,IE,2024-01-01,2.8
M,RCH_A,TOTAL,IE,2024-02-01,2.3
M,RCH_A,TOTAL,IE,2024-03-01,1.7
M,RCH_A,TOTAL,IE,2024-04-01,1.6
M,RCH_A,TOTAL,IE,2024-05-01,1.9
M,RCH_A,TOTAL,IE,2024-06-01,1.5
M,RCH_A,TOTAL,IE,2024-07-01,1.5
M,RCH_A,TOTAL,IE,2024-08-01,1.1
M,RCH_A,TOTAL,IE,2024-09-01,0
M,RCH_A,TOTAL,IE,2024-10-01,0.2
M,RCH_A,TOTAL,IE,2024-11-01,0.5
M,RCH_A,TOTAL,IE,2024-12-01,1
M,RCH_A,TOTAL,IE,2025-01-01,1.7
M,RCH_A,TOTAL,IE,2025-02-01,1.5
M,RCH_A,TOTAL,IE,2025-03-01,1.8
M,RCH_A,TOTAL,IE,2025-04-01,2.1
M,RCH_A,TOTAL,IE,2025-05-01,1.4
M,RCH_A,TOTAL,IE,2025-06-01,1.6
M,RCH_A,TOTAL,IE,2025-07-01,1.6
M,RCH_A,TOTAL,IE,2025-08-01,1.9
M,RCH_A,TOTAL,IE,2025-09-01,2.7
M,RCH_A,TOTAL,IE,2025-10-01,2.8
M,RCH_A,TOTAL,IE,2025-11-01,3.1
M,RCH_A,TOTAL,IE,2025-12-01,2.7
M,RCH_A,TOTAL,IE,2026-01-01,2.5
M,RCH_A,TOTAL,IE,2026-02-01,2.5
M,RCH_A,TOTAL,IE,2026-03-01,3.6
M,RCH_A,TOTAL,IE,2026-04-01,3.6
M,RCH_A,TOTAL,IE,2026-05-01,3.5
M,RCH_A,TOTAL,IE,2026-06-01,3.2
M,RCH_A,TOTAL,IE,2026-07-01,3.1
M,RCH_A,TOTAL,IE,2026-08-01,3.4
M,RCH_A,TOTAL,IE,2026-09-01,3.8
M,RCH_A,TOTAL,EL,1996-01-01,NA
M,RCH_A,TOTAL,EL,1996-02-01,NA
M,RCH_A,TOTAL,EL,1996-03-01,NA
M,RCH_A,TOTAL,EL,1996-04-01,NA
M,RCH_A,TOTAL,EL,1996-05-01,NA
M,RCH_A,TOTAL,EL,1996-06-01,NA
M,RCH_A,TOTAL,EL,1996-07-01,NA
M,RCH_A,TOTAL,EL,1996-08-01,NA
M,RCH_A,TOTAL,EL,1996-09-01,NA
M,RCH_A,TOTAL,EL,1996-10-01,NA
M,RCH_A,TOTAL,EL,1996-11-01,NA
M,RCH_A,TOTAL,EL,1996-12-01,NA
M,RCH_A,TOTAL,EL,1997-01-01,6.7
M,RCH_A,TOTAL,EL,1997-02-01,6.5
M,RCH_A,TOTAL,EL,1997-03-01,5.9
M,RCH_A,TOTAL,EL,1997-04-01,5.7
M,RCH_A,TOTAL,EL,1997-05-01,5.3
M,RCH_A,TOTAL,EL,1997-06-01,5.5
M,RCH_A,TOTAL,EL,1997-07-01,5.2
M,RCH_A,TOTAL,EL,1997-08-01,5.5
M,RCH_A,TOTAL,EL,1997-09-01,4.9
M,RCH_A,TOTAL,EL,1997-10-01,4.6
M,RCH_A,TOTAL,EL,1997-11-01,5
M,RCH_A,TOTAL,EL,1997-12-01,4.5
M,RCH_A,TOTAL,EL,1998-01-01,4.3
M,RCH_A,TOTAL,EL,1998-02-01,4.1
M,RCH_A,TOTAL,EL,1998-03-01,4.3
M,RCH_A,TOTAL,EL,1998-04-01,5.1
M,RCH_A,TOTAL,EL,1998-05-01,5
M,RCH_A,TOTAL,EL,1998-06-01,4.9
M,RCH_A,TOTAL,EL,1998-07-01,4.8
M,RCH_A,TOTAL,EL,1998-08-01,4.7
M,RCH_A,TOTAL,EL,1998-09-01,5
M,RCH_A,TOTAL,EL,1998-10-01,4.5
M,RCH_A,TOTAL,EL,1998-11-01,3.9
M,RCH_A,TOTAL,EL,1998-12-01,3.7
M,RCH_A,TOTAL,EL,1999-01-01,3.3
M,RCH_A,TOTAL,EL,1999-02-01,3.1
M,RCH_A,TOTAL,EL,1999-03-01,3
M,RCH_A,TOTAL,EL,1999-04-01,2.6
M,RCH_A,TOTAL,EL,1999-05-01,2
M,RCH_A,TOTAL,EL,1999-06-01,1.5
M,RCH_A,TOTAL,EL,1999-07-01,1.6
M,RCH_A,TOTAL,EL,1999-08-01,1.4
M,RCH_A,TOTAL,EL,1999-09-01,1.3
M,RCH_A,TOTAL,EL,1999-10-01,1.7
M,RCH_A,TOTAL,EL,1999-11-01,2
M,RCH_A,TOTAL,EL,1999-12-01,2.3
M,RCH_A,TOTAL,EL,2000-01-01,2.4
M,RCH_A,TOTAL,EL,2000-02-01,2.6
M,RCH_A,TOTAL,EL,2000-03-01,2.8
M,RCH_A,TOTAL,EL,2000-04-01,2.1
M,RCH_A,TOTAL,EL,2000-05-01,2.6
M,RCH_A,TOTAL,EL,2000-06-01,2.2
M,RCH_A,TOTAL,EL,2000-07-01,2.6
M,RCH_A,TOTAL,EL,2000-08-01,2.9
M,RCH_A,TOTAL,EL,2000-09-01,3
M,RCH_A,TOTAL,EL,2000-10-01,3.8
M,RCH_A,TOTAL,EL,2000-11-01,4.1
M,RCH_A,TOTAL,EL,2000-12-01,3.7
M,RCH_A,TOTAL,EL,2001-01-01,3.2
M,RCH_A,TOTAL,EL,2001-02-01,3.4
M,RCH_A,TOTAL,EL,2001-03-01,3.2
M,RCH_A,TOTAL,EL,2001-04-01,3.7
M,RCH_A,TOTAL,EL,2001-05-01,3.9
M,RCH_A,TOTAL,EL,2001-06-01,4.5
M,RCH_A,TOTAL,EL,2001-07-01,4.2
M,RCH_A,TOTAL,EL,2001-08-01,4
M,RCH_A,TOTAL,EL,2001-09-01,4
M,RCH_A,TOTAL,EL,2001-10-01,3.2
M,RCH_A,TOTAL,EL,2001-11-01,2.9
M,RCH_A,TOTAL,EL,2001-12-01,3.5
M,RCH_A,TOTAL,EL,2002-01-01,4.8
M,RCH_A,TOTAL,EL,2002-02-01,3.8
M,RCH_A,TOTAL,EL,2002-03-01,4.3
M,RCH_A,TOTAL,EL,2002-04-01,4.1
M,RCH_A,TOTAL,EL,2002-05-01,3.8
M,RCH_A,TOTAL,EL,2002-06-01,3.6
M,RCH_A,TOTAL,EL,2002-07-01,3.7
M,RCH_A,TOTAL,EL,2002-08-01,3.8
M,RCH_A,TOTAL,EL,2002-09-01,3.8
M,RCH_A,TOTAL,EL,2002-10-01,4
M,RCH_A,TOTAL,EL,2002-11-01,3.9
M,RCH_A,TOTAL,EL,2002-12-01,3.5
M,RCH_A,TOTAL,EL,2003-01-01,3.3
M,RCH_A,TOTAL,EL,2003-02-01,4.3
M,RCH_A,TOTAL,EL,2003-03-01,3.9
M,RCH_A,TOTAL,EL,2003-04-01,3.3
M,RCH_A,TOTAL,EL,2003-05-01,3.5
M,RCH_A,TOTAL,EL,2003-06-01,3.7
M,RCH_A,TOTAL,EL,2003-07-01,3.5
M,RCH_A,TOTAL,EL,2003-08-01,3.3
M,RCH_A,TOTAL,EL,2003-09-01,3.3
M,RCH_A,TOTAL,EL,2003-10-01,3.1
M,RCH_A,TOTAL,EL,2003-11-01,3.3
M,RCH_A,TOTAL,EL,2003-12-01,3.1
M,RCH_A,TOTAL,EL,2004-01-01,3
M,RCH_A,TOTAL,EL,2004-02-01,2.6
M,RCH_A,TOTAL,EL,2004-03-01,2.9
M,RCH_A,TOTAL,EL,2004-04-01,3.1
M,RCH_A,TOTAL,EL,2004-05-01,3.1
M,RCH_A,TOTAL,EL,2004-06-01,3
M,RCH_A,TOTAL,EL,2004-07-01,3.1
M,RCH_A,TOTAL,EL,2004-08-01,2.8
M,RCH_A,TOTAL,EL,2004-09-01,2.9
M,RCH_A,TOTAL,EL,2004-10-01,3.3
M,RCH_A,TOTAL,EL,2004-11-01,3.1
M,RCH_A,TOTAL,EL,2004-12-01,3.1
M,RCH_A,TOTAL,EL,2005-01-01,4.2
M,RCH_A,TOTAL,EL,2005-02-01,3.1
M,RCH_A,TOTAL,EL,2005-03-01,2.8
M,RCH_A,TOTAL,EL,2005-04-01,3.3
M,RCH_A,TOTAL,EL,2005-05-01,3.2
M,RCH_A,TOTAL,EL,2005-06-01,3.2
M,RCH_A,TOTAL,EL,2005-07-01,3.9
M,RCH_A,TOTAL,EL,2005-08-01,3.6
M,RCH_A,TOTAL,EL,2005-09-01,3.8
M,RCH_A,TOTAL,EL,2005-10-01,3.7
M,RCH_A,TOTAL,EL,2005-11-01,3.5
M,RCH_A,TOTAL,EL,2005-12-01,3.5
M,RCH_A,TOTAL,EL,2006-01-01,3
M,RCH_A,TOTAL,EL,2006-02-01,3.1
M,RCH_A,TOTAL,EL,2006-03-01,3.3
M,RCH_A,TOTAL,EL,2006-04-01,3.5
M,RCH_A,TOTAL,EL,2006-05-01,3.3
M,RCH_A,TOTAL,EL,2006-06-01,3.4
M,RCH_A,TOTAL,EL,2006-07-01,3.9
M,RCH_A,TOTAL,EL,2006-08-01,3.5
M,RCH_A,TOTAL,EL,2006-09-01,3.1
M,RCH_A,TOTAL,EL,2006-10-01,3.1
M,RCH_A,TOTAL,EL,2006-11-01,3.2
M,RCH_A,TOTAL,EL,2006-12-01,3.2
M,RCH_A,TOTAL,EL,2007-01-01,3
M,RCH_A,TOTAL,EL,2007-02-01,3
M,RCH_A,TOTAL,EL,2007-03-01,2.8
M,RCH_A,TOTAL,EL,2007-04-01,2.6
M,RCH_A,TOTAL,EL,2007-05-01,2.6
M,RCH_A,TOTAL,EL,2007-06-01,2.6
M,RCH_A,TOTAL,EL,2007-07-01,2.7
M,RCH_A,TOTAL,EL,2007-08-01,2.7
M,RCH_A,TOTAL,EL,2007-09-01,2.9
M,RCH_A,TOTAL,EL,2007-10-01,3
M,RCH_A,TOTAL,EL,2007-11-01,3.9
M,RCH_A,TOTAL,EL,2007-12-01,3.9
M,RCH_A,TOTAL,EL,2008-01-01,3.9
M,RCH_A,TOTAL,EL,2008-02-01,4.6
M,RCH_A,TOTAL,EL,2008-03-01,4.4
M,RCH_A,TOTAL,EL,2008-04-01,4.4
M,RCH_A,TOTAL,EL,2008-05-01,4.9
M,RCH_A,TOTAL,EL,2008-06-01,4.9
M,RCH_A,TOTAL,EL,2008-07-01,5
M,RCH_A,TOTAL,EL,2008-08-01,4.8
M,RCH_A,TOTAL,EL,2008-09-01,4.7
M,RCH_A,TOTAL,EL,2008-10-01,4
M,RCH_A,TOTAL,EL,2008-11-01,3
M,RCH_A,TOTAL,EL,2008-12-01,2.2
M,RCH_A,TOTAL,EL,2009-01-01,2
M,RCH_A,TOTAL,EL,2009-02-01,1.8
M,RCH_A,TOTAL,EL,2009-03-01,1.5
M,RCH_A,TOTAL,EL,2009-04-01,1.1
M,RCH_A,TOTAL,EL,2009-05-01,0.7
M,RCH_A,TOTAL,EL,2009-06-01,0.7
M,RCH_A,TOTAL,EL,2009-07-01,0.7
M,RCH_A,TOTAL,EL,2009-08-01,1
M,RCH_A,TOTAL,EL,2009-09-01,0.7
M,RCH_A,TOTAL,EL,2009-10-01,1.2
M,RCH_A,TOTAL,EL,2009-11-01,2.1
M,RCH_A,TOTAL,EL,2009-12-01,2.6
M,RCH_A,TOTAL,EL,2010-01-01,2.3
M,RCH_A,TOTAL,EL,2010-02-01,2.9
M,RCH_A,TOTAL,EL,2010-03-01,3.9
M,RCH_A,TOTAL,EL,2010-04-01,4.7
M,RCH_A,TOTAL,EL,2010-05-01,5.3
M,RCH_A,TOTAL,EL,2010-06-01,5.2
M,RCH_A,TOTAL,EL,2010-07-01,5.5
M,RCH_A,TOTAL,EL,2010-08-01,5.6
M,RCH_A,TOTAL,EL,2010-09-01,5.7
M,RCH_A,TOTAL,EL,2010-10-01,5.2
M,RCH_A,TOTAL,EL,2010-11-01,4.8
M,RCH_A,TOTAL,EL,2010-12-01,5.1
M,RCH_A,TOTAL,EL,2011-01-01,4.9
M,RCH_A,TOTAL,EL,2011-02-01,4.2
M,RCH_A,TOTAL,EL,2011-03-01,4.3
M,RCH_A,TOTAL,EL,2011-04-01,3.7
M,RCH_A,TOTAL,EL,2011-05-01,3.1
M,RCH_A,TOTAL,EL,2011-06-01,3.1
M,RCH_A,TOTAL,EL,2011-07-01,2.1
M,RCH_A,TOTAL,EL,2011-08-01,1.4
M,RCH_A,TOTAL,EL,2011-09-01,2.9
M,RCH_A,TOTAL,EL,2011-10-01,2.9
M,RCH_A,TOTAL,EL,2011-11-01,2.8
M,RCH_A,TOTAL,EL,2011-12-01,2.2
M,RCH_A,TOTAL,EL,2012-01-01,2.1
M,RCH_A,TOTAL,EL,2012-02-01,1.7
M,RCH_A,TOTAL,EL,2012-03-01,1.4
M,RCH_A,TOTAL,EL,2012-04-01,1.5
M,RCH_A,TOTAL,EL,2012-05-01,0.9
M,RCH_A,TOTAL,EL,2012-06-01,0.9
M,RCH_A,TOTAL,EL,2012-07-01,0.9
M,RCH_A,TOTAL,EL,2012-08-01,1.1
M,RCH_A,TOTAL,EL,2012-09-01,0.3
M,RCH_A,TOTAL,EL,2012-10-01,0.9
M,RCH_A,TOTAL,EL,2012-11-01,0.4
M,RCH_A,TOTAL,EL,2012-12-01,0.3
M,RCH_A,TOTAL,EL,2013-01-01,0
M,RCH_A,TOTAL,EL,2013-02-01,0.1
M,RCH_A,TOTAL,EL,2013-03-01,-0.2
M,RCH_A,TOTAL,EL,2013-04-01,-0.6
M,RCH_A,TOTAL,EL,2013-05-01,-0.3
M,RCH_A,TOTAL,EL,2013-06-01,-0.2
M,RCH_A,TOTAL,EL,2013-07-01,-0.5
M,RCH_A,TOTAL,EL,2013-08-01,-1
M,RCH_A,TOTAL,EL,2013-09-01,-1
M,RCH_A,TOTAL,EL,2013-10-01,-1.9
M,RCH_A,TOTAL,EL,2013-11-01,-2.9
M,RCH_A,TOTAL,EL,2013-12-01,-1.8
M,RCH_A,TOTAL,EL,2014-01-01,-1.4
M,RCH_A,TOTAL,EL,2014-02-01,-0.9
M,RCH_A,TOTAL,EL,2014-03-01,-1.5
M,RCH_A,TOTAL,EL,2014-04-01,-1.6
M,RCH_A,TOTAL,EL,2014-05-01,-2.1
M,RCH_A,TOTAL,EL,2014-06-01,-1.5
M,RCH_A,TOTAL,EL,2014-07-01,-0.8
M,RCH_A,TOTAL,EL,2014-08-01,-0.2
M,RCH_A,TOTAL,EL,2014-09-01,-1.1
M,RCH_A,TOTAL,EL,2014-10-01,-1.8
M,RCH_A,TOTAL,EL,2014-11-01,-1.2
M,RCH_A,TOTAL,EL,2014-12-01,-2.5
M,RCH_A,TOTAL,EL,2015-01-01,-2.8
M,RCH_A,TOTAL,EL,2015-02-01,-1.9
M,RCH_A,TOTAL,EL,2015-03-01,-1.9
M,RCH_A,TOTAL,EL,2015-04-01,-1.8
M,RCH_A,TOTAL,EL,2015-05-01,-1.4
M,RCH_A,TOTAL,EL,2015-06-01,-1.1
M,RCH_A,TOTAL,EL,2015-07-01,-1.3
M,RCH_A,TOTAL,EL,2015-08-01,-0.4
M,RCH_A,TOTAL,EL,2015-09-01,-0.8
M,RCH_A,TOTAL,EL,2015-10-01,-0.1
M,RCH_A,TOTAL,EL,2015-11-01,-0.1
M,RCH_A,TOTAL,EL,2015-12-01,0.4
M,RCH_A,TOTAL,EL,2016-01-01,-0.1
M,RCH_A,TOTAL,EL,2016-02-01,0.1
M,RCH_A,TOTAL,EL,2016-03-01,-0.7
M,RCH_A,TOTAL,EL,2016-04-01,-0.4
M,RCH_A,TOTAL,EL,2016-05-01,-0.2
M,RCH_A,TOTAL,EL,2016-06-01,0.2
M,RCH_A,TOTAL,EL,2016-07-01,0.2
M,RCH_A,TOTAL,EL,2016-08-01,0.4
M,RCH_A,TOTAL,EL,2016-09-01,-0.1
M,RCH_A,TOTAL,EL,2016-10-01,0.6
M,RCH_A,TOTAL,EL,2016-11-01,-0.2
M,RCH_A,TOTAL,EL,2016-12-01,0.3
M,RCH_A,TOTAL,EL,2017-01-01,1.5
M,RCH_A,TOTAL,EL,2017-02-01,1.4
M,RCH_A,TOTAL,EL,2017-03-01,1.7
M,RCH_A,TOTAL,EL,2017-04-01,1.6
M,RCH_A,TOTAL,EL,2017-05-01,1.5
M,RCH_A,TOTAL,EL,2017-06-01,0.9
M,RCH_A,TOTAL,EL,2017-07-01,0.9
M,RCH_A,TOTAL,EL,2017-08-01,0.6
M,RCH_A,TOTAL,EL,2017-09-01,1
M,RCH_A,TOTAL,EL,2017-10-01,0.5
M,RCH_A,TOTAL,EL,2017-11-01,1
M,RCH_A,TOTAL,EL,2017-12-01,1
M,RCH_A,TOTAL,EL,2018-01-01,0.2
M,RCH_A,TOTAL,EL,2018-02-01,0.4
M,RCH_A,TOTAL,EL,2018-03-01,0.2
M,RCH_A,TOTAL,EL,2018-04-01,0.5
M,RCH_A,TOTAL,EL,2018-05-01,0.8
M,RCH_A,TOTAL,EL,2018-06-01,1
M,RCH_A,TOTAL,EL,2018-07-01,0.8
M,RCH_A,TOTAL,EL,2018-08-01,0.9
M,RCH_A,TOTAL,EL,2018-09-01,1.1
M,RCH_A,TOTAL,EL,2018-10-01,1.8
M,RCH_A,TOTAL,EL,2018-11-01,1.1
M,RCH_A,TOTAL,EL,2018-12-01,0.6
M,RCH_A,TOTAL,EL,2019-01-01,0.5
M,RCH_A,TOTAL,EL,2019-02-01,0.8
M,RCH_A,TOTAL,EL,2019-03-01,1.1
M,RCH_A,TOTAL,EL,2019-04-01,1.1
M,RCH_A,TOTAL,EL,2019-05-01,0.6
M,RCH_A,TOTAL,EL,2019-06-01,0.2
M,RCH_A,TOTAL,EL,2019-07-01,0.4
M,RCH_A,TOTAL,EL,2019-08-01,0.1
M,RCH_A,TOTAL,EL,2019-09-01,0.2
M,RCH_A,TOTAL,EL,2019-10-01,-0.3
M,RCH_A,TOTAL,EL,2019-11-01,0.5
M,RCH_A,TOTAL,EL,2019-12-01,1.1
M,RCH_A,TOTAL,EL,2020-01-01,1.1
M,RCH_A,TOTAL,EL,2020-02-01,0.4
M,RCH_A,TOTAL,EL,2020-03-01,0.2
M,RCH_A,TOTAL,EL,2020-04-01,-0.9
M,RCH_A,TOTAL,EL,2020-05-01,-0.7
M,RCH_A,TOTAL,EL,2020-06-01,-1.9
M,RCH_A,TOTAL,EL,2020-07-01,-2.1
M,RCH_A,TOTAL,EL,2020-08-01,-2.2
M,RCH_A,TOTAL,EL,2020-09-01,-2.3
M,RCH_A,TOTAL,EL,2020-10-01,-2
M,RCH_A,TOTAL,EL,2020-11-01,-2.1
M,RCH_A,TOTAL,EL,2020-12-01,-2.4
M,RCH_A,TOTAL,EL,2021-01-01,-2.4
M,RCH_A,TOTAL,EL,2021-02-01,-1.9
M,RCH_A,TOTAL,EL,2021-03-01,-2
M,RCH_A,TOTAL,EL,2021-04-01,-1.1
M,RCH_A,TOTAL,EL,2021-05-01,-1.2
M,RCH_A,TOTAL,EL,2021-06-01,0.6
M,RCH_A,TOTAL,EL,2021-07-01,0.7
M,RCH_A,TOTAL,EL,2021-08-01,1.2
M,RCH_A,TOTAL,EL,2021-09-01,1.9
M,RCH_A,TOTAL,EL,2021-10-01,2.8
M,RCH_A,TOTAL,EL,2021-11-01,4
M,RCH_A,TOTAL,EL,2021-12-01,4.4
M,RCH_A,TOTAL,EL,2022-01-01,5.5
M,RCH_A,TOTAL,EL,2022-02-01,6.3
M,RCH_A,TOTAL,EL,2022-03-01,8
M,RCH_A,TOTAL,EL,2022-04-01,9.1
M,RCH_A,TOTAL,EL,2022-05-01,10.5
M,RCH_A,TOTAL,EL,2022-06-01,11.6
M,RCH_A,TOTAL,EL,2022-07-01,11.3
M,RCH_A,TOTAL,EL,2022-08-01,11.2
M,RCH_A,TOTAL,EL,2022-09-01,12.1
M,RCH_A,TOTAL,EL,2022-10-01,9.5
M,RCH_A,TOTAL,EL,2022-11-01,8.8
M,RCH_A,TOTAL,EL,2022-12-01,7.6
M,RCH_A,TOTAL,EL,2023-01-01,7.3
M,RCH_A,TOTAL,EL,2023-02-01,6.5
M,RCH_A,TOTAL,EL,2023-03-01,5.4
M,RCH_A,TOTAL,EL,2023-04-01,4.5
M,RCH_A,TOTAL,EL,2023-05-01,4.1
M,RCH_A,TOTAL,EL,2023-06-01,2.8
M,RCH_A,TOTAL,EL,2023-07-01,3.5
M,RCH_A,TOTAL,EL,2023-08-01,3.5
M,RCH_A,TOTAL,EL,2023-09-01,2.4
M,RCH_A,TOTAL,EL,2023-10-01,3.8
M,RCH_A,TOTAL,EL,2023-11-01,2.9
M,RCH_A,TOTAL,EL,2023-12-01,3.7
M,RCH_A,TOTAL,EL,2024-01-01,3.2
M,RCH_A,TOTAL,EL,2024-02-01,3.1
M,RCH_A,TOTAL,EL,2024-03-01,3.4
M,RCH_A,TOTAL,EL,2024-04-01,3.2
M,RCH_A,TOTAL,EL,2024-05-01,2.4
M,RCH_A,TOTAL,EL,2024-06-01,2.5
M,RCH_A,TOTAL,EL,2024-07-01,3
M,RCH_A,TOTAL,EL,2024-08-01,3.2
M,RCH_A,TOTAL,EL,2024-09-01,3.1
M,RCH_A,TOTAL,EL,2024-10-01,3.1
M,RCH_A,TOTAL,EL,2024-11-01,3
M,RCH_A,TOTAL,EL,2024-12-01,2.9
M,RCH_A,TOTAL,EL,2025-01-01,3.1
M,RCH_A,TOTAL,EL,2025-02-01,3
M,RCH_A,TOTAL,EL,2025-03-01,3.1
M,RCH_A,TOTAL,EL,2025-04-01,2.6
M,RCH_A,TOTAL,EL,2025-05-01,3.3
M,RCH_A,TOTAL,EL,2025-06-01,3.6
M,RCH_A,TOTAL,EL,2025-07-01,3.7
M,RCH_A,TOTAL,EL,2025-08-01,3.1
M,RCH_A,TOTAL,EL,2025-09-01,1.8
M,RCH_A,TOTAL,EL,2025-10-01,1.6
M,RCH_A,TOTAL,EL,2025-11-01,2.8
M,RCH_A,TOTAL,EL,2025-12-01,2.9
M,RCH_A,TOTAL,EL,2026-01-01,2.9
M,RCH_A,TOTAL,EL,2026-02-01,3.1
M,RCH_A,TOTAL,EL,2026-03-01,3.4
M,RCH_A,TOTAL,EL,2026-04-01,4.6
M,RCH_A,TOTAL,EL,2026-05-01,4.9
M,RCH_A,TOTAL,EL,2026-06-01,3.9
M,RCH_A,TOTAL,EL,2026-07-01,2.7
M,RCH_A,TOTAL,EL,2026-08-01,3.7
M,RCH_A,TOTAL,EL,2026-09-01,5.1
M,RCH_A,TOTAL,ES,1996-01-01,NA
M,RCH_A,TOTAL,ES,1996-02-01,NA
M,RCH_A,TOTAL,ES,1996-03-01,NA
M,RCH_A,TOTAL,ES,1996-04-01,NA
M,RCH_A,TOTAL,ES,1996-05-01,NA
M,RCH_A,TOTAL,ES,1996-06-01,NA
M,RCH_A,TOTAL,ES,1996-07-01,NA
M,RCH_A,TOTAL,ES,1996-08-01,NA
M,RCH_A,TOTAL,ES,1996-09-01,NA
M,RCH_A,TOTAL,ES,1996-10-01,NA
M,RCH_A,TOTAL,ES,1996-11-01,NA
M,RCH_A,TOTAL,ES,1996-12-01,NA
M,RCH_A,TOTAL,ES,1997-01-01,2.8
M,RCH_A,TOTAL,ES,1997-02-01,2.5
M,RCH_A,TOTAL,ES,1997-03-01,2.2
M,RCH_A,TOTAL,ES,1997-04-01,1.6
M,RCH_A,TOTAL,ES,1997-05-01,1.3
M,RCH_A,TOTAL,ES,1997-06-01,1.4
M,RCH_A,TOTAL,ES,1997-07-01,1.5
M,RCH_A,TOTAL,ES,1997-08-01,1.7
M,RCH_A,TOTAL,ES,1997-09-01,1.9
M,RCH_A,TOTAL,ES,1997-10-01,1.8
M,RCH_A,TOTAL,ES,1997-11-01,1.9
M,RCH_A,TOTAL,ES,1997-12-01,1.9
M,RCH_A,TOTAL,ES,1998-01-01,1.9
M,RCH_A,TOTAL,ES,1998-02-01,1.7
M,RCH_A,TOTAL,ES,1998-03-01,1.7
M,RCH_A,TOTAL,ES,1998-04-01,1.9
M,RCH_A,TOTAL,ES,1998-05-01,2
M,RCH_A,TOTAL,ES,1998-06-01,2
M,RCH_A,TOTAL,ES,1998-07-01,2.3
M,RCH_A,TOTAL,ES,1998-08-01,2.1
M,RCH_A,TOTAL,ES,1998-09-01,1.6
M,RCH_A,TOTAL,ES,1998-10-01,1.6
M,RCH_A,TOTAL,ES,1998-11-01,1.4
M,RCH_A,TOTAL,ES,1998-12-01,1.3
M,RCH_A,TOTAL,ES,1999-01-01,1.5
M,RCH_A,TOTAL,ES,1999-02-01,1.9
M,RCH_A,TOTAL,ES,1999-03-01,2.1
M,RCH_A,TOTAL,ES,1999-04-01,2.3
M,RCH_A,TOTAL,ES,1999-05-01,2.1
M,RCH_A,TOTAL,ES,1999-06-01,2.1
M,RCH_A,TOTAL,ES,1999-07-01,2.1
M,RCH_A,TOTAL,ES,1999-08-01,2.3
M,RCH_A,TOTAL,ES,1999-09-01,2.5
M,RCH_A,TOTAL,ES,1999-10-01,2.4
M,RCH_A,TOTAL,ES,1999-11-01,2.7
M,RCH_A,TOTAL,ES,1999-12-01,2.8
M,RCH_A,TOTAL,ES,2000-01-01,2.9
M,RCH_A,TOTAL,ES,2000-02-01,3
M,RCH_A,TOTAL,ES,2000-03-01,3
M,RCH_A,TOTAL,ES,2000-04-01,3
M,RCH_A,TOTAL,ES,2000-05-01,3.2
M,RCH_A,TOTAL,ES,2000-06-01,3.5
M,RCH_A,TOTAL,ES,2000-07-01,3.7
M,RCH_A,TOTAL,ES,2000-08-01,3.6
M,RCH_A,TOTAL,ES,2000-09-01,3.7
M,RCH_A,TOTAL,ES,2000-10-01,4
M,RCH_A,TOTAL,ES,2000-11-01,4.1
M,RCH_A,TOTAL,ES,2000-12-01,4
M,RCH_A,TOTAL,ES,2001-01-01,2.9
M,RCH_A,TOTAL,ES,2001-02-01,2.7
M,RCH_A,TOTAL,ES,2001-03-01,3.1
M,RCH_A,TOTAL,ES,2001-04-01,3.6
M,RCH_A,TOTAL,ES,2001-05-01,3.8
M,RCH_A,TOTAL,ES,2001-06-01,3.7
M,RCH_A,TOTAL,ES,2001-07-01,2.4
M,RCH_A,TOTAL,ES,2001-08-01,2.1
M,RCH_A,TOTAL,ES,2001-09-01,2.3
M,RCH_A,TOTAL,ES,2001-10-01,2.5
M,RCH_A,TOTAL,ES,2001-11-01,2.5
M,RCH_A,TOTAL,ES,2001-12-01,2.5
M,RCH_A,TOTAL,ES,2002-01-01,3.1
M,RCH_A,TOTAL,ES,2002-02-01,3.2
M,RCH_A,TOTAL,ES,2002-03-01,3.2
M,RCH_A,TOTAL,ES,2002-04-01,3.7
M,RCH_A,TOTAL,ES,2002-05-01,3.7
M,RCH_A,TOTAL,ES,2002-06-01,3.4
M,RCH_A,TOTAL,ES,2002-07-01,3.5
M,RCH_A,TOTAL,ES,2002-08-01,3.7
M,RCH_A,TOTAL,ES,2002-09-01,3.5
M,RCH_A,TOTAL,ES,2002-10-01,4
M,RCH_A,TOTAL,ES,2002-11-01,3.9
M,RCH_A,TOTAL,ES,2002-12-01,4
M,RCH_A,TOTAL,ES,2003-01-01,3.8
M,RCH_A,TOTAL,ES,2003-02-01,3.8
M,RCH_A,TOTAL,ES,2003-03-01,3.7
M,RCH_A,TOTAL,ES,2003-04-01,3.2
M,RCH_A,TOTAL,ES,2003-05-01,2.7
M,RCH_A,TOTAL,ES,2003-06-01,2.8
M,RCH_A,TOTAL,ES,2003-07-01,2.9
M,RCH_A,TOTAL,ES,2003-08-01,3.1
M,RCH_A,TOTAL,ES,2003-09-01,3
M,RCH_A,TOTAL,ES,2003-10-01,2.7
M,RCH_A,TOTAL,ES,2003-11-01,2.9
M,RCH_A,TOTAL,ES,2003-12-01,2.7
M,RCH_A,TOTAL,ES,2004-01-01,2.3
M,RCH_A,TOTAL,ES,2004-02-01,2.2
M,RCH_A,TOTAL,ES,2004-03-01,2.2
M,RCH_A,TOTAL,ES,2004-04-01,2.7
M,RCH_A,TOTAL,ES,2004-05-01,3.4
M,RCH_A,TOTAL,ES,2004-06-01,3.5
M,RCH_A,TOTAL,ES,2004-07-01,3.3
M,RCH_A,TOTAL,ES,2004-08-01,3.3
M,RCH_A,TOTAL,ES,2004-09-01,3.2
M,RCH_A,TOTAL,ES,2004-10-01,3.6
M,RCH_A,TOTAL,ES,2004-11-01,3.5
M,RCH_A,TOTAL,ES,2004-12-01,3.3
M,RCH_A,TOTAL,ES,2005-01-01,3.1
M,RCH_A,TOTAL,ES,2005-02-01,3.3
M,RCH_A,TOTAL,ES,2005-03-01,3.4
M,RCH_A,TOTAL,ES,2005-04-01,3.5
M,RCH_A,TOTAL,ES,2005-05-01,3.1
M,RCH_A,TOTAL,ES,2005-06-01,3.2
M,RCH_A,TOTAL,ES,2005-07-01,3.3
M,RCH_A,TOTAL,ES,2005-08-01,3.3
M,RCH_A,TOTAL,ES,2005-09-01,3.8
M,RCH_A,TOTAL,ES,2005-10-01,3.5
M,RCH_A,TOTAL,ES,2005-11-01,3.4
M,RCH_A,TOTAL,ES,2005-12-01,3.7
M,RCH_A,TOTAL,ES,2006-01-01,4.2
M,RCH_A,TOTAL,ES,2006-02-01,4.1
M,RCH_A,TOTAL,ES,2006-03-01,3.9
M,RCH_A,TOTAL,ES,2006-04-01,3.9
M,RCH_A,TOTAL,ES,2006-05-01,4.1
M,RCH_A,TOTAL,ES,2006-06-01,4
M,RCH_A,TOTAL,ES,2006-07-01,4
M,RCH_A,TOTAL,ES,2006-08-01,3.8
M,RCH_A,TOTAL,ES,2006-09-01,2.9
M,RCH_A,TOTAL,ES,2006-10-01,2.6
M,RCH_A,TOTAL,ES,2006-11-01,2.7
M,RCH_A,TOTAL,ES,2006-12-01,2.7
M,RCH_A,TOTAL,ES,2007-01-01,2.4
M,RCH_A,TOTAL,ES,2007-02-01,2.4
M,RCH_A,TOTAL,ES,2007-03-01,2.5
M,RCH_A,TOTAL,ES,2007-04-01,2.5
M,RCH_A,TOTAL,ES,2007-05-01,2.4
M,RCH_A,TOTAL,ES,2007-06-01,2.5
M,RCH_A,TOTAL,ES,2007-07-01,2.3
M,RCH_A,TOTAL,ES,2007-08-01,2.2
M,RCH_A,TOTAL,ES,2007-09-01,2.7
M,RCH_A,TOTAL,ES,2007-10-01,3.6
M,RCH_A,TOTAL,ES,2007-11-01,4.1
M,RCH_A,TOTAL,ES,2007-12-01,4.3
M,RCH_A,TOTAL,ES,2008-01-01,4.4
M,RCH_A,TOTAL,ES,2008-02-01,4.5
M,RCH_A,TOTAL,ES,2008-03-01,4.6
M,RCH_A,TOTAL,ES,2008-04-01,4.2
M,RCH_A,TOTAL,ES,2008-05-01,4.7
M,RCH_A,TOTAL,ES,2008-06-01,5.1
M,RCH_A,TOTAL,ES,2008-07-01,5.3
M,RCH_A,TOTAL,ES,2008-08-01,4.9
M,RCH_A,TOTAL,ES,2008-09-01,4.6
M,RCH_A,TOTAL,ES,2008-10-01,3.6
M,RCH_A,TOTAL,ES,2008-11-01,2.4
M,RCH_A,TOTAL,ES,2008-12-01,1.5
M,RCH_A,TOTAL,ES,2009-01-01,0.8
M,RCH_A,TOTAL,ES,2009-02-01,0.7
M,RCH_A,TOTAL,ES,2009-03-01,-0.1
M,RCH_A,TOTAL,ES,2009-04-01,-0.2
M,RCH_A,TOTAL,ES,2009-05-01,-0.9
M,RCH_A,TOTAL,ES,2009-06-01,-1
M,RCH_A,TOTAL,ES,2009-07-01,-1.3
M,RCH_A,TOTAL,ES,2009-08-01,-0.7
M,RCH_A,TOTAL,ES,2009-09-01,-0.9
M,RCH_A,TOTAL,ES,2009-10-01,-0.6
M,RCH_A,TOTAL,ES,2009-11-01,0.4
M,RCH_A,TOTAL,ES,2009-12-01,0.9
M,RCH_A,TOTAL,ES,2010-01-01,0.7
M,RCH_A,TOTAL,ES,2010-02-01,0.4
M,RCH_A,TOTAL,ES,2010-03-01,2.7
M,RCH_A,TOTAL,ES,2010-04-01,2.4
M,RCH_A,TOTAL,ES,2010-05-01,2.5
M,RCH_A,TOTAL,ES,2010-06-01,2.1
M,RCH_A,TOTAL,ES,2010-07-01,1.8
M,RCH_A,TOTAL,ES,2010-08-01,1.6
M,RCH_A,TOTAL,ES,2010-09-01,2.8
M,RCH_A,TOTAL,ES,2010-10-01,2.5
M,RCH_A,TOTAL,ES,2010-11-01,2.3
M,RCH_A,TOTAL,ES,2010-12-01,2.9
M,RCH_A,TOTAL,ES,2011-01-01,3
M,RCH_A,TOTAL,ES,2011-02-01,3.4
M,RCH_A,TOTAL,ES,2011-03-01,3.3
M,RCH_A,TOTAL,ES,2011-04-01,3.5
M,RCH_A,TOTAL,ES,2011-05-01,3.4
M,RCH_A,TOTAL,ES,2011-06-01,3.1
M,RCH_A,TOTAL,ES,2011-07-01,3
M,RCH_A,TOTAL,ES,2011-08-01,2.7
M,RCH_A,TOTAL,ES,2011-09-01,3
M,RCH_A,TOTAL,ES,2011-10-01,3
M,RCH_A,TOTAL,ES,2011-11-01,2.9
M,RCH_A,TOTAL,ES,2011-12-01,2.4
M,RCH_A,TOTAL,ES,2012-01-01,2
M,RCH_A,TOTAL,ES,2012-02-01,1.9
M,RCH_A,TOTAL,ES,2012-03-01,1.8
M,RCH_A,TOTAL,ES,2012-04-01,2
M,RCH_A,TOTAL,ES,2012-05-01,1.9
M,RCH_A,TOTAL,ES,2012-06-01,1.8
M,RCH_A,TOTAL,ES,2012-07-01,2.2
M,RCH_A,TOTAL,ES,2012-08-01,2.7
M,RCH_A,TOTAL,ES,2012-09-01,3.4
M,RCH_A,TOTAL,ES,2012-10-01,3.5
M,RCH_A,TOTAL,ES,2012-11-01,3
M,RCH_A,TOTAL,ES,2012-12-01,3
M,RCH_A,TOTAL,ES,2013-01-01,2.8
M,RCH_A,TOTAL,ES,2013-02-01,2.9
M,RCH_A,TOTAL,ES,2013-03-01,2.5
M,RCH_A,TOTAL,ES,2013-04-01,1.5
M,RCH_A,TOTAL,ES,2013-05-01,1.8
M,RCH_A,TOTAL,ES,2013-06-01,2.2
M,RCH_A,TOTAL,ES,2013-07-01,1.9
M,RCH_A,TOTAL,ES,2013-08-01,1.6
M,RCH_A,TOTAL,ES,2013-09-01,0.5
M,RCH_A,TOTAL,ES,2013-10-01,0.1
M,RCH_A,TOTAL,ES,2013-11-01,0.3
M,RCH_A,TOTAL,ES,2013-12-01,0.3
M,RCH_A,TOTAL,ES,2014-01-01,0.3
M,RCH_A,TOTAL,ES,2014-02-01,0.1
M,RCH_A,TOTAL,ES,2014-03-01,-0.2
M,RCH_A,TOTAL,ES,2014-04-01,0.3
M,RCH_A,TOTAL,ES,2014-05-01,0.2
M,RCH_A,TOTAL,ES,2014-06-01,0
M,RCH_A,TOTAL,ES,2014-07-01,-0.4
M,RCH_A,TOTAL,ES,2014-08-01,-0.5
M,RCH_A,TOTAL,ES,2014-09-01,-0.3
M,RCH_A,TOTAL,ES,2014-10-01,-0.2
M,RCH_A,TOTAL,ES,2014-11-01,-0.5
M,RCH_A,TOTAL,ES,2014-12-01,-1.1
M,RCH_A,TOTAL,ES,2015-01-01,-1.5
M,RCH_A,TOTAL,ES,2015-02-01,-1.2
M,RCH_A,TOTAL,ES,2015-03-01,-0.8
M,RCH_A,TOTAL,ES,2015-04-01,-0.7
M,RCH_A,TOTAL,ES,2015-05-01,-0.3
M,RCH_A,TOTAL,ES,2015-06-01,0
M,RCH_A,TOTAL,ES,2015-07-01,0
M,RCH_A,TOTAL,ES,2015-08-01,-0.5
M,RCH_A,TOTAL,ES,2015-09-01,-1.1
M,RCH_A,TOTAL,ES,2015-10-01,-0.9
M,RCH_A,TOTAL,ES,2015-11-01,-0.4
M,RCH_A,TOTAL,ES,2015-12-01,-0.1
M,RCH_A,TOTAL,ES,2016-01-01,-0.4
M,RCH_A,TOTAL,ES,2016-02-01,-1
M,RCH_A,TOTAL,ES,2016-03-01,-1
M,RCH_A,TOTAL,ES,2016-04-01,-1.2
M,RCH_A,TOTAL,ES,2016-05-01,-1.1
M,RCH_A,TOTAL,ES,2016-06-01,-0.9
M,RCH_A,TOTAL,ES,2016-07-01,-0.6
M,RCH_A,TOTAL,ES,2016-08-01,-0.3
M,RCH_A,TOTAL,ES,2016-09-01,0
M,RCH_A,TOTAL,ES,2016-10-01,0.5
M,RCH_A,TOTAL,ES,2016-11-01,0.5
M,RCH_A,TOTAL,ES,2016-12-01,1.4
M,RCH_A,TOTAL,ES,2017-01-01,2.9
M,RCH_A,TOTAL,ES,2017-02-01,3
M,RCH_A,TOTAL,ES,2017-03-01,2.1
M,RCH_A,TOTAL,ES,2017-04-01,2.6
M,RCH_A,TOTAL,ES,2017-05-01,2
M,RCH_A,TOTAL,ES,2017-06-01,1.6
M,RCH_A,TOTAL,ES,2017-07-01,1.7
M,RCH_A,TOTAL,ES,2017-08-01,2
M,RCH_A,TOTAL,ES,2017-09-01,1.8
M,RCH_A,TOTAL,ES,2017-10-01,1.7
M,RCH_A,TOTAL,ES,2017-11-01,1.8
M,RCH_A,TOTAL,ES,2017-12-01,1.2
M,RCH_A,TOTAL,ES,2018-01-01,0.7
M,RCH_A,TOTAL,ES,2018-02-01,1.2
M,RCH_A,TOTAL,ES,2018-03-01,1.3
M,RCH_A,TOTAL,ES,2018-04-01,1.1
M,RCH_A,TOTAL,ES,2018-05-01,2.1
M,RCH_A,TOTAL,ES,2018-06-01,2.3
M,RCH_A,TOTAL,ES,2018-07-01,2.3
M,RCH_A,TOTAL,ES,2018-08-01,2.2
M,RCH_A,TOTAL,ES,2018-09-01,2.3
M,RCH_A,TOTAL,ES,2018-10-01,2.3
M,RCH_A,TOTAL,ES,2018-11-01,1.7
M,RCH_A,TOTAL,ES,2018-12-01,1.2
M,RCH_A,TOTAL,ES,2019-01-01,1
M,RCH_A,TOTAL,ES,2019-02-01,1.1
M,RCH_A,TOTAL,ES,2019-03-01,1.3
M,RCH_A,TOTAL,ES,2019-04-01,1.7
M,RCH_A,TOTAL,ES,2019-05-01,0.9
M,RCH_A,TOTAL,ES,2019-06-01,0.6
M,RCH_A,TOTAL,ES,2019-07-01,0.6
M,RCH_A,TOTAL,ES,2019-08-01,0.5
M,RCH_A,TOTAL,ES,2019-09-01,0.2
M,RCH_A,TOTAL,ES,2019-10-01,0.2
M,RCH_A,TOTAL,ES,2019-11-01,0.5
M,RCH_A,TOTAL,ES,2019-12-01,0.8
M,RCH_A,TOTAL,ES,2020-01-01,1.1
M,RCH_A,TOTAL,ES,2020-02-01,0.9
M,RCH_A,TOTAL,ES,2020-03-01,0.1
M,RCH_A,TOTAL,ES,2020-04-01,-0.7
M,RCH_A,TOTAL,ES,2020-05-01,-0.9
M,RCH_A,TOTAL,ES,2020-06-01,-0.3
M,RCH_A,TOTAL,ES,2020-07-01,-0.7
M,RCH_A,TOTAL,ES,2020-08-01,-0.6
M,RCH_A,TOTAL,ES,2020-09-01,-0.6
M,RCH_A,TOTAL,ES,2020-10-01,-0.9
M,RCH_A,TOTAL,ES,2020-11-01,-0.8
M,RCH_A,TOTAL,ES,2020-12-01,-0.6
M,RCH_A,TOTAL,ES,2021-01-01,0.4
M,RCH_A,TOTAL,ES,2021-02-01,-0.1
M,RCH_A,TOTAL,ES,2021-03-01,1.2
M,RCH_A,TOTAL,ES,2021-04-01,2
M,RCH_A,TOTAL,ES,2021-05-01,2.4
M,RCH_A,TOTAL,ES,2021-06-01,2.5
M,RCH_A,TOTAL,ES,2021-07-01,2.9
M,RCH_A,TOTAL,ES,2021-08-01,3.3
M,RCH_A,TOTAL,ES,2021-09-01,4
M,RCH_A,TOTAL,ES,2021-10-01,5.4
M,RCH_A,TOTAL,ES,2021-11-01,5.5
M,RCH_A,TOTAL,ES,2021-12-01,6.6
M,RCH_A,TOTAL,ES,2022-01-01,6.1
M,RCH_A,TOTAL,ES,2022-02-01,7.6
M,RCH_A,TOTAL,ES,2022-03-01,9.8
M,RCH_A,TOTAL,ES,2022-04-01,8.3
M,RCH_A,TOTAL,ES,2022-05-01,8.5
M,RCH_A,TOTAL,ES,2022-06-01,10
M,RCH_A,TOTAL,ES,2022-07-01,10.7
M,RCH_A,TOTAL,ES,2022-08-01,10.5
M,RCH_A,TOTAL,ES,2022-09-01,9
M,RCH_A,TOTAL,ES,2022-10-01,7.3
M,RCH_A,TOTAL,ES,2022-11-01,6.7
M,RCH_A,TOTAL,ES,2022-12-01,5.5
M,RCH_A,TOTAL,ES,2023-01-01,5.9
M,RCH_A,TOTAL,ES,2023-02-01,6
M,RCH_A,TOTAL,ES,2023-03-01,3.1
M,RCH_A,TOTAL,ES,2023-04-01,3.8
M,RCH_A,TOTAL,ES,2023-05-01,2.9
M,RCH_A,TOTAL,ES,2023-06-01,1.6
M,RCH_A,TOTAL,ES,2023-07-01,2.1
M,RCH_A,TOTAL,ES,2023-08-01,2.4
M,RCH_A,TOTAL,ES,2023-09-01,3.3
M,RCH_A,TOTAL,ES,2023-10-01,3.5
M,RCH_A,TOTAL,ES,2023-11-01,3.3
M,RCH_A,TOTAL,ES,2023-12-01,3.3
M,RCH_A,TOTAL,ES,2024-01-01,3.5
M,RCH_A,TOTAL,ES,2024-02-01,2.9
M,RCH_A,TOTAL,ES,2024-03-01,3.2
M,RCH_A,TOTAL,ES,2024-04-01,3.4
M,RCH_A,TOTAL,ES,2024-05-01,3.8
M,RCH_A,TOTAL,ES,2024-06-01,3.6
M,RCH_A,TOTAL,ES,2024-07-01,2.9
M,RCH_A,TOTAL,ES,2024-08-01,2.4
M,RCH_A,TOTAL,ES,2024-09-01,1.7
M,RCH_A,TOTAL,ES,2024-10-01,1.8
M,RCH_A,TOTAL,ES,2024-11-01,2.4
M,RCH_A,TOTAL,ES,2024-12-01,2.8
M,RCH_A,TOTAL,ES,2025-01-01,2.9
M,RCH_A,TOTAL,ES,2025-02-01,2.9
M,RCH_A,TOTAL,ES,2025-03-01,2.2
M,RCH_A,TOTAL,ES,2025-04-01,2.2
M,RCH_A,TOTAL,ES,2025-05-01,2
M,RCH_A,TOTAL,ES,2025-06-01,2.3
M,RCH_A,TOTAL,ES,2025-07-01,2.7
M,RCH_A,TOTAL,ES,2025-08-01,2.7
M,RCH_A,TOTAL,ES,2025-09-01,3
M,RCH_A,TOTAL,ES,2025-10-01,3.2
M,RCH_A,TOTAL,ES,2025-11-01,3.2
M,RCH_A,TOTAL,ES,2025-12-01,3
M,RCH_A,TOTAL,ES,2026-01-01,2.4
M,RCH_A,TOTAL,ES,2026-02-01,2.5
M,RCH_A,TOTAL,ES,2026-03-01,3.4
M,RCH_A,TOTAL,ES,2026-04-01,3.5
M,RCH_A,TOTAL,ES,2026-05-01,3.6
M,RCH_A,TOTAL,ES,2026-06-01,3.6
M,RCH_A,TOTAL,ES,2026-07-01,3.9
M,RCH_A,TOTAL,ES,2026-08-01,4.6
M,RCH_A,TOTAL,ES,2026-09-01,5
M,RCH_A,TOTAL,FR,1996-01-01,NA
M,RCH_A,TOTAL,FR,1996-02-01,NA
M,RCH_A,TOTAL,FR,1996-03-01,NA
M,RCH_A,TOTAL,FR,1996-04-01,NA
M,RCH_A,TOTAL,FR,1996-05-01,NA
M,RCH_A,TOTAL,FR,1996-06-01,NA
M,RCH_A,TOTAL,FR,1996-07-01,NA
M,RCH_A,TOTAL,FR,1996-08-01,NA
M,RCH_A,TOTAL,FR,1996-09-01,NA
M,RCH_A,TOTAL,FR,1996-10-01,NA
M,RCH_A,TOTAL,FR,1996-11-01,NA
M,RCH_A,TOTAL,FR,1996-12-01,NA
M,RCH_A,TOTAL,FR,1997-01-01,1.8
M,RCH_A,TOTAL,FR,1997-02-01,1.7
M,RCH_A,TOTAL,FR,1997-03-01,1.1
M,RCH_A,TOTAL,FR,1997-04-01,1
M,RCH_A,TOTAL,FR,1997-05-01,0.9
M,RCH_A,TOTAL,FR,1997-06-01,1
M,RCH_A,TOTAL,FR,1997-07-01,1.1
M,RCH_A,TOTAL,FR,1997-08-01,1.6
M,RCH_A,TOTAL,FR,1997-09-01,1.4
M,RCH_A,TOTAL,FR,1997-10-01,1.1
M,RCH_A,TOTAL,FR,1997-11-01,1.3
M,RCH_A,TOTAL,FR,1997-12-01,1.2
M,RCH_A,TOTAL,FR,1998-01-01,0.6
M,RCH_A,TOTAL,FR,1998-02-01,0.7
M,RCH_A,TOTAL,FR,1998-03-01,0.8
M,RCH_A,TOTAL,FR,1998-04-01,1
M,RCH_A,TOTAL,FR,1998-05-01,0.9
M,RCH_A,TOTAL,FR,1998-06-01,1
M,RCH_A,TOTAL,FR,1998-07-01,0.8
M,RCH_A,TOTAL,FR,1998-08-01,0.7
M,RCH_A,TOTAL,FR,1998-09-01,0.5
M,RCH_A,TOTAL,FR,1998-10-01,0.5
M,RCH_A,TOTAL,FR,1998-11-01,0.2
M,RCH_A,TOTAL,FR,1998-12-01,0.3
M,RCH_A,TOTAL,FR,1999-01-01,0.3
M,RCH_A,TOTAL,FR,1999-02-01,0.3
M,RCH_A,TOTAL,FR,1999-03-01,0.4
M,RCH_A,TOTAL,FR,1999-04-01,0.5
M,RCH_A,TOTAL,FR,1999-05-01,0.4
M,RCH_A,TOTAL,FR,1999-06-01,0.3
M,RCH_A,TOTAL,FR,1999-07-01,0.4
M,RCH_A,TOTAL,FR,1999-08-01,0.5
M,RCH_A,TOTAL,FR,1999-09-01,0.6
M,RCH_A,TOTAL,FR,1999-10-01,0.8
M,RCH_A,TOTAL,FR,1999-11-01,0.9
M,RCH_A,TOTAL,FR,1999-12-01,1.4
M,RCH_A,TOTAL,FR,2000-01-01,1.7
M,RCH_A,TOTAL,FR,2000-02-01,1.4
M,RCH_A,TOTAL,FR,2000-03-01,1.6
M,RCH_A,TOTAL,FR,2000-04-01,1.3
M,RCH_A,TOTAL,FR,2000-05-01,1.5
M,RCH_A,TOTAL,FR,2000-06-01,1.8
M,RCH_A,TOTAL,FR,2000-07-01,1.9
M,RCH_A,TOTAL,FR,2000-08-01,1.9
M,RCH_A,TOTAL,FR,2000-09-01,2.3
M,RCH_A,TOTAL,FR,2000-10-01,2.1
M,RCH_A,TOTAL,FR,2000-11-01,2.3
M,RCH_A,TOTAL,FR,2000-12-01,1.8
M,RCH_A,TOTAL,FR,2001-01-01,1.3
M,RCH_A,TOTAL,FR,2001-02-01,1.5
M,RCH_A,TOTAL,FR,2001-03-01,1.5
M,RCH_A,TOTAL,FR,2001-04-01,2
M,RCH_A,TOTAL,FR,2001-05-01,2.5
M,RCH_A,TOTAL,FR,2001-06-01,2.2
M,RCH_A,TOTAL,FR,2001-07-01,2.2
M,RCH_A,TOTAL,FR,2001-08-01,2
M,RCH_A,TOTAL,FR,2001-09-01,1.6
M,RCH_A,TOTAL,FR,2001-10-01,1.8
M,RCH_A,TOTAL,FR,2001-11-01,1.3
M,RCH_A,TOTAL,FR,2001-12-01,1.5
M,RCH_A,TOTAL,FR,2002-01-01,2.4
M,RCH_A,TOTAL,FR,2002-02-01,2.2
M,RCH_A,TOTAL,FR,2002-03-01,2.2
M,RCH_A,TOTAL,FR,2002-04-01,2.1
M,RCH_A,TOTAL,FR,2002-05-01,1.6
M,RCH_A,TOTAL,FR,2002-06-01,1.4
M,RCH_A,TOTAL,FR,2002-07-01,1.6
M,RCH_A,TOTAL,FR,2002-08-01,1.8
M,RCH_A,TOTAL,FR,2002-09-01,1.8
M,RCH_A,TOTAL,FR,2002-10-01,1.9
M,RCH_A,TOTAL,FR,2002-11-01,2.1
M,RCH_A,TOTAL,FR,2002-12-01,2.1
M,RCH_A,TOTAL,FR,2003-01-01,1.9
M,RCH_A,TOTAL,FR,2003-02-01,2.6
M,RCH_A,TOTAL,FR,2003-03-01,2.5
M,RCH_A,TOTAL,FR,2003-04-01,2
M,RCH_A,TOTAL,FR,2003-05-01,1.8
M,RCH_A,TOTAL,FR,2003-06-01,2
M,RCH_A,TOTAL,FR,2003-07-01,2
M,RCH_A,TOTAL,FR,2003-08-01,2
M,RCH_A,TOTAL,FR,2003-09-01,2.2
M,RCH_A,TOTAL,FR,2003-10-01,2.3
M,RCH_A,TOTAL,FR,2003-11-01,2.4
M,RCH_A,TOTAL,FR,2003-12-01,2.4
M,RCH_A,TOTAL,FR,2004-01-01,2.2
M,RCH_A,TOTAL,FR,2004-02-01,1.9
M,RCH_A,TOTAL,FR,2004-03-01,1.9
M,RCH_A,TOTAL,FR,2004-04-01,2.4
M,RCH_A,TOTAL,FR,2004-05-01,2.8
M,RCH_A,TOTAL,FR,2004-06-01,2.7
M,RCH_A,TOTAL,FR,2004-07-01,2.6
M,RCH_A,TOTAL,FR,2004-08-01,2.6
M,RCH_A,TOTAL,FR,2004-09-01,2.2
M,RCH_A,TOTAL,FR,2004-10-01,2.3
M,RCH_A,TOTAL,FR,2004-11-01,2.2
M,RCH_A,TOTAL,FR,2004-12-01,2.2
M,RCH_A,TOTAL,FR,2005-01-01,1.7
M,RCH_A,TOTAL,FR,2005-02-01,1.9
M,RCH_A,TOTAL,FR,2005-03-01,2.1
M,RCH_A,TOTAL,FR,2005-04-01,2
M,RCH_A,TOTAL,FR,2005-05-01,1.7
M,RCH_A,TOTAL,FR,2005-06-01,1.8
M,RCH_A,TOTAL,FR,2005-07-01,1.8
M,RCH_A,TOTAL,FR,2005-08-01,2
M,RCH_A,TOTAL,FR,2005-09-01,2.3
M,RCH_A,TOTAL,FR,2005-10-01,2
M,RCH_A,TOTAL,FR,2005-11-01,1.7
M,RCH_A,TOTAL,FR,2005-12-01,1.8
M,RCH_A,TOTAL,FR,2006-01-01,2.2
M,RCH_A,TOTAL,FR,2006-02-01,1.9
M,RCH_A,TOTAL,FR,2006-03-01,1.7
M,RCH_A,TOTAL,FR,2006-04-01,2
M,RCH_A,TOTAL,FR,2006-05-01,2.3
M,RCH_A,TOTAL,FR,2006-06-01,2.2
M,RCH_A,TOTAL,FR,2006-07-01,2.2
M,RCH_A,TOTAL,FR,2006-08-01,2.1
M,RCH_A,TOTAL,FR,2006-09-01,1.5
M,RCH_A,TOTAL,FR,2006-10-01,1.2
M,RCH_A,TOTAL,FR,2006-11-01,1.6
M,RCH_A,TOTAL,FR,2006-12-01,1.7
M,RCH_A,TOTAL,FR,2007-01-01,1.4
M,RCH_A,TOTAL,FR,2007-02-01,1.2
M,RCH_A,TOTAL,FR,2007-03-01,1.2
M,RCH_A,TOTAL,FR,2007-04-01,1.3
M,RCH_A,TOTAL,FR,2007-05-01,1.2
M,RCH_A,TOTAL,FR,2007-06-01,1.3
M,RCH_A,TOTAL,FR,2007-07-01,1.2
M,RCH_A,TOTAL,FR,2007-08-01,1.3
M,RCH_A,TOTAL,FR,2007-09-01,1.6
M,RCH_A,TOTAL,FR,2007-10-01,2.1
M,RCH_A,TOTAL,FR,2007-11-01,2.6
M,RCH_A,TOTAL,FR,2007-12-01,2.8
M,RCH_A,TOTAL,FR,2008-01-01,3.2
M,RCH_A,TOTAL,FR,2008-02-01,3.2
M,RCH_A,TOTAL,FR,2008-03-01,3.5
M,RCH_A,TOTAL,FR,2008-04-01,3.4
M,RCH_A,TOTAL,FR,2008-05-01,3.7
M,RCH_A,TOTAL,FR,2008-06-01,4
M,RCH_A,TOTAL,FR,2008-07-01,4
M,RCH_A,TOTAL,FR,2008-08-01,3.5
M,RCH_A,TOTAL,FR,2008-09-01,3.4
M,RCH_A,TOTAL,FR,2008-10-01,3
M,RCH_A,TOTAL,FR,2008-11-01,1.9
M,RCH_A,TOTAL,FR,2008-12-01,1.2
M,RCH_A,TOTAL,FR,2009-01-01,0.8
M,RCH_A,TOTAL,FR,2009-02-01,1
M,RCH_A,TOTAL,FR,2009-03-01,0.4
M,RCH_A,TOTAL,FR,2009-04-01,0.1
M,RCH_A,TOTAL,FR,2009-05-01,-0.3
M,RCH_A,TOTAL,FR,2009-06-01,-0.6
M,RCH_A,TOTAL,FR,2009-07-01,-0.8
M,RCH_A,TOTAL,FR,2009-08-01,-0.2
M,RCH_A,TOTAL,FR,2009-09-01,-0.4
M,RCH_A,TOTAL,FR,2009-10-01,-0.2
M,RCH_A,TOTAL,FR,2009-11-01,0.5
M,RCH_A,TOTAL,FR,2009-12-01,1
M,RCH_A,TOTAL,FR,2010-01-01,1.2
M,RCH_A,TOTAL,FR,2010-02-01,1.4
M,RCH_A,TOTAL,FR,2010-03-01,1.8
M,RCH_A,TOTAL,FR,2010-04-01,1.9
M,RCH_A,TOTAL,FR,2010-05-01,1.9
M,RCH_A,TOTAL,FR,2010-06-01,1.7
M,RCH_A,TOTAL,FR,2010-07-01,1.9
M,RCH_A,TOTAL,FR,2010-08-01,1.6
M,RCH_A,TOTAL,FR,2010-09-01,1.8
M,RCH_A,TOTAL,FR,2010-10-01,1.8
M,RCH_A,TOTAL,FR,2010-11-01,1.8
M,RCH_A,TOTAL,FR,2010-12-01,2
M,RCH_A,TOTAL,FR,2011-01-01,2
M,RCH_A,TOTAL,FR,2011-02-01,1.8
M,RCH_A,TOTAL,FR,2011-03-01,2.2
M,RCH_A,TOTAL,FR,2011-04-01,2.2
M,RCH_A,TOTAL,FR,2011-05-01,2.2
M,RCH_A,TOTAL,FR,2011-06-01,2.3
M,RCH_A,TOTAL,FR,2011-07-01,2.1
M,RCH_A,TOTAL,FR,2011-08-01,2.4
M,RCH_A,TOTAL,FR,2011-09-01,2.4
M,RCH_A,TOTAL,FR,2011-10-01,2.5
M,RCH_A,TOTAL,FR,2011-11-01,2.7
M,RCH_A,TOTAL,FR,2011-12-01,2.7
M,RCH_A,TOTAL,FR,2012-01-01,2.6
M,RCH_A,TOTAL,FR,2012-02-01,2.6
M,RCH_A,TOTAL,FR,2012-03-01,2.6
M,RCH_A,TOTAL,FR,2012-04-01,2.4
M,RCH_A,TOTAL,FR,2012-05-01,2.3
M,RCH_A,TOTAL,FR,2012-06-01,2.2
M,RCH_A,TOTAL,FR,2012-07-01,2.2
M,RCH_A,TOTAL,FR,2012-08-01,2.4
M,RCH_A,TOTAL,FR,2012-09-01,2.2
M,RCH_A,TOTAL,FR,2012-10-01,2.1
M,RCH_A,TOTAL,FR,2012-11-01,1.6
M,RCH_A,TOTAL,FR,2012-12-01,1.5
M,RCH_A,TOTAL,FR,2013-01-01,1.3
M,RCH_A,TOTAL,FR,2013-02-01,1.2
M,RCH_A,TOTAL,FR,2013-03-01,1.1
M,RCH_A,TOTAL,FR,2013-04-01,0.8
M,RCH_A,TOTAL,FR,2013-05-01,0.9
M,RCH_A,TOTAL,FR,2013-06-01,1
M,RCH_A,TOTAL,FR,2013-07-01,1.2
M,RCH_A,TOTAL,FR,2013-08-01,1
M,RCH_A,TOTAL,FR,2013-09-01,1
M,RCH_A,TOTAL,FR,2013-10-01,0.7
M,RCH_A,TOTAL,FR,2013-11-01,0.8
M,RCH_A,TOTAL,FR,2013-12-01,0.8
M,RCH_A,TOTAL,FR,2014-01-01,0.8
M,RCH_A,TOTAL,FR,2014-02-01,1.1
M,RCH_A,TOTAL,FR,2014-03-01,0.8
M,RCH_A,TOTAL,FR,2014-04-01,0.8
M,RCH_A,TOTAL,FR,2014-05-01,0.8
M,RCH_A,TOTAL,FR,2014-06-01,0.6
M,RCH_A,TOTAL,FR,2014-07-01,0.6
M,RCH_A,TOTAL,FR,2014-08-01,0.5
M,RCH_A,TOTAL,FR,2014-09-01,0.4
M,RCH_A,TOTAL,FR,2014-10-01,0.5
M,RCH_A,TOTAL,FR,2014-11-01,0.4
M,RCH_A,TOTAL,FR,2014-12-01,0.1
M,RCH_A,TOTAL,FR,2015-01-01,-0.4
M,RCH_A,TOTAL,FR,2015-02-01,-0.3
M,RCH_A,TOTAL,FR,2015-03-01,0
M,RCH_A,TOTAL,FR,2015-04-01,0.1
M,RCH_A,TOTAL,FR,2015-05-01,0.3
M,RCH_A,TOTAL,FR,2015-06-01,0.3
M,RCH_A,TOTAL,FR,2015-07-01,0.2
M,RCH_A,TOTAL,FR,2015-08-01,0.1
M,RCH_A,TOTAL,FR,2015-09-01,0.1
M,RCH_A,TOTAL,FR,2015-10-01,0.1
M,RCH_A,TOTAL,FR,2015-11-01,0.1
M,RCH_A,TOTAL,FR,2015-12-01,0.3
M,RCH_A,TOTAL,FR,2016-01-01,0.3
M,RCH_A,TOTAL,FR,2016-02-01,-0.1
M,RCH_A,TOTAL,FR,2016-03-01,-0.1
M,RCH_A,TOTAL,FR,2016-04-01,-0.1
M,RCH_A,TOTAL,FR,2016-05-01,0.1
M,RCH_A,TOTAL,FR,2016-06-01,0.3
M,RCH_A,TOTAL,FR,2016-07-01,0.4
M,RCH_A,TOTAL,FR,2016-08-01,0.4
M,RCH_A,TOTAL,FR,2016-09-01,0.5
M,RCH_A,TOTAL,FR,2016-10-01,0.5
M,RCH_A,TOTAL,FR,2016-11-01,0.7
M,RCH_A,TOTAL,FR,2016-12-01,0.8
M,RCH_A,TOTAL,FR,2017-01-01,1.6
M,RCH_A,TOTAL,FR,2017-02-01,1.4
M,RCH_A,TOTAL,FR,2017-03-01,1.4
M,RCH_A,TOTAL,FR,2017-04-01,1.4
M,RCH_A,TOTAL,FR,2017-05-01,0.9
M,RCH_A,TOTAL,FR,2017-06-01,0.8
M,RCH_A,TOTAL,FR,2017-07-01,0.8
M,RCH_A,TOTAL,FR,2017-08-01,1
M,RCH_A,TOTAL,FR,2017-09-01,1.1
M,RCH_A,TOTAL,FR,2017-10-01,1.2
M,RCH_A,TOTAL,FR,2017-11-01,1.2
M,RCH_A,TOTAL,FR,2017-12-01,1.2
M,RCH_A,TOTAL,FR,2018-01-01,1.5
M,RCH_A,TOTAL,FR,2018-02-01,1.3
M,RCH_A,TOTAL,FR,2018-03-01,1.7
M,RCH_A,TOTAL,FR,2018-04-01,1.8
M,RCH_A,TOTAL,FR,2018-05-01,2.3
M,RCH_A,TOTAL,FR,2018-06-01,2.3
M,RCH_A,TOTAL,FR,2018-07-01,2.6
M,RCH_A,TOTAL,FR,2018-08-01,2.6
M,RCH_A,TOTAL,FR,2018-09-01,2.5
M,RCH_A,TOTAL,FR,2018-10-01,2.5
M,RCH_A,TOTAL,FR,2018-11-01,2.2
M,RCH_A,TOTAL,FR,2018-12-01,1.9
M,RCH_A,TOTAL,FR,2019-01-01,1.4
M,RCH_A,TOTAL,FR,2019-02-01,1.5
M,RCH_A,TOTAL,FR,2019-03-01,1.3
M,RCH_A,TOTAL,FR,2019-04-01,1.4
M,RCH_A,TOTAL,FR,2019-05-01,1.1
M,RCH_A,TOTAL,FR,2019-06-01,1.4
M,RCH_A,TOTAL,FR,2019-07-01,1.3
M,RCH_A,TOTAL,FR,2019-08-01,1.3
M,RCH_A,TOTAL,FR,2019-09-01,1.1
M,RCH_A,TOTAL,FR,2019-10-01,0.9
M,RCH_A,TOTAL,FR,2019-11-01,1.2
M,RCH_A,TOTAL,FR,2019-12-01,1.6
M,RCH_A,TOTAL,FR,2020-01-01,1.7
M,RCH_A,TOTAL,FR,2020-02-01,1.6
M,RCH_A,TOTAL,FR,2020-03-01,0.8
M,RCH_A,TOTAL,FR,2020-04-01,0.4
M,RCH_A,TOTAL,FR,2020-05-01,0.4
M,RCH_A,TOTAL,FR,2020-06-01,0.2
M,RCH_A,TOTAL,FR,2020-07-01,0.8
M,RCH_A,TOTAL,FR,2020-08-01,0.2
M,RCH_A,TOTAL,FR,2020-09-01,0
M,RCH_A,TOTAL,FR,2020-10-01,0.1
M,RCH_A,TOTAL,FR,2020-11-01,0.2
M,RCH_A,TOTAL,FR,2020-12-01,0
M,RCH_A,TOTAL,FR,2021-01-01,0.8
M,RCH_A,TOTAL,FR,2021-02-01,0.8
M,RCH_A,TOTAL,FR,2021-03-01,1.4
M,RCH_A,TOTAL,FR,2021-04-01,1.6
M,RCH_A,TOTAL,FR,2021-05-01,1.8
M,RCH_A,TOTAL,FR,2021-06-01,1.9
M,RCH_A,TOTAL,FR,2021-07-01,1.5
M,RCH_A,TOTAL,FR,2021-08-01,2.4
M,RCH_A,TOTAL,FR,2021-09-01,2.7
M,RCH_A,TOTAL,FR,2021-10-01,3.2
M,RCH_A,TOTAL,FR,2021-11-01,3.4
M,RCH_A,TOTAL,FR,2021-12-01,3.4
M,RCH_A,TOTAL,FR,2022-01-01,3.3
M,RCH_A,TOTAL,FR,2022-02-01,4.2
M,RCH_A,TOTAL,FR,2022-03-01,5.1
M,RCH_A,TOTAL,FR,2022-04-01,5.4
M,RCH_A,TOTAL,FR,2022-05-01,5.8
M,RCH_A,TOTAL,FR,2022-06-01,6.5
M,RCH_A,TOTAL,FR,2022-07-01,6.8
M,RCH_A,TOTAL,FR,2022-08-01,6.6
M,RCH_A,TOTAL,FR,2022-09-01,6.2
M,RCH_A,TOTAL,FR,2022-10-01,7.1
M,RCH_A,TOTAL,FR,2022-11-01,7.1
M,RCH_A,TOTAL,FR,2022-12-01,6.7
M,RCH_A,TOTAL,FR,2023-01-01,7
M,RCH_A,TOTAL,FR,2023-02-01,7.3
M,RCH_A,TOTAL,FR,2023-03-01,6.7
M,RCH_A,TOTAL,FR,2023-04-01,6.9
M,RCH_A,TOTAL,FR,2023-05-01,6
M,RCH_A,TOTAL,FR,2023-06-01,5.3
M,RCH_A,TOTAL,FR,2023-07-01,5.1
M,RCH_A,TOTAL,FR,2023-08-01,5.7
M,RCH_A,TOTAL,FR,2023-09-01,5.7
M,RCH_A,TOTAL,FR,2023-10-01,4.5
M,RCH_A,TOTAL,FR,2023-11-01,3.9
M,RCH_A,TOTAL,FR,2023-12-01,4.1
M,RCH_A,TOTAL,FR,2024-01-01,3.4
M,RCH_A,TOTAL,FR,2024-02-01,3.2
M,RCH_A,TOTAL,FR,2024-03-01,2.4
M,RCH_A,TOTAL,FR,2024-04-01,2.4
M,RCH_A,TOTAL,FR,2024-05-01,2.6
M,RCH_A,TOTAL,FR,2024-06-01,2.5
M,RCH_A,TOTAL,FR,2024-07-01,2.7
M,RCH_A,TOTAL,FR,2024-08-01,2.2
M,RCH_A,TOTAL,FR,2024-09-01,1.4
M,RCH_A,TOTAL,FR,2024-10-01,1.6
M,RCH_A,TOTAL,FR,2024-11-01,1.7
M,RCH_A,TOTAL,FR,2024-12-01,1.8
M,RCH_A,TOTAL,FR,2025-01-01,1.8
M,RCH_A,TOTAL,FR,2025-02-01,0.9
M,RCH_A,TOTAL,FR,2025-03-01,0.9
M,RCH_A,TOTAL,FR,2025-04-01,0.9
M,RCH_A,TOTAL,FR,2025-05-01,0.6
M,RCH_A,TOTAL,FR,2025-06-01,0.9
M,RCH_A,TOTAL,FR,2025-07-01,0.9
M,RCH_A,TOTAL,FR,2025-08-01,0.8
M,RCH_A,TOTAL,FR,2025-09-01,1.1
M,RCH_A,TOTAL,FR,2025-10-01,0.8
M,RCH_A,TOTAL,FR,2025-11-01,0.8
M,RCH_A,TOTAL,FR,2025-12-01,0.7
M,RCH_A,TOTAL,FR,2026-01-01,0.4
M,RCH_A,TOTAL,FR,2026-02-01,1.1
M,RCH_A,TOTAL,FR,2026-03-01,2
M,RCH_A,TOTAL,FR,2026-04-01,2.5
M,RCH_A,TOTAL,FR,2026-05-01,2.8
M,RCH_A,TOTAL,FR,2026-06-01,2
M,RCH_A,TOTAL,FR,2026-07-01,2.4
M,RCH_A,TOTAL,FR,2026-08-01,2.6
M,RCH_A,TOTAL,FR,2026-09-01,3.4
M,RCH_A,TOTAL,HR,1996-01-01,NA
M,RCH_A,TOTAL,HR,1996-02-01,NA
M,RCH_A,TOTAL,HR,1996-03-01,NA
M,RCH_A,TOTAL,HR,1996-04-01,NA
M,RCH_A,TOTAL,HR,1996-05-01,NA
M,RCH_A,TOTAL,HR,1996-06-01,NA
M,RCH_A,TOTAL,HR,1996-07-01,NA
M,RCH_A,TOTAL,HR,1996-08-01,NA
M,RCH_A,TOTAL,HR,1996-09-01,NA
M,RCH_A,TOTAL,HR,1996-10-01,NA
M,RCH_A,TOTAL,HR,1996-11-01,NA
M,RCH_A,TOTAL,HR,1996-12-01,NA
M,RCH_A,TOTAL,HR,1997-01-01,NA
M,RCH_A,TOTAL,HR,1997-02-01,NA
M,RCH_A,TOTAL,HR,1997-03-01,NA
M,RCH_A,TOTAL,HR,1997-04-01,NA
M,RCH_A,TOTAL,HR,1997-05-01,NA
M,RCH_A,TOTAL,HR,1997-06-01,NA
M,RCH_A,TOTAL,HR,1997-07-01,NA
M,RCH_A,TOTAL,HR,1997-08-01,NA
M,RCH_A,TOTAL,HR,1997-09-01,NA
M,RCH_A,TOTAL,HR,1997-10-01,NA
M,RCH_A,TOTAL,HR,1997-11-01,NA
M,RCH_A,TOTAL,HR,1997-12-01,NA
M,RCH_A,TOTAL,HR,1998-01-01,NA
M,RCH_A,TOTAL,HR,1998-02-01,NA
M,RCH_A,TOTAL,HR,1998-03-01,NA
M,RCH_A,TOTAL,HR,1998-04-01,NA
M,RCH_A,TOTAL,HR,1998-05-01,NA
M,RCH_A,TOTAL,HR,1998-06-01,NA
M,RCH_A,TOTAL,HR,1998-07-01,NA
M,RCH_A,TOTAL,HR,1998-08-01,NA
M,RCH_A,TOTAL,HR,1998-09-01,NA
M,RCH_A,TOTAL,HR,1998-10-01,NA
M,RCH_A,TOTAL,HR,1998-11-01,NA
M,RCH_A,TOTAL,HR,1998-12-01,5.6
M,RCH_A,TOTAL,HR,1999-01-01,4.1
M,RCH_A,TOTAL,HR,1999-02-01,4
M,RCH_A,TOTAL,HR,1999-03-01,3.8
M,RCH_A,TOTAL,HR,1999-04-01,3.5
M,RCH_A,TOTAL,HR,1999-05-01,3.5
M,RCH_A,TOTAL,HR,1999-06-01,3.4
M,RCH_A,TOTAL,HR,1999-07-01,4.2
M,RCH_A,TOTAL,HR,1999-08-01,4.1
M,RCH_A,TOTAL,HR,1999-09-01,3.9
M,RCH_A,TOTAL,HR,1999-10-01,4
M,RCH_A,TOTAL,HR,1999-11-01,3.1
M,RCH_A,TOTAL,HR,1999-12-01,3.4
M,RCH_A,TOTAL,HR,2000-01-01,3.1
M,RCH_A,TOTAL,HR,2000-02-01,3.2
M,RCH_A,TOTAL,HR,2000-03-01,3.5
M,RCH_A,TOTAL,HR,2000-04-01,3.9
M,RCH_A,TOTAL,HR,2000-05-01,3.4
M,RCH_A,TOTAL,HR,2000-06-01,4.5
M,RCH_A,TOTAL,HR,2000-07-01,4.7
M,RCH_A,TOTAL,HR,2000-08-01,4.8
M,RCH_A,TOTAL,HR,2000-09-01,5.2
M,RCH_A,TOTAL,HR,2000-10-01,5.3
M,RCH_A,TOTAL,HR,2000-11-01,6.1
M,RCH_A,TOTAL,HR,2000-12-01,5.9
M,RCH_A,TOTAL,HR,2001-01-01,5.4
M,RCH_A,TOTAL,HR,2001-02-01,5.4
M,RCH_A,TOTAL,HR,2001-03-01,4.5
M,RCH_A,TOTAL,HR,2001-04-01,5.6
M,RCH_A,TOTAL,HR,2001-05-01,6.1
M,RCH_A,TOTAL,HR,2001-06-01,4.8
M,RCH_A,TOTAL,HR,2001-07-01,3.4
M,RCH_A,TOTAL,HR,2001-08-01,4.3
M,RCH_A,TOTAL,HR,2001-09-01,3.8
M,RCH_A,TOTAL,HR,2001-10-01,3
M,RCH_A,TOTAL,HR,2001-11-01,2.6
M,RCH_A,TOTAL,HR,2001-12-01,2.4
M,RCH_A,TOTAL,HR,2002-01-01,3.3
M,RCH_A,TOTAL,HR,2002-02-01,2.7
M,RCH_A,TOTAL,HR,2002-03-01,3.3
M,RCH_A,TOTAL,HR,2002-04-01,2.1
M,RCH_A,TOTAL,HR,2002-05-01,1.9
M,RCH_A,TOTAL,HR,2002-06-01,2
M,RCH_A,TOTAL,HR,2002-07-01,2.7
M,RCH_A,TOTAL,HR,2002-08-01,1.8
M,RCH_A,TOTAL,HR,2002-09-01,2.2
M,RCH_A,TOTAL,HR,2002-10-01,2.7
M,RCH_A,TOTAL,HR,2002-11-01,2.8
M,RCH_A,TOTAL,HR,2002-12-01,2.8
M,RCH_A,TOTAL,HR,2003-01-01,2.3
M,RCH_A,TOTAL,HR,2003-02-01,2.5
M,RCH_A,TOTAL,HR,2003-03-01,2.8
M,RCH_A,TOTAL,HR,2003-04-01,2
M,RCH_A,TOTAL,HR,2003-05-01,2.2
M,RCH_A,TOTAL,HR,2003-06-01,2.3
M,RCH_A,TOTAL,HR,2003-07-01,3
M,RCH_A,TOTAL,HR,2003-08-01,3.1
M,RCH_A,TOTAL,HR,2003-09-01,2.1
M,RCH_A,TOTAL,HR,2003-10-01,2.1
M,RCH_A,TOTAL,HR,2003-11-01,2.3
M,RCH_A,TOTAL,HR,2003-12-01,2.2
M,RCH_A,TOTAL,HR,2004-01-01,2.3
M,RCH_A,TOTAL,HR,2004-02-01,2.1
M,RCH_A,TOTAL,HR,2004-03-01,2
M,RCH_A,TOTAL,HR,2004-04-01,2.7
M,RCH_A,TOTAL,HR,2004-05-01,2.9
M,RCH_A,TOTAL,HR,2004-06-01,2.8
M,RCH_A,TOTAL,HR,2004-07-01,1.9
M,RCH_A,TOTAL,HR,2004-08-01,1.8
M,RCH_A,TOTAL,HR,2004-09-01,1.6
M,RCH_A,TOTAL,HR,2004-10-01,1.9
M,RCH_A,TOTAL,HR,2004-11-01,1.8
M,RCH_A,TOTAL,HR,2004-12-01,2
M,RCH_A,TOTAL,HR,2005-01-01,1.4
M,RCH_A,TOTAL,HR,2005-02-01,2.3
M,RCH_A,TOTAL,HR,2005-03-01,2.6
M,RCH_A,TOTAL,HR,2005-04-01,3
M,RCH_A,TOTAL,HR,2005-05-01,2.3
M,RCH_A,TOTAL,HR,2005-06-01,2.7
M,RCH_A,TOTAL,HR,2005-07-01,3.1
M,RCH_A,TOTAL,HR,2005-08-01,3.1
M,RCH_A,TOTAL,HR,2005-09-01,3.8
M,RCH_A,TOTAL,HR,2005-10-01,3.9
M,RCH_A,TOTAL,HR,2005-11-01,3.9
M,RCH_A,TOTAL,HR,2005-12-01,4
M,RCH_A,TOTAL,HR,2006-01-01,4.3
M,RCH_A,TOTAL,HR,2006-02-01,4.1
M,RCH_A,TOTAL,HR,2006-03-01,3.7
M,RCH_A,TOTAL,HR,2006-04-01,3.7
M,RCH_A,TOTAL,HR,2006-05-01,4.1
M,RCH_A,TOTAL,HR,2006-06-01,4.1
M,RCH_A,TOTAL,HR,2006-07-01,3.1
M,RCH_A,TOTAL,HR,2006-08-01,3.2
M,RCH_A,TOTAL,HR,2006-09-01,2.7
M,RCH_A,TOTAL,HR,2006-10-01,2.2
M,RCH_A,TOTAL,HR,2006-11-01,2.4
M,RCH_A,TOTAL,HR,2006-12-01,2.1
M,RCH_A,TOTAL,HR,2007-01-01,2
M,RCH_A,TOTAL,HR,2007-02-01,1.5
M,RCH_A,TOTAL,HR,2007-03-01,2
M,RCH_A,TOTAL,HR,2007-04-01,2
M,RCH_A,TOTAL,HR,2007-05-01,2
M,RCH_A,TOTAL,HR,2007-06-01,1.4
M,RCH_A,TOTAL,HR,2007-07-01,1.7
M,RCH_A,TOTAL,HR,2007-08-01,2.2
M,RCH_A,TOTAL,HR,2007-09-01,3.4
M,RCH_A,TOTAL,HR,2007-10-01,3.9
M,RCH_A,TOTAL,HR,2007-11-01,4.5
M,RCH_A,TOTAL,HR,2007-12-01,5.4
M,RCH_A,TOTAL,HR,2008-01-01,5.8
M,RCH_A,TOTAL,HR,2008-02-01,5.4
M,RCH_A,TOTAL,HR,2008-03-01,5.4
M,RCH_A,TOTAL,HR,2008-04-01,5.4
M,RCH_A,TOTAL,HR,2008-05-01,6.1
M,RCH_A,TOTAL,HR,2008-06-01,7.3
M,RCH_A,TOTAL,HR,2008-07-01,8
M,RCH_A,TOTAL,HR,2008-08-01,7.1
M,RCH_A,TOTAL,HR,2008-09-01,6.3
M,RCH_A,TOTAL,HR,2008-10-01,5.7
M,RCH_A,TOTAL,HR,2008-11-01,4.5
M,RCH_A,TOTAL,HR,2008-12-01,2.8
M,RCH_A,TOTAL,HR,2009-01-01,3.2
M,RCH_A,TOTAL,HR,2009-02-01,3.8
M,RCH_A,TOTAL,HR,2009-03-01,3.4
M,RCH_A,TOTAL,HR,2009-04-01,3.5
M,RCH_A,TOTAL,HR,2009-05-01,2.5
M,RCH_A,TOTAL,HR,2009-06-01,1.9
M,RCH_A,TOTAL,HR,2009-07-01,1.2
M,RCH_A,TOTAL,HR,2009-08-01,1.5
M,RCH_A,TOTAL,HR,2009-09-01,0.9
M,RCH_A,TOTAL,HR,2009-10-01,1.2
M,RCH_A,TOTAL,HR,2009-11-01,1.8
M,RCH_A,TOTAL,HR,2009-12-01,1.8
M,RCH_A,TOTAL,HR,2010-01-01,1.3
M,RCH_A,TOTAL,HR,2010-02-01,0.9
M,RCH_A,TOTAL,HR,2010-03-01,1.1
M,RCH_A,TOTAL,HR,2010-04-01,0.8
M,RCH_A,TOTAL,HR,2010-05-01,0.9
M,RCH_A,TOTAL,HR,2010-06-01,0.6
M,RCH_A,TOTAL,HR,2010-07-01,0.9
M,RCH_A,TOTAL,HR,2010-08-01,0.8
M,RCH_A,TOTAL,HR,2010-09-01,1.4
M,RCH_A,TOTAL,HR,2010-10-01,1.4
M,RCH_A,TOTAL,HR,2010-11-01,1.2
M,RCH_A,TOTAL,HR,2010-12-01,1.7
M,RCH_A,TOTAL,HR,2011-01-01,1.8
M,RCH_A,TOTAL,HR,2011-02-01,2.1
M,RCH_A,TOTAL,HR,2011-03-01,2.5
M,RCH_A,TOTAL,HR,2011-04-01,2.3
M,RCH_A,TOTAL,HR,2011-05-01,2.5
M,RCH_A,TOTAL,HR,2011-06-01,2
M,RCH_A,TOTAL,HR,2011-07-01,1.9
M,RCH_A,TOTAL,HR,2011-08-01,2.1
M,RCH_A,TOTAL,HR,2011-09-01,2.1
M,RCH_A,TOTAL,HR,2011-10-01,2.5
M,RCH_A,TOTAL,HR,2011-11-01,2.5
M,RCH_A,TOTAL,HR,2011-12-01,2.1
M,RCH_A,TOTAL,HR,2012-01-01,1.4
M,RCH_A,TOTAL,HR,2012-02-01,1.6
M,RCH_A,TOTAL,HR,2012-03-01,2
M,RCH_A,TOTAL,HR,2012-04-01,2.6
M,RCH_A,TOTAL,HR,2012-05-01,3.5
M,RCH_A,TOTAL,HR,2012-06-01,3.6
M,RCH_A,TOTAL,HR,2012-07-01,3.4
M,RCH_A,TOTAL,HR,2012-08-01,4.1
M,RCH_A,TOTAL,HR,2012-09-01,4.8
M,RCH_A,TOTAL,HR,2012-10-01,4.6
M,RCH_A,TOTAL,HR,2012-11-01,4.1
M,RCH_A,TOTAL,HR,2012-12-01,4.4
M,RCH_A,TOTAL,HR,2013-01-01,4.6
M,RCH_A,TOTAL,HR,2013-02-01,4.4
M,RCH_A,TOTAL,HR,2013-03-01,3.4
M,RCH_A,TOTAL,HR,2013-04-01,3.1
M,RCH_A,TOTAL,HR,2013-05-01,1.8
M,RCH_A,TOTAL,HR,2013-06-01,2.2
M,RCH_A,TOTAL,HR,2013-07-01,2.7
M,RCH_A,TOTAL,HR,2013-08-01,2.4
M,RCH_A,TOTAL,HR,2013-09-01,1.7
M,RCH_A,TOTAL,HR,2013-10-01,0.8
M,RCH_A,TOTAL,HR,2013-11-01,0.7
M,RCH_A,TOTAL,HR,2013-12-01,0.5
M,RCH_A,TOTAL,HR,2014-01-01,0.4
M,RCH_A,TOTAL,HR,2014-02-01,-0.2
M,RCH_A,TOTAL,HR,2014-03-01,-0.1
M,RCH_A,TOTAL,HR,2014-04-01,-0.1
M,RCH_A,TOTAL,HR,2014-05-01,0.4
M,RCH_A,TOTAL,HR,2014-06-01,0.5
M,RCH_A,TOTAL,HR,2014-07-01,0.6
M,RCH_A,TOTAL,HR,2014-08-01,0.3
M,RCH_A,TOTAL,HR,2014-09-01,0.2
M,RCH_A,TOTAL,HR,2014-10-01,0.5
M,RCH_A,TOTAL,HR,2014-11-01,0.3
M,RCH_A,TOTAL,HR,2014-12-01,-0.1
M,RCH_A,TOTAL,HR,2015-01-01,-0.6
M,RCH_A,TOTAL,HR,2015-02-01,-0.4
M,RCH_A,TOTAL,HR,2015-03-01,0
M,RCH_A,TOTAL,HR,2015-04-01,-0.1
M,RCH_A,TOTAL,HR,2015-05-01,0
M,RCH_A,TOTAL,HR,2015-06-01,0.1
M,RCH_A,TOTAL,HR,2015-07-01,-0.2
M,RCH_A,TOTAL,HR,2015-08-01,-0.1
M,RCH_A,TOTAL,HR,2015-09-01,-0.5
M,RCH_A,TOTAL,HR,2015-10-01,-0.5
M,RCH_A,TOTAL,HR,2015-11-01,-0.4
M,RCH_A,TOTAL,HR,2015-12-01,-0.3
M,RCH_A,TOTAL,HR,2016-01-01,-0.2
M,RCH_A,TOTAL,HR,2016-02-01,-0.6
M,RCH_A,TOTAL,HR,2016-03-01,-0.9
M,RCH_A,TOTAL,HR,2016-04-01,-0.9
M,RCH_A,TOTAL,HR,2016-05-01,-1.2
M,RCH_A,TOTAL,HR,2016-06-01,-1.2
M,RCH_A,TOTAL,HR,2016-07-01,-1.1
M,RCH_A,TOTAL,HR,2016-08-01,-1.5
M,RCH_A,TOTAL,HR,2016-09-01,-0.7
M,RCH_A,TOTAL,HR,2016-10-01,-0.3
M,RCH_A,TOTAL,HR,2016-11-01,0.2
M,RCH_A,TOTAL,HR,2016-12-01,0.7
M,RCH_A,TOTAL,HR,2017-01-01,0.9
M,RCH_A,TOTAL,HR,2017-02-01,1.4
M,RCH_A,TOTAL,HR,2017-03-01,1.1
M,RCH_A,TOTAL,HR,2017-04-01,1.4
M,RCH_A,TOTAL,HR,2017-05-01,1
M,RCH_A,TOTAL,HR,2017-06-01,1.1
M,RCH_A,TOTAL,HR,2017-07-01,1.2
M,RCH_A,TOTAL,HR,2017-08-01,1.5
M,RCH_A,TOTAL,HR,2017-09-01,1.6
M,RCH_A,TOTAL,HR,2017-10-01,1.6
M,RCH_A,TOTAL,HR,2017-11-01,1.6
M,RCH_A,TOTAL,HR,2017-12-01,1.3
M,RCH_A,TOTAL,HR,2018-01-01,1.2
M,RCH_A,TOTAL,HR,2018-02-01,0.9
M,RCH_A,TOTAL,HR,2018-03-01,1.2
M,RCH_A,TOTAL,HR,2018-04-01,1.4
M,RCH_A,TOTAL,HR,2018-05-01,1.8
M,RCH_A,TOTAL,HR,2018-06-01,2.2
M,RCH_A,TOTAL,HR,2018-07-01,2.2
M,RCH_A,TOTAL,HR,2018-08-01,2.1
M,RCH_A,TOTAL,HR,2018-09-01,1.6
M,RCH_A,TOTAL,HR,2018-10-01,1.7
M,RCH_A,TOTAL,HR,2018-11-01,1.3
M,RCH_A,TOTAL,HR,2018-12-01,1
M,RCH_A,TOTAL,HR,2019-01-01,0.6
M,RCH_A,TOTAL,HR,2019-02-01,0.8
M,RCH_A,TOTAL,HR,2019-03-01,1.1
M,RCH_A,TOTAL,HR,2019-04-01,0.8
M,RCH_A,TOTAL,HR,2019-05-01,1
M,RCH_A,TOTAL,HR,2019-06-01,0.5
M,RCH_A,TOTAL,HR,2019-07-01,0.9
M,RCH_A,TOTAL,HR,2019-08-01,0.5
M,RCH_A,TOTAL,HR,2019-09-01,0.6
M,RCH_A,TOTAL,HR,2019-10-01,0.7
M,RCH_A,TOTAL,HR,2019-11-01,0.8
M,RCH_A,TOTAL,HR,2019-12-01,1.3
M,RCH_A,TOTAL,HR,2020-01-01,1.8
M,RCH_A,TOTAL,HR,2020-02-01,1.2
M,RCH_A,TOTAL,HR,2020-03-01,0.5
M,RCH_A,TOTAL,HR,2020-04-01,-0.1
M,RCH_A,TOTAL,HR,2020-05-01,-0.7
M,RCH_A,TOTAL,HR,2020-06-01,-0.4
M,RCH_A,TOTAL,HR,2020-07-01,-0.6
M,RCH_A,TOTAL,HR,2020-08-01,-0.4
M,RCH_A,TOTAL,HR,2020-09-01,-0.3
M,RCH_A,TOTAL,HR,2020-10-01,-0.2
M,RCH_A,TOTAL,HR,2020-11-01,0
M,RCH_A,TOTAL,HR,2020-12-01,-0.3
M,RCH_A,TOTAL,HR,2021-01-01,0
M,RCH_A,TOTAL,HR,2021-02-01,0.7
M,RCH_A,TOTAL,HR,2021-03-01,1.6
M,RCH_A,TOTAL,HR,2021-04-01,2.1
M,RCH_A,TOTAL,HR,2021-05-01,2.4
M,RCH_A,TOTAL,HR,2021-06-01,2.2
M,RCH_A,TOTAL,HR,2021-07-01,2.7
M,RCH_A,TOTAL,HR,2021-08-01,3.1
M,RCH_A,TOTAL,HR,2021-09-01,3.5
M,RCH_A,TOTAL,HR,2021-10-01,3.9
M,RCH_A,TOTAL,HR,2021-11-01,4.7
M,RCH_A,TOTAL,HR,2021-12-01,5.2
M,RCH_A,TOTAL,HR,2022-01-01,5.5
M,RCH_A,TOTAL,HR,2022-02-01,6.3
M,RCH_A,TOTAL,HR,2022-03-01,7.3
M,RCH_A,TOTAL,HR,2022-04-01,9.6
M,RCH_A,TOTAL,HR,2022-05-01,10.7
M,RCH_A,TOTAL,HR,2022-06-01,12.1
M,RCH_A,TOTAL,HR,2022-07-01,12.7
M,RCH_A,TOTAL,HR,2022-08-01,12.6
M,RCH_A,TOTAL,HR,2022-09-01,12.5
M,RCH_A,TOTAL,HR,2022-10-01,12.7
M,RCH_A,TOTAL,HR,2022-11-01,12.9
M,RCH_A,TOTAL,HR,2022-12-01,12.7
M,RCH_A,TOTAL,HR,2023-01-01,12.5
M,RCH_A,TOTAL,HR,2023-02-01,11.7
M,RCH_A,TOTAL,HR,2023-03-01,10.6
M,RCH_A,TOTAL,HR,2023-04-01,8.9
M,RCH_A,TOTAL,HR,2023-05-01,8.2
M,RCH_A,TOTAL,HR,2023-06-01,8.3
M,RCH_A,TOTAL,HR,2023-07-01,8
M,RCH_A,TOTAL,HR,2023-08-01,8.4
M,RCH_A,TOTAL,HR,2023-09-01,7.4
M,RCH_A,TOTAL,HR,2023-10-01,6.7
M,RCH_A,TOTAL,HR,2023-11-01,5.5
M,RCH_A,TOTAL,HR,2023-12-01,5.4
M,RCH_A,TOTAL,HR,2024-01-01,4.8
M,RCH_A,TOTAL,HR,2024-02-01,4.8
M,RCH_A,TOTAL,HR,2024-03-01,4.9
M,RCH_A,TOTAL,HR,2024-04-01,4.7
M,RCH_A,TOTAL,HR,2024-05-01,4.3
M,RCH_A,TOTAL,HR,2024-06-01,3.5
M,RCH_A,TOTAL,HR,2024-07-01,3.3
M,RCH_A,TOTAL,HR,2024-08-01,3
M,RCH_A,TOTAL,HR,2024-09-01,3.1
M,RCH_A,TOTAL,HR,2024-10-01,3.6
M,RCH_A,TOTAL,HR,2024-11-01,4
M,RCH_A,TOTAL,HR,2024-12-01,4.5
M,RCH_A,TOTAL,HR,2025-01-01,5.1
M,RCH_A,TOTAL,HR,2025-02-01,4.7
M,RCH_A,TOTAL,HR,2025-03-01,4.3
M,RCH_A,TOTAL,HR,2025-04-01,4
M,RCH_A,TOTAL,HR,2025-05-01,4.3
M,RCH_A,TOTAL,HR,2025-06-01,4.3
M,RCH_A,TOTAL,HR,2025-07-01,4.5
M,RCH_A,TOTAL,HR,2025-08-01,4.6
M,RCH_A,TOTAL,HR,2025-09-01,4.6
M,RCH_A,TOTAL,HR,2025-10-01,4
M,RCH_A,TOTAL,HR,2025-11-01,4.3
M,RCH_A,TOTAL,HR,2025-12-01,3.8
M,RCH_A,TOTAL,HR,2026-01-01,3.6
M,RCH_A,TOTAL,HR,2026-02-01,3.9
M,RCH_A,TOTAL,HR,2026-03-01,4.6
M,RCH_A,TOTAL,HR,2026-04-01,5.4
M,RCH_A,TOTAL,HR,2026-05-01,4.9
M,RCH_A,TOTAL,HR,2026-06-01,4.2
M,RCH_A,TOTAL,HR,2026-07-01,3.6
M,RCH_A,TOTAL,HR,2026-08-01,3.7
M,RCH_A,TOTAL,HR,2026-09-01,4.3
M,RCH_A,TOTAL,IT,1996-01-01,NA
M,RCH_A,TOTAL,IT,1996-02-01,NA
M,RCH_A,TOTAL,IT,1996-03-01,NA
M,RCH_A,TOTAL,IT,1996-04-01,NA
M,RCH_A,TOTAL,IT,1996-05-01,NA
M,RCH_A,TOTAL,IT,1996-06-01,NA
M,RCH_A,TOTAL,IT,1996-07-01,NA
M,RCH_A,TOTAL,IT,1996-08-01,NA
M,RCH_A,TOTAL,IT,1996-09-01,NA
M,RCH_A,TOTAL,IT,1996-10-01,NA
M,RCH_A,TOTAL,IT,1996-11-01,NA
M,RCH_A,TOTAL,IT,1996-12-01,NA
M,RCH_A,TOTAL,IT,1997-01-01,2.8
M,RCH_A,TOTAL,IT,1997-02-01,2.4
M,RCH_A,TOTAL,IT,1997-03-01,2.2
M,RCH_A,TOTAL,IT,1997-04-01,2
M,RCH_A,TOTAL,IT,1997-05-01,1.8
M,RCH_A,TOTAL,IT,1997-06-01,1.4
M,RCH_A,TOTAL,IT,1997-07-01,1.6
M,RCH_A,TOTAL,IT,1997-08-01,1.4
M,RCH_A,TOTAL,IT,1997-09-01,1.6
M,RCH_A,TOTAL,IT,1997-10-01,1.8
M,RCH_A,TOTAL,IT,1997-11-01,1.8
M,RCH_A,TOTAL,IT,1997-12-01,1.8
M,RCH_A,TOTAL,IT,1998-01-01,1.8
M,RCH_A,TOTAL,IT,1998-02-01,2.2
M,RCH_A,TOTAL,IT,1998-03-01,2.1
M,RCH_A,TOTAL,IT,1998-04-01,2.1
M,RCH_A,TOTAL,IT,1998-05-01,2
M,RCH_A,TOTAL,IT,1998-06-01,2.1
M,RCH_A,TOTAL,IT,1998-07-01,2.1
M,RCH_A,TOTAL,IT,1998-08-01,2.3
M,RCH_A,TOTAL,IT,1998-09-01,2.1
M,RCH_A,TOTAL,IT,1998-10-01,2
M,RCH_A,TOTAL,IT,1998-11-01,1.6
M,RCH_A,TOTAL,IT,1998-12-01,1.8
M,RCH_A,TOTAL,IT,1999-01-01,1.4
M,RCH_A,TOTAL,IT,1999-02-01,1.2
M,RCH_A,TOTAL,IT,1999-03-01,1.2
M,RCH_A,TOTAL,IT,1999-04-01,1.4
M,RCH_A,TOTAL,IT,1999-05-01,1.6
M,RCH_A,TOTAL,IT,1999-06-01,1.4
M,RCH_A,TOTAL,IT,1999-07-01,1.7
M,RCH_A,TOTAL,IT,1999-08-01,1.6
M,RCH_A,TOTAL,IT,1999-09-01,1.9
M,RCH_A,TOTAL,IT,1999-10-01,1.9
M,RCH_A,TOTAL,IT,1999-11-01,2.1
M,RCH_A,TOTAL,IT,1999-12-01,2.1
M,RCH_A,TOTAL,IT,2000-01-01,2.3
M,RCH_A,TOTAL,IT,2000-02-01,2.4
M,RCH_A,TOTAL,IT,2000-03-01,2.6
M,RCH_A,TOTAL,IT,2000-04-01,2.2
M,RCH_A,TOTAL,IT,2000-05-01,2.6
M,RCH_A,TOTAL,IT,2000-06-01,2.8
M,RCH_A,TOTAL,IT,2000-07-01,2.6
M,RCH_A,TOTAL,IT,2000-08-01,2.6
M,RCH_A,TOTAL,IT,2000-09-01,2.6
M,RCH_A,TOTAL,IT,2000-10-01,2.7
M,RCH_A,TOTAL,IT,2000-11-01,2.9
M,RCH_A,TOTAL,IT,2000-12-01,2.7
M,RCH_A,TOTAL,IT,2001-01-01,2.4
M,RCH_A,TOTAL,IT,2001-02-01,1.5
M,RCH_A,TOTAL,IT,2001-03-01,2.2
M,RCH_A,TOTAL,IT,2001-04-01,2.9
M,RCH_A,TOTAL,IT,2001-05-01,2.9
M,RCH_A,TOTAL,IT,2001-06-01,2.8
M,RCH_A,TOTAL,IT,2001-07-01,2.5
M,RCH_A,TOTAL,IT,2001-08-01,2
M,RCH_A,TOTAL,IT,2001-09-01,2.2
M,RCH_A,TOTAL,IT,2001-10-01,2.3
M,RCH_A,TOTAL,IT,2001-11-01,2.2
M,RCH_A,TOTAL,IT,2001-12-01,2.3
M,RCH_A,TOTAL,IT,2002-01-01,2.3
M,RCH_A,TOTAL,IT,2002-02-01,2.7
M,RCH_A,TOTAL,IT,2002-03-01,2.5
M,RCH_A,TOTAL,IT,2002-04-01,2.6
M,RCH_A,TOTAL,IT,2002-05-01,2.4
M,RCH_A,TOTAL,IT,2002-06-01,2.3
M,RCH_A,TOTAL,IT,2002-07-01,2.4
M,RCH_A,TOTAL,IT,2002-08-01,2.6
M,RCH_A,TOTAL,IT,2002-09-01,2.8
M,RCH_A,TOTAL,IT,2002-10-01,2.8
M,RCH_A,TOTAL,IT,2002-11-01,2.9
M,RCH_A,TOTAL,IT,2002-12-01,2.9
M,RCH_A,TOTAL,IT,2003-01-01,2.9
M,RCH_A,TOTAL,IT,2003-02-01,2.6
M,RCH_A,TOTAL,IT,2003-03-01,3.1
M,RCH_A,TOTAL,IT,2003-04-01,3
M,RCH_A,TOTAL,IT,2003-05-01,2.9
M,RCH_A,TOTAL,IT,2003-06-01,2.9
M,RCH_A,TOTAL,IT,2003-07-01,2.9
M,RCH_A,TOTAL,IT,2003-08-01,2.7
M,RCH_A,TOTAL,IT,2003-09-01,2.9
M,RCH_A,TOTAL,IT,2003-10-01,2.8
M,RCH_A,TOTAL,IT,2003-11-01,2.7
M,RCH_A,TOTAL,IT,2003-12-01,2.5
M,RCH_A,TOTAL,IT,2004-01-01,2
M,RCH_A,TOTAL,IT,2004-02-01,2.4
M,RCH_A,TOTAL,IT,2004-03-01,2.3
M,RCH_A,TOTAL,IT,2004-04-01,2.2
M,RCH_A,TOTAL,IT,2004-05-01,2.3
M,RCH_A,TOTAL,IT,2004-06-01,2.5
M,RCH_A,TOTAL,IT,2004-07-01,2.2
M,RCH_A,TOTAL,IT,2004-08-01,2.5
M,RCH_A,TOTAL,IT,2004-09-01,2.2
M,RCH_A,TOTAL,IT,2004-10-01,2
M,RCH_A,TOTAL,IT,2004-11-01,2.1
M,RCH_A,TOTAL,IT,2004-12-01,2.5
M,RCH_A,TOTAL,IT,2005-01-01,2
M,RCH_A,TOTAL,IT,2005-02-01,2.2
M,RCH_A,TOTAL,IT,2005-03-01,2
M,RCH_A,TOTAL,IT,2005-04-01,2.3
M,RCH_A,TOTAL,IT,2005-05-01,2.3
M,RCH_A,TOTAL,IT,2005-06-01,2.1
M,RCH_A,TOTAL,IT,2005-07-01,2.1
M,RCH_A,TOTAL,IT,2005-08-01,2.1
M,RCH_A,TOTAL,IT,2005-09-01,2.3
M,RCH_A,TOTAL,IT,2005-10-01,2.7
M,RCH_A,TOTAL,IT,2005-11-01,2.4
M,RCH_A,TOTAL,IT,2005-12-01,2.1
M,RCH_A,TOTAL,IT,2006-01-01,2.3
M,RCH_A,TOTAL,IT,2006-02-01,2.1
M,RCH_A,TOTAL,IT,2006-03-01,2.2
M,RCH_A,TOTAL,IT,2006-04-01,2.2
M,RCH_A,TOTAL,IT,2006-05-01,2.2
M,RCH_A,TOTAL,IT,2006-06-01,2.4
M,RCH_A,TOTAL,IT,2006-07-01,2.4
M,RCH_A,TOTAL,IT,2006-08-01,2.4
M,RCH_A,TOTAL,IT,2006-09-01,2.4
M,RCH_A,TOTAL,IT,2006-10-01,1.9
M,RCH_A,TOTAL,IT,2006-11-01,1.9
M,RCH_A,TOTAL,IT,2006-12-01,2.1
M,RCH_A,TOTAL,IT,2007-01-01,1.9
M,RCH_A,TOTAL,IT,2007-02-01,2.1
M,RCH_A,TOTAL,IT,2007-03-01,2
M,RCH_A,TOTAL,IT,2007-04-01,1.7
M,RCH_A,TOTAL,IT,2007-05-01,1.9
M,RCH_A,TOTAL,IT,2007-06-01,2
M,RCH_A,TOTAL,IT,2007-07-01,1.6
M,RCH_A,TOTAL,IT,2007-08-01,1.6
M,RCH_A,TOTAL,IT,2007-09-01,1.7
M,RCH_A,TOTAL,IT,2007-10-01,2.3
M,RCH_A,TOTAL,IT,2007-11-01,2.6
M,RCH_A,TOTAL,IT,2007-12-01,2.9
M,RCH_A,TOTAL,IT,2008-01-01,3
M,RCH_A,TOTAL,IT,2008-02-01,3.2
M,RCH_A,TOTAL,IT,2008-03-01,3.6
M,RCH_A,TOTAL,IT,2008-04-01,3.6
M,RCH_A,TOTAL,IT,2008-05-01,3.7
M,RCH_A,TOTAL,IT,2008-06-01,4
M,RCH_A,TOTAL,IT,2008-07-01,4.1
M,RCH_A,TOTAL,IT,2008-08-01,4.3
M,RCH_A,TOTAL,IT,2008-09-01,4
M,RCH_A,TOTAL,IT,2008-10-01,3.5
M,RCH_A,TOTAL,IT,2008-11-01,2.8
M,RCH_A,TOTAL,IT,2008-12-01,2.4
M,RCH_A,TOTAL,IT,2009-01-01,1.4
M,RCH_A,TOTAL,IT,2009-02-01,1.4
M,RCH_A,TOTAL,IT,2009-03-01,1.1
M,RCH_A,TOTAL,IT,2009-04-01,1.2
M,RCH_A,TOTAL,IT,2009-05-01,1
M,RCH_A,TOTAL,IT,2009-06-01,0.5
M,RCH_A,TOTAL,IT,2009-07-01,-0.1
M,RCH_A,TOTAL,IT,2009-08-01,0
M,RCH_A,TOTAL,IT,2009-09-01,0.4
M,RCH_A,TOTAL,IT,2009-10-01,0.4
M,RCH_A,TOTAL,IT,2009-11-01,0.8
M,RCH_A,TOTAL,IT,2009-12-01,1.1
M,RCH_A,TOTAL,IT,2010-01-01,1.4
M,RCH_A,TOTAL,IT,2010-02-01,1.1
M,RCH_A,TOTAL,IT,2010-03-01,1.4
M,RCH_A,TOTAL,IT,2010-04-01,1.6
M,RCH_A,TOTAL,IT,2010-05-01,1.5
M,RCH_A,TOTAL,IT,2010-06-01,1.4
M,RCH_A,TOTAL,IT,2010-07-01,1.8
M,RCH_A,TOTAL,IT,2010-08-01,1.8
M,RCH_A,TOTAL,IT,2010-09-01,1.6
M,RCH_A,TOTAL,IT,2010-10-01,1.9
M,RCH_A,TOTAL,IT,2010-11-01,1.9
M,RCH_A,TOTAL,IT,2010-12-01,2
M,RCH_A,TOTAL,IT,2011-01-01,1.9
M,RCH_A,TOTAL,IT,2011-02-01,2.2
M,RCH_A,TOTAL,IT,2011-03-01,2.8
M,RCH_A,TOTAL,IT,2011-04-01,2.9
M,RCH_A,TOTAL,IT,2011-05-01,2.9
M,RCH_A,TOTAL,IT,2011-06-01,3.1
M,RCH_A,TOTAL,IT,2011-07-01,2
M,RCH_A,TOTAL,IT,2011-08-01,2.3
M,RCH_A,TOTAL,IT,2011-09-01,3.6
M,RCH_A,TOTAL,IT,2011-10-01,3.7
M,RCH_A,TOTAL,IT,2011-11-01,3.7
M,RCH_A,TOTAL,IT,2011-12-01,3.7
M,RCH_A,TOTAL,IT,2012-01-01,3.5
M,RCH_A,TOTAL,IT,2012-02-01,3.5
M,RCH_A,TOTAL,IT,2012-03-01,3.8
M,RCH_A,TOTAL,IT,2012-04-01,3.6
M,RCH_A,TOTAL,IT,2012-05-01,3.5
M,RCH_A,TOTAL,IT,2012-06-01,3.6
M,RCH_A,TOTAL,IT,2012-07-01,3.7
M,RCH_A,TOTAL,IT,2012-08-01,3.3
M,RCH_A,TOTAL,IT,2012-09-01,3.4
M,RCH_A,TOTAL,IT,2012-10-01,2.8
M,RCH_A,TOTAL,IT,2012-11-01,2.6
M,RCH_A,TOTAL,IT,2012-12-01,2.6
M,RCH_A,TOTAL,IT,2013-01-01,2.3
M,RCH_A,TOTAL,IT,2013-02-01,1.9
M,RCH_A,TOTAL,IT,2013-03-01,1.8
M,RCH_A,TOTAL,IT,2013-04-01,1.3
M,RCH_A,TOTAL,IT,2013-05-01,1.3
M,RCH_A,TOTAL,IT,2013-06-01,1.3
M,RCH_A,TOTAL,IT,2013-07-01,1.1
M,RCH_A,TOTAL,IT,2013-08-01,1.1
M,RCH_A,TOTAL,IT,2013-09-01,1
M,RCH_A,TOTAL,IT,2013-10-01,0.7
M,RCH_A,TOTAL,IT,2013-11-01,0.6
M,RCH_A,TOTAL,IT,2013-12-01,0.6
M,RCH_A,TOTAL,IT,2014-01-01,0.5
M,RCH_A,TOTAL,IT,2014-02-01,0.4
M,RCH_A,TOTAL,IT,2014-03-01,0.4
M,RCH_A,TOTAL,IT,2014-04-01,0.5
M,RCH_A,TOTAL,IT,2014-05-01,0.4
M,RCH_A,TOTAL,IT,2014-06-01,0.2
M,RCH_A,TOTAL,IT,2014-07-01,0
M,RCH_A,TOTAL,IT,2014-08-01,-0.1
M,RCH_A,TOTAL,IT,2014-09-01,-0.1
M,RCH_A,TOTAL,IT,2014-10-01,0.1
M,RCH_A,TOTAL,IT,2014-11-01,0.2
M,RCH_A,TOTAL,IT,2014-12-01,-0.1
M,RCH_A,TOTAL,IT,2015-01-01,-0.4
M,RCH_A,TOTAL,IT,2015-02-01,0.1
M,RCH_A,TOTAL,IT,2015-03-01,0
M,RCH_A,TOTAL,IT,2015-04-01,0
M,RCH_A,TOTAL,IT,2015-05-01,0.2
M,RCH_A,TOTAL,IT,2015-06-01,0.2
M,RCH_A,TOTAL,IT,2015-07-01,0.4
M,RCH_A,TOTAL,IT,2015-08-01,0.4
M,RCH_A,TOTAL,IT,2015-09-01,0.1
M,RCH_A,TOTAL,IT,2015-10-01,0.4
M,RCH_A,TOTAL,IT,2015-11-01,0.2
M,RCH_A,TOTAL,IT,2015-12-01,0.1
M,RCH_A,TOTAL,IT,2016-01-01,0.4
M,RCH_A,TOTAL,IT,2016-02-01,-0.3
M,RCH_A,TOTAL,IT,2016-03-01,-0.2
M,RCH_A,TOTAL,IT,2016-04-01,-0.5
M,RCH_A,TOTAL,IT,2016-05-01,-0.4
M,RCH_A,TOTAL,IT,2016-06-01,-0.2
M,RCH_A,TOTAL,IT,2016-07-01,-0.1
M,RCH_A,TOTAL,IT,2016-08-01,-0.1
M,RCH_A,TOTAL,IT,2016-09-01,0.1
M,RCH_A,TOTAL,IT,2016-10-01,-0.1
M,RCH_A,TOTAL,IT,2016-11-01,0.1
M,RCH_A,TOTAL,IT,2016-12-01,0.6
M,RCH_A,TOTAL,IT,2017-01-01,1
M,RCH_A,TOTAL,IT,2017-02-01,1.6
M,RCH_A,TOTAL,IT,2017-03-01,1.5
M,RCH_A,TOTAL,IT,2017-04-01,2
M,RCH_A,TOTAL,IT,2017-05-01,1.6
M,RCH_A,TOTAL,IT,2017-06-01,1.2
M,RCH_A,TOTAL,IT,2017-07-01,1.1
M,RCH_A,TOTAL,IT,2017-08-01,1.4
M,RCH_A,TOTAL,IT,2017-09-01,1.4
M,RCH_A,TOTAL,IT,2017-10-01,1.1
M,RCH_A,TOTAL,IT,2017-11-01,1
M,RCH_A,TOTAL,IT,2017-12-01,1
M,RCH_A,TOTAL,IT,2018-01-01,1.1
M,RCH_A,TOTAL,IT,2018-02-01,0.6
M,RCH_A,TOTAL,IT,2018-03-01,0.9
M,RCH_A,TOTAL,IT,2018-04-01,0.6
M,RCH_A,TOTAL,IT,2018-05-01,1
M,RCH_A,TOTAL,IT,2018-06-01,1.3
M,RCH_A,TOTAL,IT,2018-07-01,2
M,RCH_A,TOTAL,IT,2018-08-01,1.6
M,RCH_A,TOTAL,IT,2018-09-01,1.5
M,RCH_A,TOTAL,IT,2018-10-01,1.6
M,RCH_A,TOTAL,IT,2018-11-01,1.6
M,RCH_A,TOTAL,IT,2018-12-01,1.1
M,RCH_A,TOTAL,IT,2019-01-01,1
M,RCH_A,TOTAL,IT,2019-02-01,1.1
M,RCH_A,TOTAL,IT,2019-03-01,1.1
M,RCH_A,TOTAL,IT,2019-04-01,1.1
M,RCH_A,TOTAL,IT,2019-05-01,1
M,RCH_A,TOTAL,IT,2019-06-01,0.7
M,RCH_A,TOTAL,IT,2019-07-01,0.2
M,RCH_A,TOTAL,IT,2019-08-01,0.5
M,RCH_A,TOTAL,IT,2019-09-01,0.2
M,RCH_A,TOTAL,IT,2019-10-01,0.2
M,RCH_A,TOTAL,IT,2019-11-01,0.2
M,RCH_A,TOTAL,IT,2019-12-01,0.5
M,RCH_A,TOTAL,IT,2020-01-01,0.4
M,RCH_A,TOTAL,IT,2020-02-01,0.1
M,RCH_A,TOTAL,IT,2020-03-01,0.1
M,RCH_A,TOTAL,IT,2020-04-01,0.1
M,RCH_A,TOTAL,IT,2020-05-01,-0.4
M,RCH_A,TOTAL,IT,2020-06-01,-0.4
M,RCH_A,TOTAL,IT,2020-07-01,0.7
M,RCH_A,TOTAL,IT,2020-08-01,-0.5
M,RCH_A,TOTAL,IT,2020-09-01,-1.1
M,RCH_A,TOTAL,IT,2020-10-01,-0.6
M,RCH_A,TOTAL,IT,2020-11-01,-0.4
M,RCH_A,TOTAL,IT,2020-12-01,-0.2
M,RCH_A,TOTAL,IT,2021-01-01,0.7
M,RCH_A,TOTAL,IT,2021-02-01,1
M,RCH_A,TOTAL,IT,2021-03-01,0.5
M,RCH_A,TOTAL,IT,2021-04-01,0.8
M,RCH_A,TOTAL,IT,2021-05-01,1.2
M,RCH_A,TOTAL,IT,2021-06-01,1.3
M,RCH_A,TOTAL,IT,2021-07-01,1.1
M,RCH_A,TOTAL,IT,2021-08-01,2.4
M,RCH_A,TOTAL,IT,2021-09-01,2.9
M,RCH_A,TOTAL,IT,2021-10-01,3.2
M,RCH_A,TOTAL,IT,2021-11-01,4
M,RCH_A,TOTAL,IT,2021-12-01,4.2
M,RCH_A,TOTAL,IT,2022-01-01,5
M,RCH_A,TOTAL,IT,2022-02-01,6.2
M,RCH_A,TOTAL,IT,2022-03-01,6.9
M,RCH_A,TOTAL,IT,2022-04-01,6.4
M,RCH_A,TOTAL,IT,2022-05-01,7.3
M,RCH_A,TOTAL,IT,2022-06-01,8.5
M,RCH_A,TOTAL,IT,2022-07-01,8.4
M,RCH_A,TOTAL,IT,2022-08-01,9.1
M,RCH_A,TOTAL,IT,2022-09-01,9.5
M,RCH_A,TOTAL,IT,2022-10-01,12.6
M,RCH_A,TOTAL,IT,2022-11-01,12.5
M,RCH_A,TOTAL,IT,2022-12-01,12.2
M,RCH_A,TOTAL,IT,2023-01-01,10.7
M,RCH_A,TOTAL,IT,2023-02-01,9.8
M,RCH_A,TOTAL,IT,2023-03-01,8
M,RCH_A,TOTAL,IT,2023-04-01,8.6
M,RCH_A,TOTAL,IT,2023-05-01,8
M,RCH_A,TOTAL,IT,2023-06-01,6.8
M,RCH_A,TOTAL,IT,2023-07-01,6.3
M,RCH_A,TOTAL,IT,2023-08-01,5.6
M,RCH_A,TOTAL,IT,2023-09-01,5.6
M,RCH_A,TOTAL,IT,2023-10-01,1.8
M,RCH_A,TOTAL,IT,2023-11-01,0.6
M,RCH_A,TOTAL,IT,2023-12-01,0.6
M,RCH_A,TOTAL,IT,2024-01-01,0.9
M,RCH_A,TOTAL,IT,2024-02-01,0.8
M,RCH_A,TOTAL,IT,2024-03-01,1.2
M,RCH_A,TOTAL,IT,2024-04-01,0.9
M,RCH_A,TOTAL,IT,2024-05-01,0.7
M,RCH_A,TOTAL,IT,2024-06-01,0.9
M,RCH_A,TOTAL,IT,2024-07-01,1.6
M,RCH_A,TOTAL,IT,2024-08-01,1.3
M,RCH_A,TOTAL,IT,2024-09-01,0.7
M,RCH_A,TOTAL,IT,2024-10-01,1
M,RCH_A,TOTAL,IT,2024-11-01,1.4
M,RCH_A,TOTAL,IT,2024-12-01,1.3
M,RCH_A,TOTAL,IT,2025-01-01,1.7
M,RCH_A,TOTAL,IT,2025-02-01,1.7
M,RCH_A,TOTAL,IT,2025-03-01,2.1
M,RCH_A,TOTAL,IT,2025-04-01,2
M,RCH_A,TOTAL,IT,2025-05-01,1.7
M,RCH_A,TOTAL,IT,2025-06-01,1.7
M,RCH_A,TOTAL,IT,2025-07-01,1.7
M,RCH_A,TOTAL,IT,2025-08-01,1.6
M,RCH_A,TOTAL,IT,2025-09-01,1.7
M,RCH_A,TOTAL,IT,2025-10-01,1.3
M,RCH_A,TOTAL,IT,2025-11-01,1.1
M,RCH_A,TOTAL,IT,2025-12-01,1.2
M,RCH_A,TOTAL,IT,2026-01-01,1
M,RCH_A,TOTAL,IT,2026-02-01,1.5
M,RCH_A,TOTAL,IT,2026-03-01,1.6
M,RCH_A,TOTAL,IT,2026-04-01,2.8
M,RCH_A,TOTAL,IT,2026-05-01,3.2
M,RCH_A,TOTAL,IT,2026-06-01,3
M,RCH_A,TOTAL,IT,2026-07-01,2.9
M,RCH_A,TOTAL,IT,2026-08-01,3.2
M,RCH_A,TOTAL,IT,2026-09-01,4.1
M,RCH_A,TOTAL,CY,1996-01-01,NA
M,RCH_A,TOTAL,CY,1996-02-01,NA
M,RCH_A,TOTAL,CY,1996-03-01,NA
M,RCH_A,TOTAL,CY,1996-04-01,NA
M,RCH_A,TOTAL,CY,1996-05-01,NA
M,RCH_A,TOTAL,CY,1996-06-01,NA
M,RCH_A,TOTAL,CY,1996-07-01,NA
M,RCH_A,TOTAL,CY,1996-08-01,NA
M,RCH_A,TOTAL,CY,1996-09-01,NA
M,RCH_A,TOTAL,CY,1996-10-01,NA
M,RCH_A,TOTAL,CY,1996-11-01,NA
M,RCH_A,TOTAL,CY,1996-12-01,NA
M,RCH_A,TOTAL,CY,1997-01-01,2
M,RCH_A,TOTAL,CY,1997-02-01,3.1
M,RCH_A,TOTAL,CY,1997-03-01,3.4
M,RCH_A,TOTAL,CY,1997-04-01,4
M,RCH_A,TOTAL,CY,1997-05-01,2.6
M,RCH_A,TOTAL,CY,1997-06-01,2.7
M,RCH_A,TOTAL,CY,1997-07-01,3.7
M,RCH_A,TOTAL,CY,1997-08-01,3.3
M,RCH_A,TOTAL,CY,1997-09-01,3.2
M,RCH_A,TOTAL,CY,1997-10-01,3.6
M,RCH_A,TOTAL,CY,1997-11-01,4.3
M,RCH_A,TOTAL,CY,1997-12-01,3.8
M,RCH_A,TOTAL,CY,1998-01-01,2.2
M,RCH_A,TOTAL,CY,1998-02-01,3.9
M,RCH_A,TOTAL,CY,1998-03-01,1.4
M,RCH_A,TOTAL,CY,1998-04-01,1.5
M,RCH_A,TOTAL,CY,1998-05-01,2.8
M,RCH_A,TOTAL,CY,1998-06-01,3.3
M,RCH_A,TOTAL,CY,1998-07-01,1.3
M,RCH_A,TOTAL,CY,1998-08-01,3.9
M,RCH_A,TOTAL,CY,1998-09-01,4
M,RCH_A,TOTAL,CY,1998-10-01,2.1
M,RCH_A,TOTAL,CY,1998-11-01,0.9
M,RCH_A,TOTAL,CY,1998-12-01,0.8
M,RCH_A,TOTAL,CY,1999-01-01,1.8
M,RCH_A,TOTAL,CY,1999-02-01,0.3
M,RCH_A,TOTAL,CY,1999-03-01,1.4
M,RCH_A,TOTAL,CY,1999-04-01,0.5
M,RCH_A,TOTAL,CY,1999-05-01,0.6
M,RCH_A,TOTAL,CY,1999-06-01,0.4
M,RCH_A,TOTAL,CY,1999-07-01,1.3
M,RCH_A,TOTAL,CY,1999-08-01,-0.5
M,RCH_A,TOTAL,CY,1999-09-01,0.2
M,RCH_A,TOTAL,CY,1999-10-01,1.7
M,RCH_A,TOTAL,CY,1999-11-01,2.5
M,RCH_A,TOTAL,CY,1999-12-01,3.5
M,RCH_A,TOTAL,CY,2000-01-01,4.4
M,RCH_A,TOTAL,CY,2000-02-01,4.7
M,RCH_A,TOTAL,CY,2000-03-01,5.1
M,RCH_A,TOTAL,CY,2000-04-01,5.9
M,RCH_A,TOTAL,CY,2000-05-01,6
M,RCH_A,TOTAL,CY,2000-06-01,5.2
M,RCH_A,TOTAL,CY,2000-07-01,4.7
M,RCH_A,TOTAL,CY,2000-08-01,5.6
M,RCH_A,TOTAL,CY,2000-09-01,4.6
M,RCH_A,TOTAL,CY,2000-10-01,4.2
M,RCH_A,TOTAL,CY,2000-11-01,4.2
M,RCH_A,TOTAL,CY,2000-12-01,3.7
M,RCH_A,TOTAL,CY,2001-01-01,1.6
M,RCH_A,TOTAL,CY,2001-02-01,2.8
M,RCH_A,TOTAL,CY,2001-03-01,1.5
M,RCH_A,TOTAL,CY,2001-04-01,1.7
M,RCH_A,TOTAL,CY,2001-05-01,1.7
M,RCH_A,TOTAL,CY,2001-06-01,3.1
M,RCH_A,TOTAL,CY,2001-07-01,0.9
M,RCH_A,TOTAL,CY,2001-08-01,1.8
M,RCH_A,TOTAL,CY,2001-09-01,2.2
M,RCH_A,TOTAL,CY,2001-10-01,2.7
M,RCH_A,TOTAL,CY,2001-11-01,1.8
M,RCH_A,TOTAL,CY,2001-12-01,2.1
M,RCH_A,TOTAL,CY,2002-01-01,2.2
M,RCH_A,TOTAL,CY,2002-02-01,2.3
M,RCH_A,TOTAL,CY,2002-03-01,2
M,RCH_A,TOTAL,CY,2002-04-01,2.3
M,RCH_A,TOTAL,CY,2002-05-01,2.3
M,RCH_A,TOTAL,CY,2002-06-01,2.1
M,RCH_A,TOTAL,CY,2002-07-01,3.8
M,RCH_A,TOTAL,CY,2002-08-01,4.1
M,RCH_A,TOTAL,CY,2002-09-01,3.4
M,RCH_A,TOTAL,CY,2002-10-01,2.7
M,RCH_A,TOTAL,CY,2002-11-01,3.1
M,RCH_A,TOTAL,CY,2002-12-01,3.1
M,RCH_A,TOTAL,CY,2003-01-01,4.5
M,RCH_A,TOTAL,CY,2003-02-01,4.8
M,RCH_A,TOTAL,CY,2003-03-01,6.4
M,RCH_A,TOTAL,CY,2003-04-01,5.6
M,RCH_A,TOTAL,CY,2003-05-01,5
M,RCH_A,TOTAL,CY,2003-06-01,3.7
M,RCH_A,TOTAL,CY,2003-07-01,2.6
M,RCH_A,TOTAL,CY,2003-08-01,2.4
M,RCH_A,TOTAL,CY,2003-09-01,3.3
M,RCH_A,TOTAL,CY,2003-10-01,3.7
M,RCH_A,TOTAL,CY,2003-11-01,3.7
M,RCH_A,TOTAL,CY,2003-12-01,2.3
M,RCH_A,TOTAL,CY,2004-01-01,1.6
M,RCH_A,TOTAL,CY,2004-02-01,1.4
M,RCH_A,TOTAL,CY,2004-03-01,0
M,RCH_A,TOTAL,CY,2004-04-01,0.1
M,RCH_A,TOTAL,CY,2004-05-01,1.2
M,RCH_A,TOTAL,CY,2004-06-01,2.4
M,RCH_A,TOTAL,CY,2004-07-01,2.9
M,RCH_A,TOTAL,CY,2004-08-01,2.8
M,RCH_A,TOTAL,CY,2004-09-01,1.8
M,RCH_A,TOTAL,CY,2004-10-01,2
M,RCH_A,TOTAL,CY,2004-11-01,2.6
M,RCH_A,TOTAL,CY,2004-12-01,3.8
M,RCH_A,TOTAL,CY,2005-01-01,2.8
M,RCH_A,TOTAL,CY,2005-02-01,2.4
M,RCH_A,TOTAL,CY,2005-03-01,2.4
M,RCH_A,TOTAL,CY,2005-04-01,2.8
M,RCH_A,TOTAL,CY,2005-05-01,2
M,RCH_A,TOTAL,CY,2005-06-01,1.5
M,RCH_A,TOTAL,CY,2005-07-01,1.3
M,RCH_A,TOTAL,CY,2005-08-01,1.5
M,RCH_A,TOTAL,CY,2005-09-01,2.1
M,RCH_A,TOTAL,CY,2005-10-01,2.2
M,RCH_A,TOTAL,CY,2005-11-01,2
M,RCH_A,TOTAL,CY,2005-12-01,1.4
M,RCH_A,TOTAL,CY,2006-01-01,2
M,RCH_A,TOTAL,CY,2006-02-01,2.3
M,RCH_A,TOTAL,CY,2006-03-01,2.6
M,RCH_A,TOTAL,CY,2006-04-01,2.5
M,RCH_A,TOTAL,CY,2006-05-01,2.5
M,RCH_A,TOTAL,CY,2006-06-01,2.6
M,RCH_A,TOTAL,CY,2006-07-01,2.8
M,RCH_A,TOTAL,CY,2006-08-01,2.7
M,RCH_A,TOTAL,CY,2006-09-01,2.3
M,RCH_A,TOTAL,CY,2006-10-01,1.6
M,RCH_A,TOTAL,CY,2006-11-01,1.4
M,RCH_A,TOTAL,CY,2006-12-01,1.5
M,RCH_A,TOTAL,CY,2007-01-01,1.4
M,RCH_A,TOTAL,CY,2007-02-01,1.2
M,RCH_A,TOTAL,CY,2007-03-01,1.4
M,RCH_A,TOTAL,CY,2007-04-01,1.6
M,RCH_A,TOTAL,CY,2007-05-01,1.9
M,RCH_A,TOTAL,CY,2007-06-01,1.7
M,RCH_A,TOTAL,CY,2007-07-01,2.3
M,RCH_A,TOTAL,CY,2007-08-01,2.2
M,RCH_A,TOTAL,CY,2007-09-01,2.3
M,RCH_A,TOTAL,CY,2007-10-01,2.7
M,RCH_A,TOTAL,CY,2007-11-01,3.2
M,RCH_A,TOTAL,CY,2007-12-01,3.7
M,RCH_A,TOTAL,CY,2008-01-01,4.1
M,RCH_A,TOTAL,CY,2008-02-01,4.7
M,RCH_A,TOTAL,CY,2008-03-01,4.4
M,RCH_A,TOTAL,CY,2008-04-01,4.4
M,RCH_A,TOTAL,CY,2008-05-01,4.6
M,RCH_A,TOTAL,CY,2008-06-01,5.2
M,RCH_A,TOTAL,CY,2008-07-01,5.3
M,RCH_A,TOTAL,CY,2008-08-01,5.1
M,RCH_A,TOTAL,CY,2008-09-01,5
M,RCH_A,TOTAL,CY,2008-10-01,4.8
M,RCH_A,TOTAL,CY,2008-11-01,3.1
M,RCH_A,TOTAL,CY,2008-12-01,1.8
M,RCH_A,TOTAL,CY,2009-01-01,0.9
M,RCH_A,TOTAL,CY,2009-02-01,0.6
M,RCH_A,TOTAL,CY,2009-03-01,0.9
M,RCH_A,TOTAL,CY,2009-04-01,0.6
M,RCH_A,TOTAL,CY,2009-05-01,0.5
M,RCH_A,TOTAL,CY,2009-06-01,0.1
M,RCH_A,TOTAL,CY,2009-07-01,-0.8
M,RCH_A,TOTAL,CY,2009-08-01,-0.9
M,RCH_A,TOTAL,CY,2009-09-01,-1.3
M,RCH_A,TOTAL,CY,2009-10-01,-1
M,RCH_A,TOTAL,CY,2009-11-01,0.9
M,RCH_A,TOTAL,CY,2009-12-01,1.6
M,RCH_A,TOTAL,CY,2010-01-01,2.4
M,RCH_A,TOTAL,CY,2010-02-01,2.8
M,RCH_A,TOTAL,CY,2010-03-01,2.3
M,RCH_A,TOTAL,CY,2010-04-01,2.5
M,RCH_A,TOTAL,CY,2010-05-01,1.8
M,RCH_A,TOTAL,CY,2010-06-01,2.1
M,RCH_A,TOTAL,CY,2010-07-01,2.7
M,RCH_A,TOTAL,CY,2010-08-01,3.4
M,RCH_A,TOTAL,CY,2010-09-01,3.6
M,RCH_A,TOTAL,CY,2010-10-01,3.2
M,RCH_A,TOTAL,CY,2010-11-01,1.7
M,RCH_A,TOTAL,CY,2010-12-01,1.9
M,RCH_A,TOTAL,CY,2011-01-01,3
M,RCH_A,TOTAL,CY,2011-02-01,3.1
M,RCH_A,TOTAL,CY,2011-03-01,3.2
M,RCH_A,TOTAL,CY,2011-04-01,3.5
M,RCH_A,TOTAL,CY,2011-05-01,4.1
M,RCH_A,TOTAL,CY,2011-06-01,4.5
M,RCH_A,TOTAL,CY,2011-07-01,3.5
M,RCH_A,TOTAL,CY,2011-08-01,2.7
M,RCH_A,TOTAL,CY,2011-09-01,2.5
M,RCH_A,TOTAL,CY,2011-10-01,3.2
M,RCH_A,TOTAL,CY,2011-11-01,4.1
M,RCH_A,TOTAL,CY,2011-12-01,4.2
M,RCH_A,TOTAL,CY,2012-01-01,3.1
M,RCH_A,TOTAL,CY,2012-02-01,3.1
M,RCH_A,TOTAL,CY,2012-03-01,3.5
M,RCH_A,TOTAL,CY,2012-04-01,3.6
M,RCH_A,TOTAL,CY,2012-05-01,3.7
M,RCH_A,TOTAL,CY,2012-06-01,2.9
M,RCH_A,TOTAL,CY,2012-07-01,3.8
M,RCH_A,TOTAL,CY,2012-08-01,4.5
M,RCH_A,TOTAL,CY,2012-09-01,3.6
M,RCH_A,TOTAL,CY,2012-10-01,2.6
M,RCH_A,TOTAL,CY,2012-11-01,1.4
M,RCH_A,TOTAL,CY,2012-12-01,1.5
M,RCH_A,TOTAL,CY,2013-01-01,2
M,RCH_A,TOTAL,CY,2013-02-01,1.8
M,RCH_A,TOTAL,CY,2013-03-01,1.3
M,RCH_A,TOTAL,CY,2013-04-01,0.1
M,RCH_A,TOTAL,CY,2013-05-01,0.1
M,RCH_A,TOTAL,CY,2013-06-01,0.8
M,RCH_A,TOTAL,CY,2013-07-01,0.7
M,RCH_A,TOTAL,CY,2013-08-01,0.1
M,RCH_A,TOTAL,CY,2013-09-01,0.3
M,RCH_A,TOTAL,CY,2013-10-01,-0.5
M,RCH_A,TOTAL,CY,2013-11-01,-0.8
M,RCH_A,TOTAL,CY,2013-12-01,-1.3
M,RCH_A,TOTAL,CY,2014-01-01,-1.6
M,RCH_A,TOTAL,CY,2014-02-01,-1.3
M,RCH_A,TOTAL,CY,2014-03-01,-0.9
M,RCH_A,TOTAL,CY,2014-04-01,-0.4
M,RCH_A,TOTAL,CY,2014-05-01,-0.1
M,RCH_A,TOTAL,CY,2014-06-01,0
M,RCH_A,TOTAL,CY,2014-07-01,0.9
M,RCH_A,TOTAL,CY,2014-08-01,0.8
M,RCH_A,TOTAL,CY,2014-09-01,0
M,RCH_A,TOTAL,CY,2014-10-01,0.3
M,RCH_A,TOTAL,CY,2014-11-01,0
M,RCH_A,TOTAL,CY,2014-12-01,-1
M,RCH_A,TOTAL,CY,2015-01-01,-0.7
M,RCH_A,TOTAL,CY,2015-02-01,-0.8
M,RCH_A,TOTAL,CY,2015-03-01,-1.4
M,RCH_A,TOTAL,CY,2015-04-01,-1.7
M,RCH_A,TOTAL,CY,2015-05-01,-1.7
M,RCH_A,TOTAL,CY,2015-06-01,-2.1
M,RCH_A,TOTAL,CY,2015-07-01,-2.4
M,RCH_A,TOTAL,CY,2015-08-01,-1.9
M,RCH_A,TOTAL,CY,2015-09-01,-1.9
M,RCH_A,TOTAL,CY,2015-10-01,-1.8
M,RCH_A,TOTAL,CY,2015-11-01,-1.5
M,RCH_A,TOTAL,CY,2015-12-01,-0.6
M,RCH_A,TOTAL,CY,2016-01-01,-1.1
M,RCH_A,TOTAL,CY,2016-02-01,-2.2
M,RCH_A,TOTAL,CY,2016-03-01,-2.1
M,RCH_A,TOTAL,CY,2016-04-01,-2.1
M,RCH_A,TOTAL,CY,2016-05-01,-1.9
M,RCH_A,TOTAL,CY,2016-06-01,-2
M,RCH_A,TOTAL,CY,2016-07-01,-0.4
M,RCH_A,TOTAL,CY,2016-08-01,-0.6
M,RCH_A,TOTAL,CY,2016-09-01,-0.4
M,RCH_A,TOTAL,CY,2016-10-01,-1
M,RCH_A,TOTAL,CY,2016-11-01,-0.8
M,RCH_A,TOTAL,CY,2016-12-01,0.1
M,RCH_A,TOTAL,CY,2017-01-01,0.7
M,RCH_A,TOTAL,CY,2017-02-01,1.4
M,RCH_A,TOTAL,CY,2017-03-01,1.5
M,RCH_A,TOTAL,CY,2017-04-01,2.1
M,RCH_A,TOTAL,CY,2017-05-01,0.9
M,RCH_A,TOTAL,CY,2017-06-01,0.9
M,RCH_A,TOTAL,CY,2017-07-01,0
M,RCH_A,TOTAL,CY,2017-08-01,0.5
M,RCH_A,TOTAL,CY,2017-09-01,0.1
M,RCH_A,TOTAL,CY,2017-10-01,0.4
M,RCH_A,TOTAL,CY,2017-11-01,0.2
M,RCH_A,TOTAL,CY,2017-12-01,-0.4
M,RCH_A,TOTAL,CY,2018-01-01,-1.5
M,RCH_A,TOTAL,CY,2018-02-01,-0.4
M,RCH_A,TOTAL,CY,2018-03-01,-0.4
M,RCH_A,TOTAL,CY,2018-04-01,-0.3
M,RCH_A,TOTAL,CY,2018-05-01,1
M,RCH_A,TOTAL,CY,2018-06-01,1.7
M,RCH_A,TOTAL,CY,2018-07-01,1.4
M,RCH_A,TOTAL,CY,2018-08-01,1.7
M,RCH_A,TOTAL,CY,2018-09-01,1.6
M,RCH_A,TOTAL,CY,2018-10-01,2
M,RCH_A,TOTAL,CY,2018-11-01,1.6
M,RCH_A,TOTAL,CY,2018-12-01,1
M,RCH_A,TOTAL,CY,2019-01-01,2.1
M,RCH_A,TOTAL,CY,2019-02-01,0.8
M,RCH_A,TOTAL,CY,2019-03-01,1.1
M,RCH_A,TOTAL,CY,2019-04-01,1.2
M,RCH_A,TOTAL,CY,2019-05-01,0.2
M,RCH_A,TOTAL,CY,2019-06-01,0.3
M,RCH_A,TOTAL,CY,2019-07-01,0.1
M,RCH_A,TOTAL,CY,2019-08-01,0.6
M,RCH_A,TOTAL,CY,2019-09-01,-0.5
M,RCH_A,TOTAL,CY,2019-10-01,-0.5
M,RCH_A,TOTAL,CY,2019-11-01,0.5
M,RCH_A,TOTAL,CY,2019-12-01,0.7
M,RCH_A,TOTAL,CY,2020-01-01,0.7
M,RCH_A,TOTAL,CY,2020-02-01,1
M,RCH_A,TOTAL,CY,2020-03-01,0.1
M,RCH_A,TOTAL,CY,2020-04-01,-1.2
M,RCH_A,TOTAL,CY,2020-05-01,-1.4
M,RCH_A,TOTAL,CY,2020-06-01,-2.2
M,RCH_A,TOTAL,CY,2020-07-01,-2.1
M,RCH_A,TOTAL,CY,2020-08-01,-2.9
M,RCH_A,TOTAL,CY,2020-09-01,-1.9
M,RCH_A,TOTAL,CY,2020-10-01,-1.4
M,RCH_A,TOTAL,CY,2020-11-01,-1.1
M,RCH_A,TOTAL,CY,2020-12-01,-0.8
M,RCH_A,TOTAL,CY,2021-01-01,-0.8
M,RCH_A,TOTAL,CY,2021-02-01,-0.9
M,RCH_A,TOTAL,CY,2021-03-01,0.3
M,RCH_A,TOTAL,CY,2021-04-01,1.2
M,RCH_A,TOTAL,CY,2021-05-01,1.5
M,RCH_A,TOTAL,CY,2021-06-01,2.2
M,RCH_A,TOTAL,CY,2021-07-01,2.7
M,RCH_A,TOTAL,CY,2021-08-01,3.3
M,RCH_A,TOTAL,CY,2021-09-01,3.6
M,RCH_A,TOTAL,CY,2021-10-01,4.4
M,RCH_A,TOTAL,CY,2021-11-01,4.7
M,RCH_A,TOTAL,CY,2021-12-01,4.8
M,RCH_A,TOTAL,CY,2022-01-01,5
M,RCH_A,TOTAL,CY,2022-02-01,5.8
M,RCH_A,TOTAL,CY,2022-03-01,6.3
M,RCH_A,TOTAL,CY,2022-04-01,8.6
M,RCH_A,TOTAL,CY,2022-05-01,8.8
M,RCH_A,TOTAL,CY,2022-06-01,9
M,RCH_A,TOTAL,CY,2022-07-01,10.6
M,RCH_A,TOTAL,CY,2022-08-01,9.6
M,RCH_A,TOTAL,CY,2022-09-01,9
M,RCH_A,TOTAL,CY,2022-10-01,8.6
M,RCH_A,TOTAL,CY,2022-11-01,8.1
M,RCH_A,TOTAL,CY,2022-12-01,7.6
M,RCH_A,TOTAL,CY,2023-01-01,6.8
M,RCH_A,TOTAL,CY,2023-02-01,6.7
M,RCH_A,TOTAL,CY,2023-03-01,6.1
M,RCH_A,TOTAL,CY,2023-04-01,3.9
M,RCH_A,TOTAL,CY,2023-05-01,3.6
M,RCH_A,TOTAL,CY,2023-06-01,2.8
M,RCH_A,TOTAL,CY,2023-07-01,2.4
M,RCH_A,TOTAL,CY,2023-08-01,3.1
M,RCH_A,TOTAL,CY,2023-09-01,4.3
M,RCH_A,TOTAL,CY,2023-10-01,3.6
M,RCH_A,TOTAL,CY,2023-11-01,2.4
M,RCH_A,TOTAL,CY,2023-12-01,1.9
M,RCH_A,TOTAL,CY,2024-01-01,2.1
M,RCH_A,TOTAL,CY,2024-02-01,2.1
M,RCH_A,TOTAL,CY,2024-03-01,1.6
M,RCH_A,TOTAL,CY,2024-04-01,2.1
M,RCH_A,TOTAL,CY,2024-05-01,3
M,RCH_A,TOTAL,CY,2024-06-01,3
M,RCH_A,TOTAL,CY,2024-07-01,2.4
M,RCH_A,TOTAL,CY,2024-08-01,2.2
M,RCH_A,TOTAL,CY,2024-09-01,1.6
M,RCH_A,TOTAL,CY,2024-10-01,1.6
M,RCH_A,TOTAL,CY,2024-11-01,2.2
M,RCH_A,TOTAL,CY,2024-12-01,3.1
M,RCH_A,TOTAL,CY,2025-01-01,2.9
M,RCH_A,TOTAL,CY,2025-02-01,2.3
M,RCH_A,TOTAL,CY,2025-03-01,2.1
M,RCH_A,TOTAL,CY,2025-04-01,1.4
M,RCH_A,TOTAL,CY,2025-05-01,0.4
M,RCH_A,TOTAL,CY,2025-06-01,0.5
M,RCH_A,TOTAL,CY,2025-07-01,0.1
M,RCH_A,TOTAL,CY,2025-08-01,0
M,RCH_A,TOTAL,CY,2025-09-01,0
M,RCH_A,TOTAL,CY,2025-10-01,0.2
M,RCH_A,TOTAL,CY,2025-11-01,0.1
M,RCH_A,TOTAL,CY,2025-12-01,0.1
M,RCH_A,TOTAL,CY,2026-01-01,1.2
M,RCH_A,TOTAL,CY,2026-02-01,0.9
M,RCH_A,TOTAL,CY,2026-03-01,1.5
M,RCH_A,TOTAL,CY,2026-04-01,3
M,RCH_A,TOTAL,CY,2026-05-01,3.5
M,RCH_A,TOTAL,CY,2026-06-01,4.1
M,RCH_A,TOTAL,CY,2026-07-01,4.4
M,RCH_A,TOTAL,CY,2026-08-01,5.2
M,RCH_A,TOTAL,CY,2026-09-01,5.2
M,RCH_A,TOTAL,LV,1996-01-01,NA
M,RCH_A,TOTAL,LV,1996-02-01,NA
M,RCH_A,TOTAL,LV,1996-03-01,NA
M,RCH_A,TOTAL,LV,1996-04-01,NA
M,RCH_A,TOTAL,LV,1996-05-01,NA
M,RCH_A,TOTAL,LV,1996-06-01,NA
M,RCH_A,TOTAL,LV,1996-07-01,NA
M,RCH_A,TOTAL,LV,1996-08-01,NA
M,RCH_A,TOTAL,LV,1996-09-01,NA
M,RCH_A,TOTAL,LV,1996-10-01,NA
M,RCH_A,TOTAL,LV,1996-11-01,NA
M,RCH_A,TOTAL,LV,1996-12-01,NA
M,RCH_A,TOTAL,LV,1997-01-01,11.2
M,RCH_A,TOTAL,LV,1997-02-01,9.7
M,RCH_A,TOTAL,LV,1997-03-01,8.5
M,RCH_A,TOTAL,LV,1997-04-01,8.6
M,RCH_A,TOTAL,LV,1997-05-01,8.8
M,RCH_A,TOTAL,LV,1997-06-01,7.5
M,RCH_A,TOTAL,LV,1997-07-01,6.9
M,RCH_A,TOTAL,LV,1997-08-01,8
M,RCH_A,TOTAL,LV,1997-09-01,7.5
M,RCH_A,TOTAL,LV,1997-10-01,7.1
M,RCH_A,TOTAL,LV,1997-11-01,6.9
M,RCH_A,TOTAL,LV,1997-12-01,6.4
M,RCH_A,TOTAL,LV,1998-01-01,5.7
M,RCH_A,TOTAL,LV,1998-02-01,5.4
M,RCH_A,TOTAL,LV,1998-03-01,5.3
M,RCH_A,TOTAL,LV,1998-04-01,5.4
M,RCH_A,TOTAL,LV,1998-05-01,4.7
M,RCH_A,TOTAL,LV,1998-06-01,5.1
M,RCH_A,TOTAL,LV,1998-07-01,4.5
M,RCH_A,TOTAL,LV,1998-08-01,3.8
M,RCH_A,TOTAL,LV,1998-09-01,3.6
M,RCH_A,TOTAL,LV,1998-10-01,2.9
M,RCH_A,TOTAL,LV,1998-11-01,2.7
M,RCH_A,TOTAL,LV,1998-12-01,2.7
M,RCH_A,TOTAL,LV,1999-01-01,2.3
M,RCH_A,TOTAL,LV,1999-02-01,2.3
M,RCH_A,TOTAL,LV,1999-03-01,2
M,RCH_A,TOTAL,LV,1999-04-01,1.2
M,RCH_A,TOTAL,LV,1999-05-01,1.7
M,RCH_A,TOTAL,LV,1999-06-01,1.7
M,RCH_A,TOTAL,LV,1999-07-01,1.6
M,RCH_A,TOTAL,LV,1999-08-01,1.8
M,RCH_A,TOTAL,LV,1999-09-01,2.1
M,RCH_A,TOTAL,LV,1999-10-01,2.6
M,RCH_A,TOTAL,LV,1999-11-01,3
M,RCH_A,TOTAL,LV,1999-12-01,3
M,RCH_A,TOTAL,LV,2000-01-01,3.1
M,RCH_A,TOTAL,LV,2000-02-01,3.4
M,RCH_A,TOTAL,LV,2000-03-01,3.2
M,RCH_A,TOTAL,LV,2000-04-01,3.7
M,RCH_A,TOTAL,LV,2000-05-01,3
M,RCH_A,TOTAL,LV,2000-06-01,2.4
M,RCH_A,TOTAL,LV,2000-07-01,2.8
M,RCH_A,TOTAL,LV,2000-08-01,2.5
M,RCH_A,TOTAL,LV,2000-09-01,2.2
M,RCH_A,TOTAL,LV,2000-10-01,2
M,RCH_A,TOTAL,LV,2000-11-01,1.6
M,RCH_A,TOTAL,LV,2000-12-01,1.8
M,RCH_A,TOTAL,LV,2001-01-01,1.3
M,RCH_A,TOTAL,LV,2001-02-01,0.7
M,RCH_A,TOTAL,LV,2001-03-01,1.4
M,RCH_A,TOTAL,LV,2001-04-01,1.4
M,RCH_A,TOTAL,LV,2001-05-01,2.7
M,RCH_A,TOTAL,LV,2001-06-01,3.2
M,RCH_A,TOTAL,LV,2001-07-01,3.2
M,RCH_A,TOTAL,LV,2001-08-01,3.1
M,RCH_A,TOTAL,LV,2001-09-01,3.7
M,RCH_A,TOTAL,LV,2001-10-01,3.3
M,RCH_A,TOTAL,LV,2001-11-01,3.1
M,RCH_A,TOTAL,LV,2001-12-01,3.2
M,RCH_A,TOTAL,LV,2002-01-01,3.5
M,RCH_A,TOTAL,LV,2002-02-01,3.3
M,RCH_A,TOTAL,LV,2002-03-01,3.2
M,RCH_A,TOTAL,LV,2002-04-01,2.9
M,RCH_A,TOTAL,LV,2002-05-01,2.1
M,RCH_A,TOTAL,LV,2002-06-01,1
M,RCH_A,TOTAL,LV,2002-07-01,1
M,RCH_A,TOTAL,LV,2002-08-01,1
M,RCH_A,TOTAL,LV,2002-09-01,1.1
M,RCH_A,TOTAL,LV,2002-10-01,1.6
M,RCH_A,TOTAL,LV,2002-11-01,1.6
M,RCH_A,TOTAL,LV,2002-12-01,1.5
M,RCH_A,TOTAL,LV,2003-01-01,1.5
M,RCH_A,TOTAL,LV,2003-02-01,2.1
M,RCH_A,TOTAL,LV,2003-03-01,2.2
M,RCH_A,TOTAL,LV,2003-04-01,2.5
M,RCH_A,TOTAL,LV,2003-05-01,2.5
M,RCH_A,TOTAL,LV,2003-06-01,3.7
M,RCH_A,TOTAL,LV,2003-07-01,3.8
M,RCH_A,TOTAL,LV,2003-08-01,3.4
M,RCH_A,TOTAL,LV,2003-09-01,3.1
M,RCH_A,TOTAL,LV,2003-10-01,3.3
M,RCH_A,TOTAL,LV,2003-11-01,3.6
M,RCH_A,TOTAL,LV,2003-12-01,3.6
M,RCH_A,TOTAL,LV,2004-01-01,3.9
M,RCH_A,TOTAL,LV,2004-02-01,4.3
M,RCH_A,TOTAL,LV,2004-03-01,4.8
M,RCH_A,TOTAL,LV,2004-04-01,5
M,RCH_A,TOTAL,LV,2004-05-01,6.2
M,RCH_A,TOTAL,LV,2004-06-01,6.1
M,RCH_A,TOTAL,LV,2004-07-01,6.6
M,RCH_A,TOTAL,LV,2004-08-01,7.7
M,RCH_A,TOTAL,LV,2004-09-01,7.7
M,RCH_A,TOTAL,LV,2004-10-01,7.2
M,RCH_A,TOTAL,LV,2004-11-01,7.2
M,RCH_A,TOTAL,LV,2004-12-01,7.4
M,RCH_A,TOTAL,LV,2005-01-01,6.7
M,RCH_A,TOTAL,LV,2005-02-01,7
M,RCH_A,TOTAL,LV,2005-03-01,6.5
M,RCH_A,TOTAL,LV,2005-04-01,7.1
M,RCH_A,TOTAL,LV,2005-05-01,6.5
M,RCH_A,TOTAL,LV,2005-06-01,6.5
M,RCH_A,TOTAL,LV,2005-07-01,6.3
M,RCH_A,TOTAL,LV,2005-08-01,6.3
M,RCH_A,TOTAL,LV,2005-09-01,7.4
M,RCH_A,TOTAL,LV,2005-10-01,7.7
M,RCH_A,TOTAL,LV,2005-11-01,7.5
M,RCH_A,TOTAL,LV,2005-12-01,7.1
M,RCH_A,TOTAL,LV,2006-01-01,7.5
M,RCH_A,TOTAL,LV,2006-02-01,7
M,RCH_A,TOTAL,LV,2006-03-01,6.6
M,RCH_A,TOTAL,LV,2006-04-01,6.1
M,RCH_A,TOTAL,LV,2006-05-01,7.1
M,RCH_A,TOTAL,LV,2006-06-01,6.3
M,RCH_A,TOTAL,LV,2006-07-01,7
M,RCH_A,TOTAL,LV,2006-08-01,6.8
M,RCH_A,TOTAL,LV,2006-09-01,5.9
M,RCH_A,TOTAL,LV,2006-10-01,5.6
M,RCH_A,TOTAL,LV,2006-11-01,6.3
M,RCH_A,TOTAL,LV,2006-12-01,6.7
M,RCH_A,TOTAL,LV,2007-01-01,7.1
M,RCH_A,TOTAL,LV,2007-02-01,7.2
M,RCH_A,TOTAL,LV,2007-03-01,8.5
M,RCH_A,TOTAL,LV,2007-04-01,8.8
M,RCH_A,TOTAL,LV,2007-05-01,7.8
M,RCH_A,TOTAL,LV,2007-06-01,8.9
M,RCH_A,TOTAL,LV,2007-07-01,9.5
M,RCH_A,TOTAL,LV,2007-08-01,10.2
M,RCH_A,TOTAL,LV,2007-09-01,11.5
M,RCH_A,TOTAL,LV,2007-10-01,13.2
M,RCH_A,TOTAL,LV,2007-11-01,13.7
M,RCH_A,TOTAL,LV,2007-12-01,14
M,RCH_A,TOTAL,LV,2008-01-01,15.6
M,RCH_A,TOTAL,LV,2008-02-01,16.5
M,RCH_A,TOTAL,LV,2008-03-01,16.6
M,RCH_A,TOTAL,LV,2008-04-01,17.4
M,RCH_A,TOTAL,LV,2008-05-01,17.7
M,RCH_A,TOTAL,LV,2008-06-01,17.5
M,RCH_A,TOTAL,LV,2008-07-01,16.5
M,RCH_A,TOTAL,LV,2008-08-01,15.6
M,RCH_A,TOTAL,LV,2008-09-01,14.7
M,RCH_A,TOTAL,LV,2008-10-01,13.7
M,RCH_A,TOTAL,LV,2008-11-01,11.6
M,RCH_A,TOTAL,LV,2008-12-01,10.4
M,RCH_A,TOTAL,LV,2009-01-01,9.7
M,RCH_A,TOTAL,LV,2009-02-01,9.4
M,RCH_A,TOTAL,LV,2009-03-01,7.9
M,RCH_A,TOTAL,LV,2009-04-01,5.9
M,RCH_A,TOTAL,LV,2009-05-01,4.4
M,RCH_A,TOTAL,LV,2009-06-01,3.1
M,RCH_A,TOTAL,LV,2009-07-01,2.1
M,RCH_A,TOTAL,LV,2009-08-01,1.5
M,RCH_A,TOTAL,LV,2009-09-01,0.1
M,RCH_A,TOTAL,LV,2009-10-01,-1.2
M,RCH_A,TOTAL,LV,2009-11-01,-1.4
M,RCH_A,TOTAL,LV,2009-12-01,-1.4
M,RCH_A,TOTAL,LV,2010-01-01,-3.3
M,RCH_A,TOTAL,LV,2010-02-01,-4.4
M,RCH_A,TOTAL,LV,2010-03-01,-4
M,RCH_A,TOTAL,LV,2010-04-01,-2.8
M,RCH_A,TOTAL,LV,2010-05-01,-2.4
M,RCH_A,TOTAL,LV,2010-06-01,-1.6
M,RCH_A,TOTAL,LV,2010-07-01,-0.7
M,RCH_A,TOTAL,LV,2010-08-01,-0.5
M,RCH_A,TOTAL,LV,2010-09-01,0.3
M,RCH_A,TOTAL,LV,2010-10-01,0.8
M,RCH_A,TOTAL,LV,2010-11-01,1.7
M,RCH_A,TOTAL,LV,2010-12-01,2.4
M,RCH_A,TOTAL,LV,2011-01-01,3.5
M,RCH_A,TOTAL,LV,2011-02-01,3.8
M,RCH_A,TOTAL,LV,2011-03-01,4.1
M,RCH_A,TOTAL,LV,2011-04-01,4.3
M,RCH_A,TOTAL,LV,2011-05-01,4.8
M,RCH_A,TOTAL,LV,2011-06-01,4.7
M,RCH_A,TOTAL,LV,2011-07-01,4.2
M,RCH_A,TOTAL,LV,2011-08-01,4.6
M,RCH_A,TOTAL,LV,2011-09-01,4.4
M,RCH_A,TOTAL,LV,2011-10-01,4.3
M,RCH_A,TOTAL,LV,2011-11-01,4
M,RCH_A,TOTAL,LV,2011-12-01,3.9
M,RCH_A,TOTAL,LV,2012-01-01,3.4
M,RCH_A,TOTAL,LV,2012-02-01,3.3
M,RCH_A,TOTAL,LV,2012-03-01,3.2
M,RCH_A,TOTAL,LV,2012-04-01,2.8
M,RCH_A,TOTAL,LV,2012-05-01,2.3
M,RCH_A,TOTAL,LV,2012-06-01,2.1
M,RCH_A,TOTAL,LV,2012-07-01,1.9
M,RCH_A,TOTAL,LV,2012-08-01,1.9
M,RCH_A,TOTAL,LV,2012-09-01,1.9
M,RCH_A,TOTAL,LV,2012-10-01,1.6
M,RCH_A,TOTAL,LV,2012-11-01,1.5
M,RCH_A,TOTAL,LV,2012-12-01,1.6
M,RCH_A,TOTAL,LV,2013-01-01,0.6
M,RCH_A,TOTAL,LV,2013-02-01,0.4
M,RCH_A,TOTAL,LV,2013-03-01,0.3
M,RCH_A,TOTAL,LV,2013-04-01,-0.4
M,RCH_A,TOTAL,LV,2013-05-01,-0.2
M,RCH_A,TOTAL,LV,2013-06-01,0.2
M,RCH_A,TOTAL,LV,2013-07-01,0.5
M,RCH_A,TOTAL,LV,2013-08-01,-0.1
M,RCH_A,TOTAL,LV,2013-09-01,-0.4
M,RCH_A,TOTAL,LV,2013-10-01,0
M,RCH_A,TOTAL,LV,2013-11-01,-0.3
M,RCH_A,TOTAL,LV,2013-12-01,-0.4
M,RCH_A,TOTAL,LV,2014-01-01,0.5
M,RCH_A,TOTAL,LV,2014-02-01,0.5
M,RCH_A,TOTAL,LV,2014-03-01,0.3
M,RCH_A,TOTAL,LV,2014-04-01,0.8
M,RCH_A,TOTAL,LV,2014-05-01,0.8
M,RCH_A,TOTAL,LV,2014-06-01,0.8
M,RCH_A,TOTAL,LV,2014-07-01,0.6
M,RCH_A,TOTAL,LV,2014-08-01,0.8
M,RCH_A,TOTAL,LV,2014-09-01,1.2
M,RCH_A,TOTAL,LV,2014-10-01,0.7
M,RCH_A,TOTAL,LV,2014-11-01,0.9
M,RCH_A,TOTAL,LV,2014-12-01,0.3
M,RCH_A,TOTAL,LV,2015-01-01,-0.3
M,RCH_A,TOTAL,LV,2015-02-01,0
M,RCH_A,TOTAL,LV,2015-03-01,0.5
M,RCH_A,TOTAL,LV,2015-04-01,0.6
M,RCH_A,TOTAL,LV,2015-05-01,1.2
M,RCH_A,TOTAL,LV,2015-06-01,0.7
M,RCH_A,TOTAL,LV,2015-07-01,-0.2
M,RCH_A,TOTAL,LV,2015-08-01,0.2
M,RCH_A,TOTAL,LV,2015-09-01,-0.4
M,RCH_A,TOTAL,LV,2015-10-01,-0.2
M,RCH_A,TOTAL,LV,2015-11-01,0
M,RCH_A,TOTAL,LV,2015-12-01,0.4
M,RCH_A,TOTAL,LV,2016-01-01,-0.3
M,RCH_A,TOTAL,LV,2016-02-01,-0.6
M,RCH_A,TOTAL,LV,2016-03-01,-0.6
M,RCH_A,TOTAL,LV,2016-04-01,-0.7
M,RCH_A,TOTAL,LV,2016-05-01,-0.8
M,RCH_A,TOTAL,LV,2016-06-01,-0.6
M,RCH_A,TOTAL,LV,2016-07-01,0.1
M,RCH_A,TOTAL,LV,2016-08-01,-0.1
M,RCH_A,TOTAL,LV,2016-09-01,0.5
M,RCH_A,TOTAL,LV,2016-10-01,1.1
M,RCH_A,TOTAL,LV,2016-11-01,1.2
M,RCH_A,TOTAL,LV,2016-12-01,2.1
M,RCH_A,TOTAL,LV,2017-01-01,2.8
M,RCH_A,TOTAL,LV,2017-02-01,3.2
M,RCH_A,TOTAL,LV,2017-03-01,3.3
M,RCH_A,TOTAL,LV,2017-04-01,3.3
M,RCH_A,TOTAL,LV,2017-05-01,2.7
M,RCH_A,TOTAL,LV,2017-06-01,3.1
M,RCH_A,TOTAL,LV,2017-07-01,2.6
M,RCH_A,TOTAL,LV,2017-08-01,3.2
M,RCH_A,TOTAL,LV,2017-09-01,3
M,RCH_A,TOTAL,LV,2017-10-01,2.7
M,RCH_A,TOTAL,LV,2017-11-01,2.7
M,RCH_A,TOTAL,LV,2017-12-01,2.2
M,RCH_A,TOTAL,LV,2018-01-01,2
M,RCH_A,TOTAL,LV,2018-02-01,1.8
M,RCH_A,TOTAL,LV,2018-03-01,2.2
M,RCH_A,TOTAL,LV,2018-04-01,2.1
M,RCH_A,TOTAL,LV,2018-05-01,2.4
M,RCH_A,TOTAL,LV,2018-06-01,2.7
M,RCH_A,TOTAL,LV,2018-07-01,2.7
M,RCH_A,TOTAL,LV,2018-08-01,2.8
M,RCH_A,TOTAL,LV,2018-09-01,3.3
M,RCH_A,TOTAL,LV,2018-10-01,3.2
M,RCH_A,TOTAL,LV,2018-11-01,2.9
M,RCH_A,TOTAL,LV,2018-12-01,2.5
M,RCH_A,TOTAL,LV,2019-01-01,2.9
M,RCH_A,TOTAL,LV,2019-02-01,2.8
M,RCH_A,TOTAL,LV,2019-03-01,2.7
M,RCH_A,TOTAL,LV,2019-04-01,3.4
M,RCH_A,TOTAL,LV,2019-05-01,3.5
M,RCH_A,TOTAL,LV,2019-06-01,3.1
M,RCH_A,TOTAL,LV,2019-07-01,3
M,RCH_A,TOTAL,LV,2019-08-01,3.1
M,RCH_A,TOTAL,LV,2019-09-01,2.3
M,RCH_A,TOTAL,LV,2019-10-01,2.2
M,RCH_A,TOTAL,LV,2019-11-01,2
M,RCH_A,TOTAL,LV,2019-12-01,2.1
M,RCH_A,TOTAL,LV,2020-01-01,2.2
M,RCH_A,TOTAL,LV,2020-02-01,2.2
M,RCH_A,TOTAL,LV,2020-03-01,1.4
M,RCH_A,TOTAL,LV,2020-04-01,-0.1
M,RCH_A,TOTAL,LV,2020-05-01,-1
M,RCH_A,TOTAL,LV,2020-06-01,-1.1
M,RCH_A,TOTAL,LV,2020-07-01,0.1
M,RCH_A,TOTAL,LV,2020-08-01,-0.5
M,RCH_A,TOTAL,LV,2020-09-01,-0.4
M,RCH_A,TOTAL,LV,2020-10-01,-0.7
M,RCH_A,TOTAL,LV,2020-11-01,-0.7
M,RCH_A,TOTAL,LV,2020-12-01,-0.5
M,RCH_A,TOTAL,LV,2021-01-01,-0.4
M,RCH_A,TOTAL,LV,2021-02-01,-0.2
M,RCH_A,TOTAL,LV,2021-03-01,0.3
M,RCH_A,TOTAL,LV,2021-04-01,1.7
M,RCH_A,TOTAL,LV,2021-05-01,2.6
M,RCH_A,TOTAL,LV,2021-06-01,2.7
M,RCH_A,TOTAL,LV,2021-07-01,2.8
M,RCH_A,TOTAL,LV,2021-08-01,3.6
M,RCH_A,TOTAL,LV,2021-09-01,4.7
M,RCH_A,TOTAL,LV,2021-10-01,6
M,RCH_A,TOTAL,LV,2021-11-01,7.4
M,RCH_A,TOTAL,LV,2021-12-01,7.9
M,RCH_A,TOTAL,LV,2022-01-01,7.4
M,RCH_A,TOTAL,LV,2022-02-01,8.8
M,RCH_A,TOTAL,LV,2022-03-01,11.5
M,RCH_A,TOTAL,LV,2022-04-01,13
M,RCH_A,TOTAL,LV,2022-05-01,16.8
M,RCH_A,TOTAL,LV,2022-06-01,19.2
M,RCH_A,TOTAL,LV,2022-07-01,21.3
M,RCH_A,TOTAL,LV,2022-08-01,21.4
M,RCH_A,TOTAL,LV,2022-09-01,22
M,RCH_A,TOTAL,LV,2022-10-01,21.7
M,RCH_A,TOTAL,LV,2022-11-01,21.7
M,RCH_A,TOTAL,LV,2022-12-01,20.7
M,RCH_A,TOTAL,LV,2023-01-01,21.3
M,RCH_A,TOTAL,LV,2023-02-01,20.1
M,RCH_A,TOTAL,LV,2023-03-01,17.2
M,RCH_A,TOTAL,LV,2023-04-01,15
M,RCH_A,TOTAL,LV,2023-05-01,12.3
M,RCH_A,TOTAL,LV,2023-06-01,8.1
M,RCH_A,TOTAL,LV,2023-07-01,6.6
M,RCH_A,TOTAL,LV,2023-08-01,5.6
M,RCH_A,TOTAL,LV,2023-09-01,3.5
M,RCH_A,TOTAL,LV,2023-10-01,2.3
M,RCH_A,TOTAL,LV,2023-11-01,1.1
M,RCH_A,TOTAL,LV,2023-12-01,0.8
M,RCH_A,TOTAL,LV,2024-01-01,1.1
M,RCH_A,TOTAL,LV,2024-02-01,0.6
M,RCH_A,TOTAL,LV,2024-03-01,1
M,RCH_A,TOTAL,LV,2024-04-01,1.1
M,RCH_A,TOTAL,LV,2024-05-01,0.1
M,RCH_A,TOTAL,LV,2024-06-01,1.5
M,RCH_A,TOTAL,LV,2024-07-01,0.8
M,RCH_A,TOTAL,LV,2024-08-01,0.9
M,RCH_A,TOTAL,LV,2024-09-01,1.6
M,RCH_A,TOTAL,LV,2024-10-01,2.1
M,RCH_A,TOTAL,LV,2024-11-01,2.3
M,RCH_A,TOTAL,LV,2024-12-01,3.4
M,RCH_A,TOTAL,LV,2025-01-01,3.1
M,RCH_A,TOTAL,LV,2025-02-01,3.7
M,RCH_A,TOTAL,LV,2025-03-01,3.5
M,RCH_A,TOTAL,LV,2025-04-01,4
M,RCH_A,TOTAL,LV,2025-05-01,3.7
M,RCH_A,TOTAL,LV,2025-06-01,3.9
M,RCH_A,TOTAL,LV,2025-07-01,3.9
M,RCH_A,TOTAL,LV,2025-08-01,4.2
M,RCH_A,TOTAL,LV,2025-09-01,4.2
M,RCH_A,TOTAL,LV,2025-10-01,4.3
M,RCH_A,TOTAL,LV,2025-11-01,3.8
M,RCH_A,TOTAL,LV,2025-12-01,3.4
M,RCH_A,TOTAL,LV,2026-01-01,2.9
M,RCH_A,TOTAL,LV,2026-02-01,2.4
M,RCH_A,TOTAL,LV,2026-03-01,3.4
M,RCH_A,TOTAL,LV,2026-04-01,2.9
M,RCH_A,TOTAL,LV,2026-05-01,3.5
M,RCH_A,TOTAL,LV,2026-06-01,3.3
M,RCH_A,TOTAL,LV,2026-07-01,2.5
M,RCH_A,TOTAL,LV,2026-08-01,3
M,RCH_A,TOTAL,LV,2026-09-01,2.9
M,RCH_A,TOTAL,LT,1996-01-01,NA
M,RCH_A,TOTAL,LT,1996-02-01,NA
M,RCH_A,TOTAL,LT,1996-03-01,NA
M,RCH_A,TOTAL,LT,1996-04-01,NA
M,RCH_A,TOTAL,LT,1996-05-01,NA
M,RCH_A,TOTAL,LT,1996-06-01,NA
M,RCH_A,TOTAL,LT,1996-07-01,NA
M,RCH_A,TOTAL,LT,1996-08-01,NA
M,RCH_A,TOTAL,LT,1996-09-01,NA
M,RCH_A,TOTAL,LT,1996-10-01,NA
M,RCH_A,TOTAL,LT,1996-11-01,NA
M,RCH_A,TOTAL,LT,1996-12-01,NA
M,RCH_A,TOTAL,LT,1997-01-01,15.4
M,RCH_A,TOTAL,LT,1997-02-01,13.4
M,RCH_A,TOTAL,LT,1997-03-01,10.7
M,RCH_A,TOTAL,LT,1997-04-01,9.4
M,RCH_A,TOTAL,LT,1997-05-01,9.7
M,RCH_A,TOTAL,LT,1997-06-01,8.9
M,RCH_A,TOTAL,LT,1997-07-01,10.1
M,RCH_A,TOTAL,LT,1997-08-01,10.2
M,RCH_A,TOTAL,LT,1997-09-01,9.4
M,RCH_A,TOTAL,LT,1997-10-01,9.4
M,RCH_A,TOTAL,LT,1997-11-01,9.2
M,RCH_A,TOTAL,LT,1997-12-01,8.5
M,RCH_A,TOTAL,LT,1998-01-01,6.5
M,RCH_A,TOTAL,LT,1998-02-01,6.3
M,RCH_A,TOTAL,LT,1998-03-01,6.7
M,RCH_A,TOTAL,LT,1998-04-01,6.9
M,RCH_A,TOTAL,LT,1998-05-01,6.9
M,RCH_A,TOTAL,LT,1998-06-01,6
M,RCH_A,TOTAL,LT,1998-07-01,5.2
M,RCH_A,TOTAL,LT,1998-08-01,4.6
M,RCH_A,TOTAL,LT,1998-09-01,4.3
M,RCH_A,TOTAL,LT,1998-10-01,4.7
M,RCH_A,TOTAL,LT,1998-11-01,3.5
M,RCH_A,TOTAL,LT,1998-12-01,3.1
M,RCH_A,TOTAL,LT,1999-01-01,3.1
M,RCH_A,TOTAL,LT,1999-02-01,2.8
M,RCH_A,TOTAL,LT,1999-03-01,2.2
M,RCH_A,TOTAL,LT,1999-04-01,1.8
M,RCH_A,TOTAL,LT,1999-05-01,1.1
M,RCH_A,TOTAL,LT,1999-06-01,1.8
M,RCH_A,TOTAL,LT,1999-07-01,0.8
M,RCH_A,TOTAL,LT,1999-08-01,1
M,RCH_A,TOTAL,LT,1999-09-01,1.9
M,RCH_A,TOTAL,LT,1999-10-01,0.3
M,RCH_A,TOTAL,LT,1999-11-01,0.2
M,RCH_A,TOTAL,LT,1999-12-01,0.4
M,RCH_A,TOTAL,LT,2000-01-01,0.9
M,RCH_A,TOTAL,LT,2000-02-01,0.9
M,RCH_A,TOTAL,LT,2000-03-01,1
M,RCH_A,TOTAL,LT,2000-04-01,0.9
M,RCH_A,TOTAL,LT,2000-05-01,0.5
M,RCH_A,TOTAL,LT,2000-06-01,1.3
M,RCH_A,TOTAL,LT,2000-07-01,1.5
M,RCH_A,TOTAL,LT,2000-08-01,1
M,RCH_A,TOTAL,LT,2000-09-01,0.5
M,RCH_A,TOTAL,LT,2000-10-01,1.3
M,RCH_A,TOTAL,LT,2000-11-01,1.7
M,RCH_A,TOTAL,LT,2000-12-01,1.7
M,RCH_A,TOTAL,LT,2001-01-01,-0.1
M,RCH_A,TOTAL,LT,2001-02-01,0
M,RCH_A,TOTAL,LT,2001-03-01,0.8
M,RCH_A,TOTAL,LT,2001-04-01,1
M,RCH_A,TOTAL,LT,2001-05-01,2
M,RCH_A,TOTAL,LT,2001-06-01,2
M,RCH_A,TOTAL,LT,2001-07-01,1.5
M,RCH_A,TOTAL,LT,2001-08-01,2.7
M,RCH_A,TOTAL,LT,2001-09-01,2.3
M,RCH_A,TOTAL,LT,2001-10-01,2.4
M,RCH_A,TOTAL,LT,2001-11-01,2
M,RCH_A,TOTAL,LT,2001-12-01,2
M,RCH_A,TOTAL,LT,2002-01-01,3.2
M,RCH_A,TOTAL,LT,2002-02-01,2.8
M,RCH_A,TOTAL,LT,2002-03-01,1.7
M,RCH_A,TOTAL,LT,2002-04-01,1.4
M,RCH_A,TOTAL,LT,2002-05-01,0.5
M,RCH_A,TOTAL,LT,2002-06-01,-0.4
M,RCH_A,TOTAL,LT,2002-07-01,0.1
M,RCH_A,TOTAL,LT,2002-08-01,-1
M,RCH_A,TOTAL,LT,2002-09-01,-1.4
M,RCH_A,TOTAL,LT,2002-10-01,-1
M,RCH_A,TOTAL,LT,2002-11-01,-0.9
M,RCH_A,TOTAL,LT,2002-12-01,-0.9
M,RCH_A,TOTAL,LT,2003-01-01,-1.8
M,RCH_A,TOTAL,LT,2003-02-01,-1.9
M,RCH_A,TOTAL,LT,2003-03-01,-1
M,RCH_A,TOTAL,LT,2003-04-01,-0.9
M,RCH_A,TOTAL,LT,2003-05-01,-0.7
M,RCH_A,TOTAL,LT,2003-06-01,-0.3
M,RCH_A,TOTAL,LT,2003-07-01,-0.8
M,RCH_A,TOTAL,LT,2003-08-01,-1
M,RCH_A,TOTAL,LT,2003-09-01,-0.8
M,RCH_A,TOTAL,LT,2003-10-01,-1.3
M,RCH_A,TOTAL,LT,2003-11-01,-1
M,RCH_A,TOTAL,LT,2003-12-01,-1.3
M,RCH_A,TOTAL,LT,2004-01-01,-1.2
M,RCH_A,TOTAL,LT,2004-02-01,-1.2
M,RCH_A,TOTAL,LT,2004-03-01,-0.9
M,RCH_A,TOTAL,LT,2004-04-01,-0.6
M,RCH_A,TOTAL,LT,2004-05-01,1
M,RCH_A,TOTAL,LT,2004-06-01,1
M,RCH_A,TOTAL,LT,2004-07-01,1.8
M,RCH_A,TOTAL,LT,2004-08-01,2.2
M,RCH_A,TOTAL,LT,2004-09-01,3.1
M,RCH_A,TOTAL,LT,2004-10-01,3.1
M,RCH_A,TOTAL,LT,2004-11-01,2.9
M,RCH_A,TOTAL,LT,2004-12-01,2.9
M,RCH_A,TOTAL,LT,2005-01-01,2.9
M,RCH_A,TOTAL,LT,2005-02-01,3.2
M,RCH_A,TOTAL,LT,2005-03-01,3.3
M,RCH_A,TOTAL,LT,2005-04-01,3.2
M,RCH_A,TOTAL,LT,2005-05-01,1.9
M,RCH_A,TOTAL,LT,2005-06-01,2
M,RCH_A,TOTAL,LT,2005-07-01,1.9
M,RCH_A,TOTAL,LT,2005-08-01,2.3
M,RCH_A,TOTAL,LT,2005-09-01,2.5
M,RCH_A,TOTAL,LT,2005-10-01,3
M,RCH_A,TOTAL,LT,2005-11-01,2.9
M,RCH_A,TOTAL,LT,2005-12-01,3
M,RCH_A,TOTAL,LT,2006-01-01,3.5
M,RCH_A,TOTAL,LT,2006-02-01,3.4
M,RCH_A,TOTAL,LT,2006-03-01,3
M,RCH_A,TOTAL,LT,2006-04-01,3.4
M,RCH_A,TOTAL,LT,2006-05-01,3.6
M,RCH_A,TOTAL,LT,2006-06-01,3.7
M,RCH_A,TOTAL,LT,2006-07-01,4.4
M,RCH_A,TOTAL,LT,2006-08-01,4.2
M,RCH_A,TOTAL,LT,2006-09-01,3.3
M,RCH_A,TOTAL,LT,2006-10-01,3.6
M,RCH_A,TOTAL,LT,2006-11-01,4.4
M,RCH_A,TOTAL,LT,2006-12-01,4.5
M,RCH_A,TOTAL,LT,2007-01-01,4
M,RCH_A,TOTAL,LT,2007-02-01,4.4
M,RCH_A,TOTAL,LT,2007-03-01,4.7
M,RCH_A,TOTAL,LT,2007-04-01,4.9
M,RCH_A,TOTAL,LT,2007-05-01,5
M,RCH_A,TOTAL,LT,2007-06-01,5
M,RCH_A,TOTAL,LT,2007-07-01,5.1
M,RCH_A,TOTAL,LT,2007-08-01,5.6
M,RCH_A,TOTAL,LT,2007-09-01,7.1
M,RCH_A,TOTAL,LT,2007-10-01,7.6
M,RCH_A,TOTAL,LT,2007-11-01,7.9
M,RCH_A,TOTAL,LT,2007-12-01,8.2
M,RCH_A,TOTAL,LT,2008-01-01,10
M,RCH_A,TOTAL,LT,2008-02-01,10.9
M,RCH_A,TOTAL,LT,2008-03-01,11.4
M,RCH_A,TOTAL,LT,2008-04-01,11.9
M,RCH_A,TOTAL,LT,2008-05-01,12.3
M,RCH_A,TOTAL,LT,2008-06-01,12.7
M,RCH_A,TOTAL,LT,2008-07-01,12.4
M,RCH_A,TOTAL,LT,2008-08-01,12.2
M,RCH_A,TOTAL,LT,2008-09-01,11.3
M,RCH_A,TOTAL,LT,2008-10-01,10.7
M,RCH_A,TOTAL,LT,2008-11-01,9.2
M,RCH_A,TOTAL,LT,2008-12-01,8.5
M,RCH_A,TOTAL,LT,2009-01-01,9.5
M,RCH_A,TOTAL,LT,2009-02-01,8.5
M,RCH_A,TOTAL,LT,2009-03-01,7.4
M,RCH_A,TOTAL,LT,2009-04-01,5.9
M,RCH_A,TOTAL,LT,2009-05-01,4.9
M,RCH_A,TOTAL,LT,2009-06-01,3.9
M,RCH_A,TOTAL,LT,2009-07-01,2.6
M,RCH_A,TOTAL,LT,2009-08-01,2.2
M,RCH_A,TOTAL,LT,2009-09-01,2.3
M,RCH_A,TOTAL,LT,2009-10-01,1
M,RCH_A,TOTAL,LT,2009-11-01,1.3
M,RCH_A,TOTAL,LT,2009-12-01,1.2
M,RCH_A,TOTAL,LT,2010-01-01,-0.3
M,RCH_A,TOTAL,LT,2010-02-01,-0.6
M,RCH_A,TOTAL,LT,2010-03-01,-0.3
M,RCH_A,TOTAL,LT,2010-04-01,0.2
M,RCH_A,TOTAL,LT,2010-05-01,0.5
M,RCH_A,TOTAL,LT,2010-06-01,0.9
M,RCH_A,TOTAL,LT,2010-07-01,1.8
M,RCH_A,TOTAL,LT,2010-08-01,1.8
M,RCH_A,TOTAL,LT,2010-09-01,1.8
M,RCH_A,TOTAL,LT,2010-10-01,2.6
M,RCH_A,TOTAL,LT,2010-11-01,2.5
M,RCH_A,TOTAL,LT,2010-12-01,3.6
M,RCH_A,TOTAL,LT,2011-01-01,2.8
M,RCH_A,TOTAL,LT,2011-02-01,3
M,RCH_A,TOTAL,LT,2011-03-01,3.7
M,RCH_A,TOTAL,LT,2011-04-01,4.4
M,RCH_A,TOTAL,LT,2011-05-01,5
M,RCH_A,TOTAL,LT,2011-06-01,4.8
M,RCH_A,TOTAL,LT,2011-07-01,4.6
M,RCH_A,TOTAL,LT,2011-08-01,4.4
M,RCH_A,TOTAL,LT,2011-09-01,4.7
M,RCH_A,TOTAL,LT,2011-10-01,4.2
M,RCH_A,TOTAL,LT,2011-11-01,4.4
M,RCH_A,TOTAL,LT,2011-12-01,3.5
M,RCH_A,TOTAL,LT,2012-01-01,3.4
M,RCH_A,TOTAL,LT,2012-02-01,3.7
M,RCH_A,TOTAL,LT,2012-03-01,3.7
M,RCH_A,TOTAL,LT,2012-04-01,3.3
M,RCH_A,TOTAL,LT,2012-05-01,2.6
M,RCH_A,TOTAL,LT,2012-06-01,2.6
M,RCH_A,TOTAL,LT,2012-07-01,2.9
M,RCH_A,TOTAL,LT,2012-08-01,3.4
M,RCH_A,TOTAL,LT,2012-09-01,3.3
M,RCH_A,TOTAL,LT,2012-10-01,3.2
M,RCH_A,TOTAL,LT,2012-11-01,2.8
M,RCH_A,TOTAL,LT,2012-12-01,2.9
M,RCH_A,TOTAL,LT,2013-01-01,2.7
M,RCH_A,TOTAL,LT,2013-02-01,2.3
M,RCH_A,TOTAL,LT,2013-03-01,1.6
M,RCH_A,TOTAL,LT,2013-04-01,1.4
M,RCH_A,TOTAL,LT,2013-05-01,1.5
M,RCH_A,TOTAL,LT,2013-06-01,1.3
M,RCH_A,TOTAL,LT,2013-07-01,0.6
M,RCH_A,TOTAL,LT,2013-08-01,0.5
M,RCH_A,TOTAL,LT,2013-09-01,0.5
M,RCH_A,TOTAL,LT,2013-10-01,0.5
M,RCH_A,TOTAL,LT,2013-11-01,0.5
M,RCH_A,TOTAL,LT,2013-12-01,0.5
M,RCH_A,TOTAL,LT,2014-01-01,0.2
M,RCH_A,TOTAL,LT,2014-02-01,0.3
M,RCH_A,TOTAL,LT,2014-03-01,0.4
M,RCH_A,TOTAL,LT,2014-04-01,0.3
M,RCH_A,TOTAL,LT,2014-05-01,0.1
M,RCH_A,TOTAL,LT,2014-06-01,0.3
M,RCH_A,TOTAL,LT,2014-07-01,0.5
M,RCH_A,TOTAL,LT,2014-08-01,0.3
M,RCH_A,TOTAL,LT,2014-09-01,0
M,RCH_A,TOTAL,LT,2014-10-01,0.3
M,RCH_A,TOTAL,LT,2014-11-01,0.4
M,RCH_A,TOTAL,LT,2014-12-01,-0.1
M,RCH_A,TOTAL,LT,2015-01-01,-1.4
M,RCH_A,TOTAL,LT,2015-02-01,-1.5
M,RCH_A,TOTAL,LT,2015-03-01,-1.1
M,RCH_A,TOTAL,LT,2015-04-01,-0.6
M,RCH_A,TOTAL,LT,2015-05-01,-0.1
M,RCH_A,TOTAL,LT,2015-06-01,-0.2
M,RCH_A,TOTAL,LT,2015-07-01,-0.2
M,RCH_A,TOTAL,LT,2015-08-01,-1
M,RCH_A,TOTAL,LT,2015-09-01,-0.8
M,RCH_A,TOTAL,LT,2015-10-01,-0.4
M,RCH_A,TOTAL,LT,2015-11-01,-0.5
M,RCH_A,TOTAL,LT,2015-12-01,-0.2
M,RCH_A,TOTAL,LT,2016-01-01,0.7
M,RCH_A,TOTAL,LT,2016-02-01,0.5
M,RCH_A,TOTAL,LT,2016-03-01,0.8
M,RCH_A,TOTAL,LT,2016-04-01,0.8
M,RCH_A,TOTAL,LT,2016-05-01,0.2
M,RCH_A,TOTAL,LT,2016-06-01,0.4
M,RCH_A,TOTAL,LT,2016-07-01,0
M,RCH_A,TOTAL,LT,2016-08-01,0.5
M,RCH_A,TOTAL,LT,2016-09-01,0.6
M,RCH_A,TOTAL,LT,2016-10-01,0.7
M,RCH_A,TOTAL,LT,2016-11-01,1.1
M,RCH_A,TOTAL,LT,2016-12-01,2
M,RCH_A,TOTAL,LT,2017-01-01,2.6
M,RCH_A,TOTAL,LT,2017-02-01,3.2
M,RCH_A,TOTAL,LT,2017-03-01,3.2
M,RCH_A,TOTAL,LT,2017-04-01,3.5
M,RCH_A,TOTAL,LT,2017-05-01,3.2
M,RCH_A,TOTAL,LT,2017-06-01,3.5
M,RCH_A,TOTAL,LT,2017-07-01,4.1
M,RCH_A,TOTAL,LT,2017-08-01,4.6
M,RCH_A,TOTAL,LT,2017-09-01,4.6
M,RCH_A,TOTAL,LT,2017-10-01,4.2
M,RCH_A,TOTAL,LT,2017-11-01,4.2
M,RCH_A,TOTAL,LT,2017-12-01,3.8
M,RCH_A,TOTAL,LT,2018-01-01,3.6
M,RCH_A,TOTAL,LT,2018-02-01,3.2
M,RCH_A,TOTAL,LT,2018-03-01,2.5
M,RCH_A,TOTAL,LT,2018-04-01,2.2
M,RCH_A,TOTAL,LT,2018-05-01,2.9
M,RCH_A,TOTAL,LT,2018-06-01,2.5
M,RCH_A,TOTAL,LT,2018-07-01,2.3
M,RCH_A,TOTAL,LT,2018-08-01,1.8
M,RCH_A,TOTAL,LT,2018-09-01,2.4
M,RCH_A,TOTAL,LT,2018-10-01,2.9
M,RCH_A,TOTAL,LT,2018-11-01,2.4
M,RCH_A,TOTAL,LT,2018-12-01,1.8
M,RCH_A,TOTAL,LT,2019-01-01,1.6
M,RCH_A,TOTAL,LT,2019-02-01,2
M,RCH_A,TOTAL,LT,2019-03-01,2.6
M,RCH_A,TOTAL,LT,2019-04-01,2.7
M,RCH_A,TOTAL,LT,2019-05-01,2.5
M,RCH_A,TOTAL,LT,2019-06-01,2.4
M,RCH_A,TOTAL,LT,2019-07-01,2.5
M,RCH_A,TOTAL,LT,2019-08-01,2.5
M,RCH_A,TOTAL,LT,2019-09-01,2
M,RCH_A,TOTAL,LT,2019-10-01,1.5
M,RCH_A,TOTAL,LT,2019-11-01,1.7
M,RCH_A,TOTAL,LT,2019-12-01,2.7
M,RCH_A,TOTAL,LT,2020-01-01,3
M,RCH_A,TOTAL,LT,2020-02-01,2.8
M,RCH_A,TOTAL,LT,2020-03-01,1.7
M,RCH_A,TOTAL,LT,2020-04-01,0.9
M,RCH_A,TOTAL,LT,2020-05-01,0.2
M,RCH_A,TOTAL,LT,2020-06-01,0.9
M,RCH_A,TOTAL,LT,2020-07-01,0.9
M,RCH_A,TOTAL,LT,2020-08-01,1.2
M,RCH_A,TOTAL,LT,2020-09-01,0.6
M,RCH_A,TOTAL,LT,2020-10-01,0.5
M,RCH_A,TOTAL,LT,2020-11-01,0.4
M,RCH_A,TOTAL,LT,2020-12-01,-0.1
M,RCH_A,TOTAL,LT,2021-01-01,0.2
M,RCH_A,TOTAL,LT,2021-02-01,0.4
M,RCH_A,TOTAL,LT,2021-03-01,1.6
M,RCH_A,TOTAL,LT,2021-04-01,2.4
M,RCH_A,TOTAL,LT,2021-05-01,3.5
M,RCH_A,TOTAL,LT,2021-06-01,3.5
M,RCH_A,TOTAL,LT,2021-07-01,4.3
M,RCH_A,TOTAL,LT,2021-08-01,5
M,RCH_A,TOTAL,LT,2021-09-01,6.4
M,RCH_A,TOTAL,LT,2021-10-01,8.2
M,RCH_A,TOTAL,LT,2021-11-01,9.3
M,RCH_A,TOTAL,LT,2021-12-01,10.7
M,RCH_A,TOTAL,LT,2022-01-01,12.3
M,RCH_A,TOTAL,LT,2022-02-01,14
M,RCH_A,TOTAL,LT,2022-03-01,15.6
M,RCH_A,TOTAL,LT,2022-04-01,16.6
M,RCH_A,TOTAL,LT,2022-05-01,18.5
M,RCH_A,TOTAL,LT,2022-06-01,20.5
M,RCH_A,TOTAL,LT,2022-07-01,20.9
M,RCH_A,TOTAL,LT,2022-08-01,21.1
M,RCH_A,TOTAL,LT,2022-09-01,22.5
M,RCH_A,TOTAL,LT,2022-10-01,22.1
M,RCH_A,TOTAL,LT,2022-11-01,21.4
M,RCH_A,TOTAL,LT,2022-12-01,20
M,RCH_A,TOTAL,LT,2023-01-01,18.5
M,RCH_A,TOTAL,LT,2023-02-01,17.2
M,RCH_A,TOTAL,LT,2023-03-01,15.2
M,RCH_A,TOTAL,LT,2023-04-01,13.3
M,RCH_A,TOTAL,LT,2023-05-01,10.7
M,RCH_A,TOTAL,LT,2023-06-01,8.2
M,RCH_A,TOTAL,LT,2023-07-01,7.2
M,RCH_A,TOTAL,LT,2023-08-01,6.4
M,RCH_A,TOTAL,LT,2023-09-01,4.1
M,RCH_A,TOTAL,LT,2023-10-01,3.1
M,RCH_A,TOTAL,LT,2023-11-01,2.4
M,RCH_A,TOTAL,LT,2023-12-01,1.6
M,RCH_A,TOTAL,LT,2024-01-01,1.1
M,RCH_A,TOTAL,LT,2024-02-01,1.1
M,RCH_A,TOTAL,LT,2024-03-01,0.4
M,RCH_A,TOTAL,LT,2024-04-01,0.4
M,RCH_A,TOTAL,LT,2024-05-01,0.9
M,RCH_A,TOTAL,LT,2024-06-01,1
M,RCH_A,TOTAL,LT,2024-07-01,1.1
M,RCH_A,TOTAL,LT,2024-08-01,0.8
M,RCH_A,TOTAL,LT,2024-09-01,0.4
M,RCH_A,TOTAL,LT,2024-10-01,0.1
M,RCH_A,TOTAL,LT,2024-11-01,1.1
M,RCH_A,TOTAL,LT,2024-12-01,1.9
M,RCH_A,TOTAL,LT,2025-01-01,3.4
M,RCH_A,TOTAL,LT,2025-02-01,3.2
M,RCH_A,TOTAL,LT,2025-03-01,3.7
M,RCH_A,TOTAL,LT,2025-04-01,3.6
M,RCH_A,TOTAL,LT,2025-05-01,3
M,RCH_A,TOTAL,LT,2025-06-01,3.2
M,RCH_A,TOTAL,LT,2025-07-01,3.4
M,RCH_A,TOTAL,LT,2025-08-01,3.6
M,RCH_A,TOTAL,LT,2025-09-01,3.7
M,RCH_A,TOTAL,LT,2025-10-01,3.7
M,RCH_A,TOTAL,LT,2025-11-01,3.6
M,RCH_A,TOTAL,LT,2025-12-01,3.2
M,RCH_A,TOTAL,LT,2026-01-01,2.8
M,RCH_A,TOTAL,LT,2026-02-01,3.3
M,RCH_A,TOTAL,LT,2026-03-01,4.4
M,RCH_A,TOTAL,LT,2026-04-01,4.9
M,RCH_A,TOTAL,LT,2026-05-01,5.1
M,RCH_A,TOTAL,LT,2026-06-01,5.4
M,RCH_A,TOTAL,LT,2026-07-01,5.4
M,RCH_A,TOTAL,LT,2026-08-01,5.6
M,RCH_A,TOTAL,LT,2026-09-01,6.1
M,RCH_A,TOTAL,LU,1996-01-01,NA
M,RCH_A,TOTAL,LU,1996-02-01,NA
M,RCH_A,TOTAL,LU,1996-03-01,NA
M,RCH_A,TOTAL,LU,1996-04-01,NA
M,RCH_A,TOTAL,LU,1996-05-01,NA
M,RCH_A,TOTAL,LU,1996-06-01,NA
M,RCH_A,TOTAL,LU,1996-07-01,NA
M,RCH_A,TOTAL,LU,1996-08-01,NA
M,RCH_A,TOTAL,LU,1996-09-01,NA
M,RCH_A,TOTAL,LU,1996-10-01,NA
M,RCH_A,TOTAL,LU,1996-11-01,NA
M,RCH_A,TOTAL,LU,1996-12-01,NA
M,RCH_A,TOTAL,LU,1997-01-01,1.3
M,RCH_A,TOTAL,LU,1997-02-01,1.5
M,RCH_A,TOTAL,LU,1997-03-01,1.3
M,RCH_A,TOTAL,LU,1997-04-01,1.1
M,RCH_A,TOTAL,LU,1997-05-01,1.1
M,RCH_A,TOTAL,LU,1997-06-01,1.2
M,RCH_A,TOTAL,LU,1997-07-01,1.3
M,RCH_A,TOTAL,LU,1997-08-01,1.4
M,RCH_A,TOTAL,LU,1997-09-01,1.7
M,RCH_A,TOTAL,LU,1997-10-01,1.7
M,RCH_A,TOTAL,LU,1997-11-01,1.5
M,RCH_A,TOTAL,LU,1997-12-01,1.5
M,RCH_A,TOTAL,LU,1998-01-01,1.5
M,RCH_A,TOTAL,LU,1998-02-01,1.1
M,RCH_A,TOTAL,LU,1998-03-01,1.3
M,RCH_A,TOTAL,LU,1998-04-01,1.1
M,RCH_A,TOTAL,LU,1998-05-01,1.3
M,RCH_A,TOTAL,LU,1998-06-01,1.2
M,RCH_A,TOTAL,LU,1998-07-01,1.2
M,RCH_A,TOTAL,LU,1998-08-01,1
M,RCH_A,TOTAL,LU,1998-09-01,0.7
M,RCH_A,TOTAL,LU,1998-10-01,0.5
M,RCH_A,TOTAL,LU,1998-11-01,0.5
M,RCH_A,TOTAL,LU,1998-12-01,0.4
M,RCH_A,TOTAL,LU,1999-01-01,-1.4
M,RCH_A,TOTAL,LU,1999-02-01,0.6
M,RCH_A,TOTAL,LU,1999-03-01,0.6
M,RCH_A,TOTAL,LU,1999-04-01,1.3
M,RCH_A,TOTAL,LU,1999-05-01,1.3
M,RCH_A,TOTAL,LU,1999-06-01,1.2
M,RCH_A,TOTAL,LU,1999-07-01,-0.3
M,RCH_A,TOTAL,LU,1999-08-01,1.4
M,RCH_A,TOTAL,LU,1999-09-01,1.6
M,RCH_A,TOTAL,LU,1999-10-01,1.9
M,RCH_A,TOTAL,LU,1999-11-01,1.9
M,RCH_A,TOTAL,LU,1999-12-01,2.3
M,RCH_A,TOTAL,LU,2000-01-01,3.5
M,RCH_A,TOTAL,LU,2000-02-01,2.6
M,RCH_A,TOTAL,LU,2000-03-01,3
M,RCH_A,TOTAL,LU,2000-04-01,3.2
M,RCH_A,TOTAL,LU,2000-05-01,2.9
M,RCH_A,TOTAL,LU,2000-06-01,4.4
M,RCH_A,TOTAL,LU,2000-07-01,4.7
M,RCH_A,TOTAL,LU,2000-08-01,3.7
M,RCH_A,TOTAL,LU,2000-09-01,4.2
M,RCH_A,TOTAL,LU,2000-10-01,4.3
M,RCH_A,TOTAL,LU,2000-11-01,4.5
M,RCH_A,TOTAL,LU,2000-12-01,4.3
M,RCH_A,TOTAL,LU,2001-01-01,2.9
M,RCH_A,TOTAL,LU,2001-02-01,3
M,RCH_A,TOTAL,LU,2001-03-01,3
M,RCH_A,TOTAL,LU,2001-04-01,2.7
M,RCH_A,TOTAL,LU,2001-05-01,3.8
M,RCH_A,TOTAL,LU,2001-06-01,2.7
M,RCH_A,TOTAL,LU,2001-07-01,2.4
M,RCH_A,TOTAL,LU,2001-08-01,2.5
M,RCH_A,TOTAL,LU,2001-09-01,1.9
M,RCH_A,TOTAL,LU,2001-10-01,1.6
M,RCH_A,TOTAL,LU,2001-11-01,1.4
M,RCH_A,TOTAL,LU,2001-12-01,0.9
M,RCH_A,TOTAL,LU,2002-01-01,2.2
M,RCH_A,TOTAL,LU,2002-02-01,2.2
M,RCH_A,TOTAL,LU,2002-03-01,1.8
M,RCH_A,TOTAL,LU,2002-04-01,1.9
M,RCH_A,TOTAL,LU,2002-05-01,1.3
M,RCH_A,TOTAL,LU,2002-06-01,1.2
M,RCH_A,TOTAL,LU,2002-07-01,1.9
M,RCH_A,TOTAL,LU,2002-08-01,2
M,RCH_A,TOTAL,LU,2002-09-01,2.2
M,RCH_A,TOTAL,LU,2002-10-01,2.5
M,RCH_A,TOTAL,LU,2002-11-01,2.6
M,RCH_A,TOTAL,LU,2002-12-01,2.8
M,RCH_A,TOTAL,LU,2003-01-01,3.2
M,RCH_A,TOTAL,LU,2003-02-01,3.2
M,RCH_A,TOTAL,LU,2003-03-01,3.7
M,RCH_A,TOTAL,LU,2003-04-01,2.9
M,RCH_A,TOTAL,LU,2003-05-01,2.3
M,RCH_A,TOTAL,LU,2003-06-01,2
M,RCH_A,TOTAL,LU,2003-07-01,1.9
M,RCH_A,TOTAL,LU,2003-08-01,2.3
M,RCH_A,TOTAL,LU,2003-09-01,2.6
M,RCH_A,TOTAL,LU,2003-10-01,1.7
M,RCH_A,TOTAL,LU,2003-11-01,2
M,RCH_A,TOTAL,LU,2003-12-01,2.4
M,RCH_A,TOTAL,LU,2004-01-01,2.3
M,RCH_A,TOTAL,LU,2004-02-01,2.5
M,RCH_A,TOTAL,LU,2004-03-01,2
M,RCH_A,TOTAL,LU,2004-04-01,2.7
M,RCH_A,TOTAL,LU,2004-05-01,3.5
M,RCH_A,TOTAL,LU,2004-06-01,3.9
M,RCH_A,TOTAL,LU,2004-07-01,3.8
M,RCH_A,TOTAL,LU,2004-08-01,3.6
M,RCH_A,TOTAL,LU,2004-09-01,3.1
M,RCH_A,TOTAL,LU,2004-10-01,4.1
M,RCH_A,TOTAL,LU,2004-11-01,4
M,RCH_A,TOTAL,LU,2004-12-01,3.5
M,RCH_A,TOTAL,LU,2005-01-01,2.8
M,RCH_A,TOTAL,LU,2005-02-01,3.3
M,RCH_A,TOTAL,LU,2005-03-01,3.5
M,RCH_A,TOTAL,LU,2005-04-01,3.8
M,RCH_A,TOTAL,LU,2005-05-01,3.7
M,RCH_A,TOTAL,LU,2005-06-01,3.2
M,RCH_A,TOTAL,LU,2005-07-01,4
M,RCH_A,TOTAL,LU,2005-08-01,4.3
M,RCH_A,TOTAL,LU,2005-09-01,4.7
M,RCH_A,TOTAL,LU,2005-10-01,5
M,RCH_A,TOTAL,LU,2005-11-01,3.6
M,RCH_A,TOTAL,LU,2005-12-01,3.5
M,RCH_A,TOTAL,LU,2006-01-01,4.1
M,RCH_A,TOTAL,LU,2006-02-01,3.8
M,RCH_A,TOTAL,LU,2006-03-01,3.8
M,RCH_A,TOTAL,LU,2006-04-01,3.4
M,RCH_A,TOTAL,LU,2006-05-01,3.6
M,RCH_A,TOTAL,LU,2006-06-01,3.9
M,RCH_A,TOTAL,LU,2006-07-01,3.4
M,RCH_A,TOTAL,LU,2006-08-01,3.1
M,RCH_A,TOTAL,LU,2006-09-01,2
M,RCH_A,TOTAL,LU,2006-10-01,0.6
M,RCH_A,TOTAL,LU,2006-11-01,1.8
M,RCH_A,TOTAL,LU,2006-12-01,2.2
M,RCH_A,TOTAL,LU,2007-01-01,2.3
M,RCH_A,TOTAL,LU,2007-02-01,1.8
M,RCH_A,TOTAL,LU,2007-03-01,2.4
M,RCH_A,TOTAL,LU,2007-04-01,2.4
M,RCH_A,TOTAL,LU,2007-05-01,2.3
M,RCH_A,TOTAL,LU,2007-06-01,2.2
M,RCH_A,TOTAL,LU,2007-07-01,2.1
M,RCH_A,TOTAL,LU,2007-08-01,1.9
M,RCH_A,TOTAL,LU,2007-09-01,2.5
M,RCH_A,TOTAL,LU,2007-10-01,3.6
M,RCH_A,TOTAL,LU,2007-11-01,4
M,RCH_A,TOTAL,LU,2007-12-01,4.3
M,RCH_A,TOTAL,LU,2008-01-01,4.2
M,RCH_A,TOTAL,LU,2008-02-01,4.2
M,RCH_A,TOTAL,LU,2008-03-01,4.4
M,RCH_A,TOTAL,LU,2008-04-01,4.3
M,RCH_A,TOTAL,LU,2008-05-01,4.8
M,RCH_A,TOTAL,LU,2008-06-01,5.3
M,RCH_A,TOTAL,LU,2008-07-01,5.8
M,RCH_A,TOTAL,LU,2008-08-01,4.8
M,RCH_A,TOTAL,LU,2008-09-01,4.8
M,RCH_A,TOTAL,LU,2008-10-01,3.9
M,RCH_A,TOTAL,LU,2008-11-01,2
M,RCH_A,TOTAL,LU,2008-12-01,0.7
M,RCH_A,TOTAL,LU,2009-01-01,0
M,RCH_A,TOTAL,LU,2009-02-01,0.8
M,RCH_A,TOTAL,LU,2009-03-01,-0.3
M,RCH_A,TOTAL,LU,2009-04-01,-0.2
M,RCH_A,TOTAL,LU,2009-05-01,-0.9
M,RCH_A,TOTAL,LU,2009-06-01,-1
M,RCH_A,TOTAL,LU,2009-07-01,-1.5
M,RCH_A,TOTAL,LU,2009-08-01,-0.2
M,RCH_A,TOTAL,LU,2009-09-01,-0.4
M,RCH_A,TOTAL,LU,2009-10-01,-0.2
M,RCH_A,TOTAL,LU,2009-11-01,1.7
M,RCH_A,TOTAL,LU,2009-12-01,2.5
M,RCH_A,TOTAL,LU,2010-01-01,3
M,RCH_A,TOTAL,LU,2010-02-01,2.3
M,RCH_A,TOTAL,LU,2010-03-01,3.2
M,RCH_A,TOTAL,LU,2010-04-01,3.1
M,RCH_A,TOTAL,LU,2010-05-01,3.1
M,RCH_A,TOTAL,LU,2010-06-01,2.3
M,RCH_A,TOTAL,LU,2010-07-01,2.9
M,RCH_A,TOTAL,LU,2010-08-01,2.5
M,RCH_A,TOTAL,LU,2010-09-01,2.6
M,RCH_A,TOTAL,LU,2010-10-01,2.9
M,RCH_A,TOTAL,LU,2010-11-01,2.5
M,RCH_A,TOTAL,LU,2010-12-01,3.1
M,RCH_A,TOTAL,LU,2011-01-01,3.4
M,RCH_A,TOTAL,LU,2011-02-01,3.9
M,RCH_A,TOTAL,LU,2011-03-01,4
M,RCH_A,TOTAL,LU,2011-04-01,4
M,RCH_A,TOTAL,LU,2011-05-01,3.8
M,RCH_A,TOTAL,LU,2011-06-01,3.8
M,RCH_A,TOTAL,LU,2011-07-01,3.2
M,RCH_A,TOTAL,LU,2011-08-01,3.7
M,RCH_A,TOTAL,LU,2011-09-01,3.8
M,RCH_A,TOTAL,LU,2011-10-01,3.8
M,RCH_A,TOTAL,LU,2011-11-01,4
M,RCH_A,TOTAL,LU,2011-12-01,3.4
M,RCH_A,TOTAL,LU,2012-01-01,3.2
M,RCH_A,TOTAL,LU,2012-02-01,3.3
M,RCH_A,TOTAL,LU,2012-03-01,2.9
M,RCH_A,TOTAL,LU,2012-04-01,3
M,RCH_A,TOTAL,LU,2012-05-01,2.7
M,RCH_A,TOTAL,LU,2012-06-01,2.6
M,RCH_A,TOTAL,LU,2012-07-01,2.7
M,RCH_A,TOTAL,LU,2012-08-01,2.8
M,RCH_A,TOTAL,LU,2012-09-01,3.2
M,RCH_A,TOTAL,LU,2012-10-01,3.2
M,RCH_A,TOTAL,LU,2012-11-01,2.7
M,RCH_A,TOTAL,LU,2012-12-01,2.5
M,RCH_A,TOTAL,LU,2013-01-01,2.1
M,RCH_A,TOTAL,LU,2013-02-01,2.4
M,RCH_A,TOTAL,LU,2013-03-01,2
M,RCH_A,TOTAL,LU,2013-04-01,1.7
M,RCH_A,TOTAL,LU,2013-05-01,1.4
M,RCH_A,TOTAL,LU,2013-06-01,2
M,RCH_A,TOTAL,LU,2013-07-01,1.8
M,RCH_A,TOTAL,LU,2013-08-01,1.7
M,RCH_A,TOTAL,LU,2013-09-01,1.6
M,RCH_A,TOTAL,LU,2013-10-01,1.1
M,RCH_A,TOTAL,LU,2013-11-01,1.1
M,RCH_A,TOTAL,LU,2013-12-01,1.5
M,RCH_A,TOTAL,LU,2014-01-01,1.5
M,RCH_A,TOTAL,LU,2014-02-01,0.8
M,RCH_A,TOTAL,LU,2014-03-01,0.8
M,RCH_A,TOTAL,LU,2014-04-01,0.9
M,RCH_A,TOTAL,LU,2014-05-01,1.4
M,RCH_A,TOTAL,LU,2014-06-01,1.2
M,RCH_A,TOTAL,LU,2014-07-01,1.2
M,RCH_A,TOTAL,LU,2014-08-01,0.7
M,RCH_A,TOTAL,LU,2014-09-01,0.3
M,RCH_A,TOTAL,LU,2014-10-01,0.4
M,RCH_A,TOTAL,LU,2014-11-01,0.2
M,RCH_A,TOTAL,LU,2014-12-01,-0.9
M,RCH_A,TOTAL,LU,2015-01-01,-1.2
M,RCH_A,TOTAL,LU,2015-02-01,-0.3
M,RCH_A,TOTAL,LU,2015-03-01,0.1
M,RCH_A,TOTAL,LU,2015-04-01,0
M,RCH_A,TOTAL,LU,2015-05-01,0.4
M,RCH_A,TOTAL,LU,2015-06-01,0.5
M,RCH_A,TOTAL,LU,2015-07-01,0.2
M,RCH_A,TOTAL,LU,2015-08-01,0.1
M,RCH_A,TOTAL,LU,2015-09-01,-0.2
M,RCH_A,TOTAL,LU,2015-10-01,-0.1
M,RCH_A,TOTAL,LU,2015-11-01,0.4
M,RCH_A,TOTAL,LU,2015-12-01,0.9
M,RCH_A,TOTAL,LU,2016-01-01,0.5
M,RCH_A,TOTAL,LU,2016-02-01,-0.3
M,RCH_A,TOTAL,LU,2016-03-01,-0.6
M,RCH_A,TOTAL,LU,2016-04-01,-0.6
M,RCH_A,TOTAL,LU,2016-05-01,-0.6
M,RCH_A,TOTAL,LU,2016-06-01,-0.4
M,RCH_A,TOTAL,LU,2016-07-01,-0.4
M,RCH_A,TOTAL,LU,2016-08-01,-0.2
M,RCH_A,TOTAL,LU,2016-09-01,0.3
M,RCH_A,TOTAL,LU,2016-10-01,0.7
M,RCH_A,TOTAL,LU,2016-11-01,0.6
M,RCH_A,TOTAL,LU,2016-12-01,1.6
M,RCH_A,TOTAL,LU,2017-01-01,2.5
M,RCH_A,TOTAL,LU,2017-02-01,2.7
M,RCH_A,TOTAL,LU,2017-03-01,2.5
M,RCH_A,TOTAL,LU,2017-04-01,2.6
M,RCH_A,TOTAL,LU,2017-05-01,1.9
M,RCH_A,TOTAL,LU,2017-06-01,1.5
M,RCH_A,TOTAL,LU,2017-07-01,1.8
M,RCH_A,TOTAL,LU,2017-08-01,2.3
M,RCH_A,TOTAL,LU,2017-09-01,2
M,RCH_A,TOTAL,LU,2017-10-01,2
M,RCH_A,TOTAL,LU,2017-11-01,2
M,RCH_A,TOTAL,LU,2017-12-01,1.6
M,RCH_A,TOTAL,LU,2018-01-01,1.3
M,RCH_A,TOTAL,LU,2018-02-01,1.1
M,RCH_A,TOTAL,LU,2018-03-01,1.2
M,RCH_A,TOTAL,LU,2018-04-01,1.3
M,RCH_A,TOTAL,LU,2018-05-01,2.1
M,RCH_A,TOTAL,LU,2018-06-01,2.4
M,RCH_A,TOTAL,LU,2018-07-01,2.5
M,RCH_A,TOTAL,LU,2018-08-01,2.4
M,RCH_A,TOTAL,LU,2018-09-01,2.7
M,RCH_A,TOTAL,LU,2018-10-01,2.8
M,RCH_A,TOTAL,LU,2018-11-01,2.6
M,RCH_A,TOTAL,LU,2018-12-01,1.9
M,RCH_A,TOTAL,LU,2019-01-01,1.7
M,RCH_A,TOTAL,LU,2019-02-01,2.1
M,RCH_A,TOTAL,LU,2019-03-01,2.4
M,RCH_A,TOTAL,LU,2019-04-01,2.2
M,RCH_A,TOTAL,LU,2019-05-01,2.1
M,RCH_A,TOTAL,LU,2019-06-01,1.5
M,RCH_A,TOTAL,LU,2019-07-01,1.6
M,RCH_A,TOTAL,LU,2019-08-01,1.4
M,RCH_A,TOTAL,LU,2019-09-01,1.1
M,RCH_A,TOTAL,LU,2019-10-01,0.8
M,RCH_A,TOTAL,LU,2019-11-01,1
M,RCH_A,TOTAL,LU,2019-12-01,1.8
M,RCH_A,TOTAL,LU,2020-01-01,2.5
M,RCH_A,TOTAL,LU,2020-02-01,1.8
M,RCH_A,TOTAL,LU,2020-03-01,0.3
M,RCH_A,TOTAL,LU,2020-04-01,-0.8
M,RCH_A,TOTAL,LU,2020-05-01,-1.6
M,RCH_A,TOTAL,LU,2020-06-01,-0.4
M,RCH_A,TOTAL,LU,2020-07-01,0.1
M,RCH_A,TOTAL,LU,2020-08-01,-0.2
M,RCH_A,TOTAL,LU,2020-09-01,-0.3
M,RCH_A,TOTAL,LU,2020-10-01,-0.4
M,RCH_A,TOTAL,LU,2020-11-01,-0.6
M,RCH_A,TOTAL,LU,2020-12-01,-0.3
M,RCH_A,TOTAL,LU,2021-01-01,1
M,RCH_A,TOTAL,LU,2021-02-01,-0.5
M,RCH_A,TOTAL,LU,2021-03-01,2.5
M,RCH_A,TOTAL,LU,2021-04-01,3.3
M,RCH_A,TOTAL,LU,2021-05-01,4.1
M,RCH_A,TOTAL,LU,2021-06-01,3.4
M,RCH_A,TOTAL,LU,2021-07-01,3.3
M,RCH_A,TOTAL,LU,2021-08-01,3.5
M,RCH_A,TOTAL,LU,2021-09-01,4
M,RCH_A,TOTAL,LU,2021-10-01,5.3
M,RCH_A,TOTAL,LU,2021-11-01,6.3
M,RCH_A,TOTAL,LU,2021-12-01,5.5
M,RCH_A,TOTAL,LU,2022-01-01,4.6
M,RCH_A,TOTAL,LU,2022-02-01,7.8
M,RCH_A,TOTAL,LU,2022-03-01,8
M,RCH_A,TOTAL,LU,2022-04-01,9
M,RCH_A,TOTAL,LU,2022-05-01,9.1
M,RCH_A,TOTAL,LU,2022-06-01,10.3
M,RCH_A,TOTAL,LU,2022-07-01,9.3
M,RCH_A,TOTAL,LU,2022-08-01,8.6
M,RCH_A,TOTAL,LU,2022-09-01,8.8
M,RCH_A,TOTAL,LU,2022-10-01,8.8
M,RCH_A,TOTAL,LU,2022-11-01,7.3
M,RCH_A,TOTAL,LU,2022-12-01,6.2
M,RCH_A,TOTAL,LU,2023-01-01,5.8
M,RCH_A,TOTAL,LU,2023-02-01,4.8
M,RCH_A,TOTAL,LU,2023-03-01,2.9
M,RCH_A,TOTAL,LU,2023-04-01,2.7
M,RCH_A,TOTAL,LU,2023-05-01,2
M,RCH_A,TOTAL,LU,2023-06-01,1
M,RCH_A,TOTAL,LU,2023-07-01,2
M,RCH_A,TOTAL,LU,2023-08-01,3.5
M,RCH_A,TOTAL,LU,2023-09-01,3.4
M,RCH_A,TOTAL,LU,2023-10-01,2.1
M,RCH_A,TOTAL,LU,2023-11-01,2.1
M,RCH_A,TOTAL,LU,2023-12-01,3.2
M,RCH_A,TOTAL,LU,2024-01-01,3
M,RCH_A,TOTAL,LU,2024-02-01,3.2
M,RCH_A,TOTAL,LU,2024-03-01,3.2
M,RCH_A,TOTAL,LU,2024-04-01,3
M,RCH_A,TOTAL,LU,2024-05-01,3.2
M,RCH_A,TOTAL,LU,2024-06-01,2.8
M,RCH_A,TOTAL,LU,2024-07-01,2.6
M,RCH_A,TOTAL,LU,2024-08-01,1.7
M,RCH_A,TOTAL,LU,2024-09-01,0.8
M,RCH_A,TOTAL,LU,2024-10-01,0.9
M,RCH_A,TOTAL,LU,2024-11-01,1.1
M,RCH_A,TOTAL,LU,2024-12-01,1.6
M,RCH_A,TOTAL,LU,2025-01-01,2.4
M,RCH_A,TOTAL,LU,2025-02-01,1.9
M,RCH_A,TOTAL,LU,2025-03-01,1.6
M,RCH_A,TOTAL,LU,2025-04-01,1.7
M,RCH_A,TOTAL,LU,2025-05-01,2.1
M,RCH_A,TOTAL,LU,2025-06-01,2.4
M,RCH_A,TOTAL,LU,2025-07-01,2.6
M,RCH_A,TOTAL,LU,2025-08-01,2.8
M,RCH_A,TOTAL,LU,2025-09-01,3.1
M,RCH_A,TOTAL,LU,2025-10-01,3
M,RCH_A,TOTAL,LU,2025-11-01,3.5
M,RCH_A,TOTAL,LU,2025-12-01,3.3
M,RCH_A,TOTAL,LU,2026-01-01,1.6
M,RCH_A,TOTAL,LU,2026-02-01,1.8
M,RCH_A,TOTAL,LU,2026-03-01,3.8
M,RCH_A,TOTAL,LU,2026-04-01,5.2
M,RCH_A,TOTAL,LU,2026-05-01,4.5
M,RCH_A,TOTAL,LU,2026-06-01,3.7
M,RCH_A,TOTAL,LU,2026-07-01,3.4
M,RCH_A,TOTAL,LU,2026-08-01,4
M,RCH_A,TOTAL,LU,2026-09-01,5.2
M,RCH_A,TOTAL,MT,1996-01-01,NA
M,RCH_A,TOTAL,MT,1996-02-01,NA
M,RCH_A,TOTAL,MT,1996-03-01,NA
M,RCH_A,TOTAL,MT,1996-04-01,NA
M,RCH_A,TOTAL,MT,1996-05-01,NA
M,RCH_A,TOTAL,MT,1996-06-01,NA
M,RCH_A,TOTAL,MT,1996-07-01,NA
M,RCH_A,TOTAL,MT,1996-08-01,NA
M,RCH_A,TOTAL,MT,1996-09-01,NA
M,RCH_A,TOTAL,MT,1996-10-01,NA
M,RCH_A,TOTAL,MT,1996-11-01,NA
M,RCH_A,TOTAL,MT,1996-12-01,NA
M,RCH_A,TOTAL,MT,1997-01-01,4.2
M,RCH_A,TOTAL,MT,1997-02-01,4.2
M,RCH_A,TOTAL,MT,1997-03-01,4
M,RCH_A,TOTAL,MT,1997-04-01,3.3
M,RCH_A,TOTAL,MT,1997-05-01,3.4
M,RCH_A,TOTAL,MT,1997-06-01,3.8
M,RCH_A,TOTAL,MT,1997-07-01,4.2
M,RCH_A,TOTAL,MT,1997-08-01,3.9
M,RCH_A,TOTAL,MT,1997-09-01,3.7
M,RCH_A,TOTAL,MT,1997-10-01,3.8
M,RCH_A,TOTAL,MT,1997-11-01,4
M,RCH_A,TOTAL,MT,1997-12-01,4.6
M,RCH_A,TOTAL,MT,1998-01-01,4
M,RCH_A,TOTAL,MT,1998-02-01,3.7
M,RCH_A,TOTAL,MT,1998-03-01,3.6
M,RCH_A,TOTAL,MT,1998-04-01,4.2
M,RCH_A,TOTAL,MT,1998-05-01,4.3
M,RCH_A,TOTAL,MT,1998-06-01,4
M,RCH_A,TOTAL,MT,1998-07-01,3.9
M,RCH_A,TOTAL,MT,1998-08-01,3.8
M,RCH_A,TOTAL,MT,1998-09-01,3.4
M,RCH_A,TOTAL,MT,1998-10-01,3.3
M,RCH_A,TOTAL,MT,1998-11-01,3.3
M,RCH_A,TOTAL,MT,1998-12-01,2.9
M,RCH_A,TOTAL,MT,1999-01-01,2.4
M,RCH_A,TOTAL,MT,1999-02-01,2.5
M,RCH_A,TOTAL,MT,1999-03-01,2.4
M,RCH_A,TOTAL,MT,1999-04-01,1.6
M,RCH_A,TOTAL,MT,1999-05-01,1.4
M,RCH_A,TOTAL,MT,1999-06-01,1.6
M,RCH_A,TOTAL,MT,1999-07-01,1.7
M,RCH_A,TOTAL,MT,1999-08-01,1.9
M,RCH_A,TOTAL,MT,1999-09-01,1.9
M,RCH_A,TOTAL,MT,1999-10-01,2
M,RCH_A,TOTAL,MT,1999-11-01,3.8
M,RCH_A,TOTAL,MT,1999-12-01,4.4
M,RCH_A,TOTAL,MT,2000-01-01,3.4
M,RCH_A,TOTAL,MT,2000-02-01,3.3
M,RCH_A,TOTAL,MT,2000-03-01,3.4
M,RCH_A,TOTAL,MT,2000-04-01,3.4
M,RCH_A,TOTAL,MT,2000-05-01,3.6
M,RCH_A,TOTAL,MT,2000-06-01,3.3
M,RCH_A,TOTAL,MT,2000-07-01,3.3
M,RCH_A,TOTAL,MT,2000-08-01,3.2
M,RCH_A,TOTAL,MT,2000-09-01,3.2
M,RCH_A,TOTAL,MT,2000-10-01,3.4
M,RCH_A,TOTAL,MT,2000-11-01,1.9
M,RCH_A,TOTAL,MT,2000-12-01,1
M,RCH_A,TOTAL,MT,2001-01-01,1
M,RCH_A,TOTAL,MT,2001-02-01,1.1
M,RCH_A,TOTAL,MT,2001-03-01,1.6
M,RCH_A,TOTAL,MT,2001-04-01,2.2
M,RCH_A,TOTAL,MT,2001-05-01,2.2
M,RCH_A,TOTAL,MT,2001-06-01,2.7
M,RCH_A,TOTAL,MT,2001-07-01,3
M,RCH_A,TOTAL,MT,2001-08-01,3.2
M,RCH_A,TOTAL,MT,2001-09-01,3.2
M,RCH_A,TOTAL,MT,2001-10-01,2.8
M,RCH_A,TOTAL,MT,2001-11-01,3.3
M,RCH_A,TOTAL,MT,2001-12-01,3.6
M,RCH_A,TOTAL,MT,2002-01-01,4.2
M,RCH_A,TOTAL,MT,2002-02-01,3.3
M,RCH_A,TOTAL,MT,2002-03-01,3.1
M,RCH_A,TOTAL,MT,2002-04-01,2.7
M,RCH_A,TOTAL,MT,2002-05-01,2.4
M,RCH_A,TOTAL,MT,2002-06-01,2.2
M,RCH_A,TOTAL,MT,2002-07-01,2.2
M,RCH_A,TOTAL,MT,2002-08-01,2.3
M,RCH_A,TOTAL,MT,2002-09-01,2.2
M,RCH_A,TOTAL,MT,2002-10-01,2.6
M,RCH_A,TOTAL,MT,2002-11-01,2.3
M,RCH_A,TOTAL,MT,2002-12-01,2
M,RCH_A,TOTAL,MT,2003-01-01,0.8
M,RCH_A,TOTAL,MT,2003-02-01,2
M,RCH_A,TOTAL,MT,2003-03-01,2.4
M,RCH_A,TOTAL,MT,2003-04-01,2
M,RCH_A,TOTAL,MT,2003-05-01,1.9
M,RCH_A,TOTAL,MT,2003-06-01,2.1
M,RCH_A,TOTAL,MT,2003-07-01,1.7
M,RCH_A,TOTAL,MT,2003-08-01,1.8
M,RCH_A,TOTAL,MT,2003-09-01,1.7
M,RCH_A,TOTAL,MT,2003-10-01,2.5
M,RCH_A,TOTAL,MT,2003-11-01,1.8
M,RCH_A,TOTAL,MT,2003-12-01,2.4
M,RCH_A,TOTAL,MT,2004-01-01,2.8
M,RCH_A,TOTAL,MT,2004-02-01,2.4
M,RCH_A,TOTAL,MT,2004-03-01,2.2
M,RCH_A,TOTAL,MT,2004-04-01,3.6
M,RCH_A,TOTAL,MT,2004-05-01,3.1
M,RCH_A,TOTAL,MT,2004-06-01,3.3
M,RCH_A,TOTAL,MT,2004-07-01,3.1
M,RCH_A,TOTAL,MT,2004-08-01,2.5
M,RCH_A,TOTAL,MT,2004-09-01,3.2
M,RCH_A,TOTAL,MT,2004-10-01,2.7
M,RCH_A,TOTAL,MT,2004-11-01,2
M,RCH_A,TOTAL,MT,2004-12-01,1.9
M,RCH_A,TOTAL,MT,2005-01-01,1.9
M,RCH_A,TOTAL,MT,2005-02-01,2.5
M,RCH_A,TOTAL,MT,2005-03-01,2.5
M,RCH_A,TOTAL,MT,2005-04-01,1.9
M,RCH_A,TOTAL,MT,2005-05-01,2.5
M,RCH_A,TOTAL,MT,2005-06-01,2.1
M,RCH_A,TOTAL,MT,2005-07-01,1.7
M,RCH_A,TOTAL,MT,2005-08-01,2.5
M,RCH_A,TOTAL,MT,2005-09-01,2.1
M,RCH_A,TOTAL,MT,2005-10-01,2.9
M,RCH_A,TOTAL,MT,2005-11-01,4.3
M,RCH_A,TOTAL,MT,2005-12-01,3.4
M,RCH_A,TOTAL,MT,2006-01-01,2.4
M,RCH_A,TOTAL,MT,2006-02-01,2.3
M,RCH_A,TOTAL,MT,2006-03-01,2.9
M,RCH_A,TOTAL,MT,2006-04-01,3.5
M,RCH_A,TOTAL,MT,2006-05-01,3.5
M,RCH_A,TOTAL,MT,2006-06-01,3.3
M,RCH_A,TOTAL,MT,2006-07-01,3.6
M,RCH_A,TOTAL,MT,2006-08-01,3
M,RCH_A,TOTAL,MT,2006-09-01,3.1
M,RCH_A,TOTAL,MT,2006-10-01,1.7
M,RCH_A,TOTAL,MT,2006-11-01,0.9
M,RCH_A,TOTAL,MT,2006-12-01,0.8
M,RCH_A,TOTAL,MT,2007-01-01,1.2
M,RCH_A,TOTAL,MT,2007-02-01,0.8
M,RCH_A,TOTAL,MT,2007-03-01,0.5
M,RCH_A,TOTAL,MT,2007-04-01,-1.1
M,RCH_A,TOTAL,MT,2007-05-01,-1
M,RCH_A,TOTAL,MT,2007-06-01,-0.6
M,RCH_A,TOTAL,MT,2007-07-01,-0.2
M,RCH_A,TOTAL,MT,2007-08-01,0.6
M,RCH_A,TOTAL,MT,2007-09-01,0.9
M,RCH_A,TOTAL,MT,2007-10-01,1.5
M,RCH_A,TOTAL,MT,2007-11-01,2.9
M,RCH_A,TOTAL,MT,2007-12-01,3.1
M,RCH_A,TOTAL,MT,2008-01-01,3.8
M,RCH_A,TOTAL,MT,2008-02-01,4
M,RCH_A,TOTAL,MT,2008-03-01,4.3
M,RCH_A,TOTAL,MT,2008-04-01,4.1
M,RCH_A,TOTAL,MT,2008-05-01,4.1
M,RCH_A,TOTAL,MT,2008-06-01,4.4
M,RCH_A,TOTAL,MT,2008-07-01,5.6
M,RCH_A,TOTAL,MT,2008-08-01,5.4
M,RCH_A,TOTAL,MT,2008-09-01,4.9
M,RCH_A,TOTAL,MT,2008-10-01,5.7
M,RCH_A,TOTAL,MT,2008-11-01,4.9
M,RCH_A,TOTAL,MT,2008-12-01,5
M,RCH_A,TOTAL,MT,2009-01-01,3.1
M,RCH_A,TOTAL,MT,2009-02-01,3.5
M,RCH_A,TOTAL,MT,2009-03-01,3.9
M,RCH_A,TOTAL,MT,2009-04-01,4
M,RCH_A,TOTAL,MT,2009-05-01,3.5
M,RCH_A,TOTAL,MT,2009-06-01,2.8
M,RCH_A,TOTAL,MT,2009-07-01,0.8
M,RCH_A,TOTAL,MT,2009-08-01,1
M,RCH_A,TOTAL,MT,2009-09-01,0.8
M,RCH_A,TOTAL,MT,2009-10-01,-0.5
M,RCH_A,TOTAL,MT,2009-11-01,-0.1
M,RCH_A,TOTAL,MT,2009-12-01,-0.4
M,RCH_A,TOTAL,MT,2010-01-01,1.3
M,RCH_A,TOTAL,MT,2010-02-01,0.7
M,RCH_A,TOTAL,MT,2010-03-01,0.6
M,RCH_A,TOTAL,MT,2010-04-01,0.8
M,RCH_A,TOTAL,MT,2010-05-01,1.8
M,RCH_A,TOTAL,MT,2010-06-01,1.8
M,RCH_A,TOTAL,MT,2010-07-01,2.5
M,RCH_A,TOTAL,MT,2010-08-01,3
M,RCH_A,TOTAL,MT,2010-09-01,2.4
M,RCH_A,TOTAL,MT,2010-10-01,2.2
M,RCH_A,TOTAL,MT,2010-11-01,3.4
M,RCH_A,TOTAL,MT,2010-12-01,4
M,RCH_A,TOTAL,MT,2011-01-01,3.3
M,RCH_A,TOTAL,MT,2011-02-01,2.7
M,RCH_A,TOTAL,MT,2011-03-01,2.8
M,RCH_A,TOTAL,MT,2011-04-01,2.4
M,RCH_A,TOTAL,MT,2011-05-01,2.5
M,RCH_A,TOTAL,MT,2011-06-01,3.1
M,RCH_A,TOTAL,MT,2011-07-01,2.4
M,RCH_A,TOTAL,MT,2011-08-01,2.5
M,RCH_A,TOTAL,MT,2011-09-01,2.8
M,RCH_A,TOTAL,MT,2011-10-01,2.6
M,RCH_A,TOTAL,MT,2011-11-01,1.7
M,RCH_A,TOTAL,MT,2011-12-01,1.5
M,RCH_A,TOTAL,MT,2012-01-01,1.7
M,RCH_A,TOTAL,MT,2012-02-01,2.6
M,RCH_A,TOTAL,MT,2012-03-01,2.6
M,RCH_A,TOTAL,MT,2012-04-01,3.8
M,RCH_A,TOTAL,MT,2012-05-01,3.7
M,RCH_A,TOTAL,MT,2012-06-01,4.3
M,RCH_A,TOTAL,MT,2012-07-01,4.2
M,RCH_A,TOTAL,MT,2012-08-01,3.2
M,RCH_A,TOTAL,MT,2012-09-01,2.9
M,RCH_A,TOTAL,MT,2012-10-01,3.2
M,RCH_A,TOTAL,MT,2012-11-01,3.6
M,RCH_A,TOTAL,MT,2012-12-01,2.8
M,RCH_A,TOTAL,MT,2013-01-01,2.4
M,RCH_A,TOTAL,MT,2013-02-01,1.8
M,RCH_A,TOTAL,MT,2013-03-01,1.4
M,RCH_A,TOTAL,MT,2013-04-01,0.9
M,RCH_A,TOTAL,MT,2013-05-01,0.8
M,RCH_A,TOTAL,MT,2013-06-01,0.6
M,RCH_A,TOTAL,MT,2013-07-01,0.9
M,RCH_A,TOTAL,MT,2013-08-01,0.7
M,RCH_A,TOTAL,MT,2013-09-01,0.5
M,RCH_A,TOTAL,MT,2013-10-01,0.6
M,RCH_A,TOTAL,MT,2013-11-01,0.3
M,RCH_A,TOTAL,MT,2013-12-01,1
M,RCH_A,TOTAL,MT,2014-01-01,0.9
M,RCH_A,TOTAL,MT,2014-02-01,1.6
M,RCH_A,TOTAL,MT,2014-03-01,1.4
M,RCH_A,TOTAL,MT,2014-04-01,0.5
M,RCH_A,TOTAL,MT,2014-05-01,0.4
M,RCH_A,TOTAL,MT,2014-06-01,0.7
M,RCH_A,TOTAL,MT,2014-07-01,0.6
M,RCH_A,TOTAL,MT,2014-08-01,0.8
M,RCH_A,TOTAL,MT,2014-09-01,0.6
M,RCH_A,TOTAL,MT,2014-10-01,0.7
M,RCH_A,TOTAL,MT,2014-11-01,0.6
M,RCH_A,TOTAL,MT,2014-12-01,0.4
M,RCH_A,TOTAL,MT,2015-01-01,0.8
M,RCH_A,TOTAL,MT,2015-02-01,0.5
M,RCH_A,TOTAL,MT,2015-03-01,0.5
M,RCH_A,TOTAL,MT,2015-04-01,1.4
M,RCH_A,TOTAL,MT,2015-05-01,1.3
M,RCH_A,TOTAL,MT,2015-06-01,1.1
M,RCH_A,TOTAL,MT,2015-07-01,1.2
M,RCH_A,TOTAL,MT,2015-08-01,1.4
M,RCH_A,TOTAL,MT,2015-09-01,1.6
M,RCH_A,TOTAL,MT,2015-10-01,1.6
M,RCH_A,TOTAL,MT,2015-11-01,1.3
M,RCH_A,TOTAL,MT,2015-12-01,1.2
M,RCH_A,TOTAL,MT,2016-01-01,0.8
M,RCH_A,TOTAL,MT,2016-02-01,1
M,RCH_A,TOTAL,MT,2016-03-01,1
M,RCH_A,TOTAL,MT,2016-04-01,0.8
M,RCH_A,TOTAL,MT,2016-05-01,1
M,RCH_A,TOTAL,MT,2016-06-01,1
M,RCH_A,TOTAL,MT,2016-07-01,0.9
M,RCH_A,TOTAL,MT,2016-08-01,1
M,RCH_A,TOTAL,MT,2016-09-01,0.9
M,RCH_A,TOTAL,MT,2016-10-01,0.5
M,RCH_A,TOTAL,MT,2016-11-01,0.8
M,RCH_A,TOTAL,MT,2016-12-01,1
M,RCH_A,TOTAL,MT,2017-01-01,1.5
M,RCH_A,TOTAL,MT,2017-02-01,1.2
M,RCH_A,TOTAL,MT,2017-03-01,1.1
M,RCH_A,TOTAL,MT,2017-04-01,1.1
M,RCH_A,TOTAL,MT,2017-05-01,1.1
M,RCH_A,TOTAL,MT,2017-06-01,1
M,RCH_A,TOTAL,MT,2017-07-01,1.2
M,RCH_A,TOTAL,MT,2017-08-01,1.2
M,RCH_A,TOTAL,MT,2017-09-01,1.2
M,RCH_A,TOTAL,MT,2017-10-01,1.5
M,RCH_A,TOTAL,MT,2017-11-01,1.5
M,RCH_A,TOTAL,MT,2017-12-01,1.3
M,RCH_A,TOTAL,MT,2018-01-01,1.2
M,RCH_A,TOTAL,MT,2018-02-01,1.3
M,RCH_A,TOTAL,MT,2018-03-01,1.3
M,RCH_A,TOTAL,MT,2018-04-01,1.4
M,RCH_A,TOTAL,MT,2018-05-01,1.7
M,RCH_A,TOTAL,MT,2018-06-01,2
M,RCH_A,TOTAL,MT,2018-07-01,2.1
M,RCH_A,TOTAL,MT,2018-08-01,2.4
M,RCH_A,TOTAL,MT,2018-09-01,2.5
M,RCH_A,TOTAL,MT,2018-10-01,2.1
M,RCH_A,TOTAL,MT,2018-11-01,1.4
M,RCH_A,TOTAL,MT,2018-12-01,1.2
M,RCH_A,TOTAL,MT,2019-01-01,0.9
M,RCH_A,TOTAL,MT,2019-02-01,1.3
M,RCH_A,TOTAL,MT,2019-03-01,1.3
M,RCH_A,TOTAL,MT,2019-04-01,1.7
M,RCH_A,TOTAL,MT,2019-05-01,1.7
M,RCH_A,TOTAL,MT,2019-06-01,1.8
M,RCH_A,TOTAL,MT,2019-07-01,1.8
M,RCH_A,TOTAL,MT,2019-08-01,1.9
M,RCH_A,TOTAL,MT,2019-09-01,1.6
M,RCH_A,TOTAL,MT,2019-10-01,1.4
M,RCH_A,TOTAL,MT,2019-11-01,1.3
M,RCH_A,TOTAL,MT,2019-12-01,1.3
M,RCH_A,TOTAL,MT,2020-01-01,1.4
M,RCH_A,TOTAL,MT,2020-02-01,1.1
M,RCH_A,TOTAL,MT,2020-03-01,1.2
M,RCH_A,TOTAL,MT,2020-04-01,1.1
M,RCH_A,TOTAL,MT,2020-05-01,0.9
M,RCH_A,TOTAL,MT,2020-06-01,1
M,RCH_A,TOTAL,MT,2020-07-01,0.7
M,RCH_A,TOTAL,MT,2020-08-01,0.7
M,RCH_A,TOTAL,MT,2020-09-01,0.5
M,RCH_A,TOTAL,MT,2020-10-01,0.6
M,RCH_A,TOTAL,MT,2020-11-01,0.2
M,RCH_A,TOTAL,MT,2020-12-01,0.2
M,RCH_A,TOTAL,MT,2021-01-01,0.2
M,RCH_A,TOTAL,MT,2021-02-01,0.1
M,RCH_A,TOTAL,MT,2021-03-01,0.1
M,RCH_A,TOTAL,MT,2021-04-01,0.1
M,RCH_A,TOTAL,MT,2021-05-01,0.2
M,RCH_A,TOTAL,MT,2021-06-01,0.1
M,RCH_A,TOTAL,MT,2021-07-01,0.3
M,RCH_A,TOTAL,MT,2021-08-01,0.4
M,RCH_A,TOTAL,MT,2021-09-01,0.7
M,RCH_A,TOTAL,MT,2021-10-01,1.4
M,RCH_A,TOTAL,MT,2021-11-01,2.4
M,RCH_A,TOTAL,MT,2021-12-01,2.6
M,RCH_A,TOTAL,MT,2022-01-01,4.1
M,RCH_A,TOTAL,MT,2022-02-01,4.2
M,RCH_A,TOTAL,MT,2022-03-01,4.5
M,RCH_A,TOTAL,MT,2022-04-01,5.4
M,RCH_A,TOTAL,MT,2022-05-01,5.8
M,RCH_A,TOTAL,MT,2022-06-01,6.1
M,RCH_A,TOTAL,MT,2022-07-01,6.8
M,RCH_A,TOTAL,MT,2022-08-01,7
M,RCH_A,TOTAL,MT,2022-09-01,7.4
M,RCH_A,TOTAL,MT,2022-10-01,7.4
M,RCH_A,TOTAL,MT,2022-11-01,7.2
M,RCH_A,TOTAL,MT,2022-12-01,7.3
M,RCH_A,TOTAL,MT,2023-01-01,6.8
M,RCH_A,TOTAL,MT,2023-02-01,7
M,RCH_A,TOTAL,MT,2023-03-01,7.1
M,RCH_A,TOTAL,MT,2023-04-01,6.4
M,RCH_A,TOTAL,MT,2023-05-01,6.3
M,RCH_A,TOTAL,MT,2023-06-01,6.2
M,RCH_A,TOTAL,MT,2023-07-01,5.6
M,RCH_A,TOTAL,MT,2023-08-01,5
M,RCH_A,TOTAL,MT,2023-09-01,4.9
M,RCH_A,TOTAL,MT,2023-10-01,4.2
M,RCH_A,TOTAL,MT,2023-11-01,3.9
M,RCH_A,TOTAL,MT,2023-12-01,3.7
M,RCH_A,TOTAL,MT,2024-01-01,3.7
M,RCH_A,TOTAL,MT,2024-02-01,3
M,RCH_A,TOTAL,MT,2024-03-01,2.6
M,RCH_A,TOTAL,MT,2024-04-01,2.4
M,RCH_A,TOTAL,MT,2024-05-01,2.3
M,RCH_A,TOTAL,MT,2024-06-01,2.2
M,RCH_A,TOTAL,MT,2024-07-01,2.3
M,RCH_A,TOTAL,MT,2024-08-01,2.4
M,RCH_A,TOTAL,MT,2024-09-01,2.1
M,RCH_A,TOTAL,MT,2024-10-01,2.4
M,RCH_A,TOTAL,MT,2024-11-01,2.1
M,RCH_A,TOTAL,MT,2024-12-01,1.8
M,RCH_A,TOTAL,MT,2025-01-01,1.8
M,RCH_A,TOTAL,MT,2025-02-01,2
M,RCH_A,TOTAL,MT,2025-03-01,2.2
M,RCH_A,TOTAL,MT,2025-04-01,2.6
M,RCH_A,TOTAL,MT,2025-05-01,2.7
M,RCH_A,TOTAL,MT,2025-06-01,2.5
M,RCH_A,TOTAL,MT,2025-07-01,2.5
M,RCH_A,TOTAL,MT,2025-08-01,2.7
M,RCH_A,TOTAL,MT,2025-09-01,2.4
M,RCH_A,TOTAL,MT,2025-10-01,2.5
M,RCH_A,TOTAL,MT,2025-11-01,2.4
M,RCH_A,TOTAL,MT,2025-12-01,2.5
M,RCH_A,TOTAL,MT,2026-01-01,2.3
M,RCH_A,TOTAL,MT,2026-02-01,2.3
M,RCH_A,TOTAL,MT,2026-03-01,2.3
M,RCH_A,TOTAL,MT,2026-04-01,2.5
M,RCH_A,TOTAL,MT,2026-05-01,2.1
M,RCH_A,TOTAL,MT,2026-06-01,2
M,RCH_A,TOTAL,MT,2026-07-01,2.1
M,RCH_A,TOTAL,MT,2026-08-01,2
M,RCH_A,TOTAL,MT,2026-09-01,2.4
M,RCH_A,TOTAL,NL,1996-01-01,NA
M,RCH_A,TOTAL,NL,1996-02-01,NA
M,RCH_A,TOTAL,NL,1996-03-01,NA
M,RCH_A,TOTAL,NL,1996-04-01,NA
M,RCH_A,TOTAL,NL,1996-05-01,NA
M,RCH_A,TOTAL,NL,1996-06-01,NA
M,RCH_A,TOTAL,NL,1996-07-01,NA
M,RCH_A,TOTAL,NL,1996-08-01,NA
M,RCH_A,TOTAL,NL,1996-09-01,NA
M,RCH_A,TOTAL,NL,1996-10-01,NA
M,RCH_A,TOTAL,NL,1996-11-01,NA
M,RCH_A,TOTAL,NL,1996-12-01,NA
M,RCH_A,TOTAL,NL,1997-01-01,1.7
M,RCH_A,TOTAL,NL,1997-02-01,1.4
M,RCH_A,TOTAL,NL,1997-03-01,1.2
M,RCH_A,TOTAL,NL,1997-04-01,1
M,RCH_A,TOTAL,NL,1997-05-01,1.6
M,RCH_A,TOTAL,NL,1997-06-01,1.5
M,RCH_A,TOTAL,NL,1997-07-01,1.9
M,RCH_A,TOTAL,NL,1997-08-01,2.5
M,RCH_A,TOTAL,NL,1997-09-01,2.5
M,RCH_A,TOTAL,NL,1997-10-01,2.3
M,RCH_A,TOTAL,NL,1997-11-01,2.5
M,RCH_A,TOTAL,NL,1997-12-01,2.2
M,RCH_A,TOTAL,NL,1998-01-01,1.6
M,RCH_A,TOTAL,NL,1998-02-01,2.1
M,RCH_A,TOTAL,NL,1998-03-01,2.2
M,RCH_A,TOTAL,NL,1998-04-01,2.5
M,RCH_A,TOTAL,NL,1998-05-01,2.1
M,RCH_A,TOTAL,NL,1998-06-01,2.2
M,RCH_A,TOTAL,NL,1998-07-01,1.8
M,RCH_A,TOTAL,NL,1998-08-01,1.4
M,RCH_A,TOTAL,NL,1998-09-01,1.3
M,RCH_A,TOTAL,NL,1998-10-01,1.5
M,RCH_A,TOTAL,NL,1998-11-01,1.5
M,RCH_A,TOTAL,NL,1998-12-01,1.5
M,RCH_A,TOTAL,NL,1999-01-01,2.1
M,RCH_A,TOTAL,NL,1999-02-01,2
M,RCH_A,TOTAL,NL,1999-03-01,2
M,RCH_A,TOTAL,NL,1999-04-01,1.9
M,RCH_A,TOTAL,NL,1999-05-01,2.1
M,RCH_A,TOTAL,NL,1999-06-01,2.1
M,RCH_A,TOTAL,NL,1999-07-01,1.8
M,RCH_A,TOTAL,NL,1999-08-01,2.5
M,RCH_A,TOTAL,NL,1999-09-01,2
M,RCH_A,TOTAL,NL,1999-10-01,1.8
M,RCH_A,TOTAL,NL,1999-11-01,2
M,RCH_A,TOTAL,NL,1999-12-01,1.9
M,RCH_A,TOTAL,NL,2000-01-01,1.6
M,RCH_A,TOTAL,NL,2000-02-01,1.5
M,RCH_A,TOTAL,NL,2000-03-01,1.6
M,RCH_A,TOTAL,NL,2000-04-01,1.7
M,RCH_A,TOTAL,NL,2000-05-01,2
M,RCH_A,TOTAL,NL,2000-06-01,2.4
M,RCH_A,TOTAL,NL,2000-07-01,2.8
M,RCH_A,TOTAL,NL,2000-08-01,2.4
M,RCH_A,TOTAL,NL,2000-09-01,2.9
M,RCH_A,TOTAL,NL,2000-10-01,3.2
M,RCH_A,TOTAL,NL,2000-11-01,2.9
M,RCH_A,TOTAL,NL,2000-12-01,2.9
M,RCH_A,TOTAL,NL,2001-01-01,4.6
M,RCH_A,TOTAL,NL,2001-02-01,5
M,RCH_A,TOTAL,NL,2001-03-01,5
M,RCH_A,TOTAL,NL,2001-04-01,5.4
M,RCH_A,TOTAL,NL,2001-05-01,5.5
M,RCH_A,TOTAL,NL,2001-06-01,5.1
M,RCH_A,TOTAL,NL,2001-07-01,5.3
M,RCH_A,TOTAL,NL,2001-08-01,5.2
M,RCH_A,TOTAL,NL,2001-09-01,5.3
M,RCH_A,TOTAL,NL,2001-10-01,5
M,RCH_A,TOTAL,NL,2001-11-01,4.8
M,RCH_A,TOTAL,NL,2001-12-01,5.2
M,RCH_A,TOTAL,NL,2002-01-01,4.9
M,RCH_A,TOTAL,NL,2002-02-01,4.5
M,RCH_A,TOTAL,NL,2002-03-01,4.3
M,RCH_A,TOTAL,NL,2002-04-01,4.2
M,RCH_A,TOTAL,NL,2002-05-01,3.8
M,RCH_A,TOTAL,NL,2002-06-01,3.8
M,RCH_A,TOTAL,NL,2002-07-01,3.7
M,RCH_A,TOTAL,NL,2002-08-01,3.7
M,RCH_A,TOTAL,NL,2002-09-01,3.6
M,RCH_A,TOTAL,NL,2002-10-01,3.4
M,RCH_A,TOTAL,NL,2002-11-01,3.3
M,RCH_A,TOTAL,NL,2002-12-01,3.2
M,RCH_A,TOTAL,NL,2003-01-01,2.7
M,RCH_A,TOTAL,NL,2003-02-01,2.9
M,RCH_A,TOTAL,NL,2003-03-01,2.8
M,RCH_A,TOTAL,NL,2003-04-01,2.2
M,RCH_A,TOTAL,NL,2003-05-01,2.2
M,RCH_A,TOTAL,NL,2003-06-01,2.1
M,RCH_A,TOTAL,NL,2003-07-01,2.1
M,RCH_A,TOTAL,NL,2003-08-01,2.2
M,RCH_A,TOTAL,NL,2003-09-01,2.1
M,RCH_A,TOTAL,NL,2003-10-01,1.9
M,RCH_A,TOTAL,NL,2003-11-01,2
M,RCH_A,TOTAL,NL,2003-12-01,1.6
M,RCH_A,TOTAL,NL,2004-01-01,1.5
M,RCH_A,TOTAL,NL,2004-02-01,1.3
M,RCH_A,TOTAL,NL,2004-03-01,1.3
M,RCH_A,TOTAL,NL,2004-04-01,1.5
M,RCH_A,TOTAL,NL,2004-05-01,1.7
M,RCH_A,TOTAL,NL,2004-06-01,1.5
M,RCH_A,TOTAL,NL,2004-07-01,1.2
M,RCH_A,TOTAL,NL,2004-08-01,1.2
M,RCH_A,TOTAL,NL,2004-09-01,1.2
M,RCH_A,TOTAL,NL,2004-10-01,1.5
M,RCH_A,TOTAL,NL,2004-11-01,1.5
M,RCH_A,TOTAL,NL,2004-12-01,1.3
M,RCH_A,TOTAL,NL,2005-01-01,1.3
M,RCH_A,TOTAL,NL,2005-02-01,1.5
M,RCH_A,TOTAL,NL,2005-03-01,1.5
M,RCH_A,TOTAL,NL,2005-04-01,1.3
M,RCH_A,TOTAL,NL,2005-05-01,1.1
M,RCH_A,TOTAL,NL,2005-06-01,1.4
M,RCH_A,TOTAL,NL,2005-07-01,1.5
M,RCH_A,TOTAL,NL,2005-08-01,1.7
M,RCH_A,TOTAL,NL,2005-09-01,1.6
M,RCH_A,TOTAL,NL,2005-10-01,1.5
M,RCH_A,TOTAL,NL,2005-11-01,1.6
M,RCH_A,TOTAL,NL,2005-12-01,2
M,RCH_A,TOTAL,NL,2006-01-01,1.7
M,RCH_A,TOTAL,NL,2006-02-01,1.5
M,RCH_A,TOTAL,NL,2006-03-01,1.4
M,RCH_A,TOTAL,NL,2006-04-01,1.8
M,RCH_A,TOTAL,NL,2006-05-01,1.8
M,RCH_A,TOTAL,NL,2006-06-01,1.8
M,RCH_A,TOTAL,NL,2006-07-01,1.8
M,RCH_A,TOTAL,NL,2006-08-01,1.9
M,RCH_A,TOTAL,NL,2006-09-01,1.5
M,RCH_A,TOTAL,NL,2006-10-01,1.4
M,RCH_A,TOTAL,NL,2006-11-01,1.6
M,RCH_A,TOTAL,NL,2006-12-01,1.7
M,RCH_A,TOTAL,NL,2007-01-01,1.2
M,RCH_A,TOTAL,NL,2007-02-01,1.4
M,RCH_A,TOTAL,NL,2007-03-01,1.9
M,RCH_A,TOTAL,NL,2007-04-01,1.9
M,RCH_A,TOTAL,NL,2007-05-01,2
M,RCH_A,TOTAL,NL,2007-06-01,1.8
M,RCH_A,TOTAL,NL,2007-07-01,1.4
M,RCH_A,TOTAL,NL,2007-08-01,1.1
M,RCH_A,TOTAL,NL,2007-09-01,1.3
M,RCH_A,TOTAL,NL,2007-10-01,1.6
M,RCH_A,TOTAL,NL,2007-11-01,1.8
M,RCH_A,TOTAL,NL,2007-12-01,1.6
M,RCH_A,TOTAL,NL,2008-01-01,1.8
M,RCH_A,TOTAL,NL,2008-02-01,2
M,RCH_A,TOTAL,NL,2008-03-01,1.9
M,RCH_A,TOTAL,NL,2008-04-01,1.7
M,RCH_A,TOTAL,NL,2008-05-01,2.1
M,RCH_A,TOTAL,NL,2008-06-01,2.3
M,RCH_A,TOTAL,NL,2008-07-01,3
M,RCH_A,TOTAL,NL,2008-08-01,3
M,RCH_A,TOTAL,NL,2008-09-01,2.8
M,RCH_A,TOTAL,NL,2008-10-01,2.5
M,RCH_A,TOTAL,NL,2008-11-01,1.9
M,RCH_A,TOTAL,NL,2008-12-01,1.7
M,RCH_A,TOTAL,NL,2009-01-01,1.7
M,RCH_A,TOTAL,NL,2009-02-01,1.9
M,RCH_A,TOTAL,NL,2009-03-01,1.9
M,RCH_A,TOTAL,NL,2009-04-01,1.8
M,RCH_A,TOTAL,NL,2009-05-01,1.5
M,RCH_A,TOTAL,NL,2009-06-01,1.4
M,RCH_A,TOTAL,NL,2009-07-01,-0.1
M,RCH_A,TOTAL,NL,2009-08-01,-0.1
M,RCH_A,TOTAL,NL,2009-09-01,0
M,RCH_A,TOTAL,NL,2009-10-01,0.4
M,RCH_A,TOTAL,NL,2009-11-01,0.7
M,RCH_A,TOTAL,NL,2009-12-01,0.7
M,RCH_A,TOTAL,NL,2010-01-01,0.4
M,RCH_A,TOTAL,NL,2010-02-01,0.3
M,RCH_A,TOTAL,NL,2010-03-01,0.7
M,RCH_A,TOTAL,NL,2010-04-01,0.6
M,RCH_A,TOTAL,NL,2010-05-01,0.5
M,RCH_A,TOTAL,NL,2010-06-01,0.2
M,RCH_A,TOTAL,NL,2010-07-01,1.3
M,RCH_A,TOTAL,NL,2010-08-01,1.2
M,RCH_A,TOTAL,NL,2010-09-01,1.4
M,RCH_A,TOTAL,NL,2010-10-01,1.4
M,RCH_A,TOTAL,NL,2010-11-01,1.4
M,RCH_A,TOTAL,NL,2010-12-01,1.8
M,RCH_A,TOTAL,NL,2011-01-01,1.9
M,RCH_A,TOTAL,NL,2011-02-01,2
M,RCH_A,TOTAL,NL,2011-03-01,1.8
M,RCH_A,TOTAL,NL,2011-04-01,2.1
M,RCH_A,TOTAL,NL,2011-05-01,2.3
M,RCH_A,TOTAL,NL,2011-06-01,2.3
M,RCH_A,TOTAL,NL,2011-07-01,3.2
M,RCH_A,TOTAL,NL,2011-08-01,3.2
M,RCH_A,TOTAL,NL,2011-09-01,2.9
M,RCH_A,TOTAL,NL,2011-10-01,2.8
M,RCH_A,TOTAL,NL,2011-11-01,2.6
M,RCH_A,TOTAL,NL,2011-12-01,2.5
M,RCH_A,TOTAL,NL,2012-01-01,2.9
M,RCH_A,TOTAL,NL,2012-02-01,2.9
M,RCH_A,TOTAL,NL,2012-03-01,2.9
M,RCH_A,TOTAL,NL,2012-04-01,2.8
M,RCH_A,TOTAL,NL,2012-05-01,2.5
M,RCH_A,TOTAL,NL,2012-06-01,2.5
M,RCH_A,TOTAL,NL,2012-07-01,2.6
M,RCH_A,TOTAL,NL,2012-08-01,2.6
M,RCH_A,TOTAL,NL,2012-09-01,2.5
M,RCH_A,TOTAL,NL,2012-10-01,3.3
M,RCH_A,TOTAL,NL,2012-11-01,3.2
M,RCH_A,TOTAL,NL,2012-12-01,3.4
M,RCH_A,TOTAL,NL,2013-01-01,3.2
M,RCH_A,TOTAL,NL,2013-02-01,3.2
M,RCH_A,TOTAL,NL,2013-03-01,3.2
M,RCH_A,TOTAL,NL,2013-04-01,2.8
M,RCH_A,TOTAL,NL,2013-05-01,3
M,RCH_A,TOTAL,NL,2013-06-01,3.2
M,RCH_A,TOTAL,NL,2013-07-01,3.1
M,RCH_A,TOTAL,NL,2013-08-01,2.8
M,RCH_A,TOTAL,NL,2013-09-01,2.4
M,RCH_A,TOTAL,NL,2013-10-01,1.3
M,RCH_A,TOTAL,NL,2013-11-01,1.2
M,RCH_A,TOTAL,NL,2013-12-01,1.4
M,RCH_A,TOTAL,NL,2014-01-01,0.8
M,RCH_A,TOTAL,NL,2014-02-01,0.4
M,RCH_A,TOTAL,NL,2014-03-01,0.1
M,RCH_A,TOTAL,NL,2014-04-01,0.6
M,RCH_A,TOTAL,NL,2014-05-01,0.1
M,RCH_A,TOTAL,NL,2014-06-01,0.3
M,RCH_A,TOTAL,NL,2014-07-01,0.3
M,RCH_A,TOTAL,NL,2014-08-01,0.4
M,RCH_A,TOTAL,NL,2014-09-01,0.2
M,RCH_A,TOTAL,NL,2014-10-01,0.4
M,RCH_A,TOTAL,NL,2014-11-01,0.3
M,RCH_A,TOTAL,NL,2014-12-01,-0.1
M,RCH_A,TOTAL,NL,2015-01-01,-0.7
M,RCH_A,TOTAL,NL,2015-02-01,-0.5
M,RCH_A,TOTAL,NL,2015-03-01,-0.3
M,RCH_A,TOTAL,NL,2015-04-01,0
M,RCH_A,TOTAL,NL,2015-05-01,0.7
M,RCH_A,TOTAL,NL,2015-06-01,0.5
M,RCH_A,TOTAL,NL,2015-07-01,0.8
M,RCH_A,TOTAL,NL,2015-08-01,0.4
M,RCH_A,TOTAL,NL,2015-09-01,0.3
M,RCH_A,TOTAL,NL,2015-10-01,0.4
M,RCH_A,TOTAL,NL,2015-11-01,0.4
M,RCH_A,TOTAL,NL,2015-12-01,0.5
M,RCH_A,TOTAL,NL,2016-01-01,0.2
M,RCH_A,TOTAL,NL,2016-02-01,0.3
M,RCH_A,TOTAL,NL,2016-03-01,0.5
M,RCH_A,TOTAL,NL,2016-04-01,-0.2
M,RCH_A,TOTAL,NL,2016-05-01,-0.2
M,RCH_A,TOTAL,NL,2016-06-01,-0.2
M,RCH_A,TOTAL,NL,2016-07-01,-0.6
M,RCH_A,TOTAL,NL,2016-08-01,0.1
M,RCH_A,TOTAL,NL,2016-09-01,-0.1
M,RCH_A,TOTAL,NL,2016-10-01,0.3
M,RCH_A,TOTAL,NL,2016-11-01,0.4
M,RCH_A,TOTAL,NL,2016-12-01,0.8
M,RCH_A,TOTAL,NL,2017-01-01,1.6
M,RCH_A,TOTAL,NL,2017-02-01,1.7
M,RCH_A,TOTAL,NL,2017-03-01,0.6
M,RCH_A,TOTAL,NL,2017-04-01,1.4
M,RCH_A,TOTAL,NL,2017-05-01,0.7
M,RCH_A,TOTAL,NL,2017-06-01,1
M,RCH_A,TOTAL,NL,2017-07-01,1.5
M,RCH_A,TOTAL,NL,2017-08-01,1.5
M,RCH_A,TOTAL,NL,2017-09-01,1.4
M,RCH_A,TOTAL,NL,2017-10-01,1.3
M,RCH_A,TOTAL,NL,2017-11-01,1.5
M,RCH_A,TOTAL,NL,2017-12-01,1.2
M,RCH_A,TOTAL,NL,2018-01-01,1.5
M,RCH_A,TOTAL,NL,2018-02-01,1.2
M,RCH_A,TOTAL,NL,2018-03-01,1
M,RCH_A,TOTAL,NL,2018-04-01,1
M,RCH_A,TOTAL,NL,2018-05-01,1.9
M,RCH_A,TOTAL,NL,2018-06-01,1.7
M,RCH_A,TOTAL,NL,2018-07-01,1.9
M,RCH_A,TOTAL,NL,2018-08-01,1.9
M,RCH_A,TOTAL,NL,2018-09-01,1.6
M,RCH_A,TOTAL,NL,2018-10-01,1.9
M,RCH_A,TOTAL,NL,2018-11-01,1.8
M,RCH_A,TOTAL,NL,2018-12-01,1.8
M,RCH_A,TOTAL,NL,2019-01-01,2
M,RCH_A,TOTAL,NL,2019-02-01,2.6
M,RCH_A,TOTAL,NL,2019-03-01,2.9
M,RCH_A,TOTAL,NL,2019-04-01,3
M,RCH_A,TOTAL,NL,2019-05-01,2.3
M,RCH_A,TOTAL,NL,2019-06-01,2.7
M,RCH_A,TOTAL,NL,2019-07-01,2.6
M,RCH_A,TOTAL,NL,2019-08-01,3.1
M,RCH_A,TOTAL,NL,2019-09-01,2.7
M,RCH_A,TOTAL,NL,2019-10-01,2.8
M,RCH_A,TOTAL,NL,2019-11-01,2.5
M,RCH_A,TOTAL,NL,2019-12-01,2.8
M,RCH_A,TOTAL,NL,2020-01-01,1.7
M,RCH_A,TOTAL,NL,2020-02-01,1.3
M,RCH_A,TOTAL,NL,2020-03-01,1.1
M,RCH_A,TOTAL,NL,2020-04-01,1
M,RCH_A,TOTAL,NL,2020-05-01,1.1
M,RCH_A,TOTAL,NL,2020-06-01,1.7
M,RCH_A,TOTAL,NL,2020-07-01,1.6
M,RCH_A,TOTAL,NL,2020-08-01,0.3
M,RCH_A,TOTAL,NL,2020-09-01,1
M,RCH_A,TOTAL,NL,2020-10-01,1.1
M,RCH_A,TOTAL,NL,2020-11-01,0.7
M,RCH_A,TOTAL,NL,2020-12-01,0.9
M,RCH_A,TOTAL,NL,2021-01-01,1.6
M,RCH_A,TOTAL,NL,2021-02-01,1.9
M,RCH_A,TOTAL,NL,2021-03-01,1.9
M,RCH_A,TOTAL,NL,2021-04-01,1.7
M,RCH_A,TOTAL,NL,2021-05-01,2
M,RCH_A,TOTAL,NL,2021-06-01,1.7
M,RCH_A,TOTAL,NL,2021-07-01,1.4
M,RCH_A,TOTAL,NL,2021-08-01,2.7
M,RCH_A,TOTAL,NL,2021-09-01,3
M,RCH_A,TOTAL,NL,2021-10-01,3.7
M,RCH_A,TOTAL,NL,2021-11-01,5.9
M,RCH_A,TOTAL,NL,2021-12-01,6.4
M,RCH_A,TOTAL,NL,2022-01-01,7.6
M,RCH_A,TOTAL,NL,2022-02-01,7.3
M,RCH_A,TOTAL,NL,2022-03-01,11.7
M,RCH_A,TOTAL,NL,2022-04-01,11.2
M,RCH_A,TOTAL,NL,2022-05-01,10.2
M,RCH_A,TOTAL,NL,2022-06-01,9.9
M,RCH_A,TOTAL,NL,2022-07-01,11.6
M,RCH_A,TOTAL,NL,2022-08-01,13.7
M,RCH_A,TOTAL,NL,2022-09-01,17.1
M,RCH_A,TOTAL,NL,2022-10-01,16.8
M,RCH_A,TOTAL,NL,2022-11-01,11.3
M,RCH_A,TOTAL,NL,2022-12-01,11
M,RCH_A,TOTAL,NL,2023-01-01,8.4
M,RCH_A,TOTAL,NL,2023-02-01,8.9
M,RCH_A,TOTAL,NL,2023-03-01,4.5
M,RCH_A,TOTAL,NL,2023-04-01,5.8
M,RCH_A,TOTAL,NL,2023-05-01,6.8
M,RCH_A,TOTAL,NL,2023-06-01,6.4
M,RCH_A,TOTAL,NL,2023-07-01,5.3
M,RCH_A,TOTAL,NL,2023-08-01,3.4
M,RCH_A,TOTAL,NL,2023-09-01,-0.3
M,RCH_A,TOTAL,NL,2023-10-01,-1
M,RCH_A,TOTAL,NL,2023-11-01,1.4
M,RCH_A,TOTAL,NL,2023-12-01,1
M,RCH_A,TOTAL,NL,2024-01-01,3.1
M,RCH_A,TOTAL,NL,2024-02-01,2.7
M,RCH_A,TOTAL,NL,2024-03-01,3.1
M,RCH_A,TOTAL,NL,2024-04-01,2.6
M,RCH_A,TOTAL,NL,2024-05-01,2.7
M,RCH_A,TOTAL,NL,2024-06-01,3.4
M,RCH_A,TOTAL,NL,2024-07-01,3.5
M,RCH_A,TOTAL,NL,2024-08-01,3.3
M,RCH_A,TOTAL,NL,2024-09-01,3.3
M,RCH_A,TOTAL,NL,2024-10-01,3.3
M,RCH_A,TOTAL,NL,2024-11-01,3.8
M,RCH_A,TOTAL,NL,2024-12-01,3.9
M,RCH_A,TOTAL,NL,2025-01-01,3
M,RCH_A,TOTAL,NL,2025-02-01,3.5
M,RCH_A,TOTAL,NL,2025-03-01,3.4
M,RCH_A,TOTAL,NL,2025-04-01,4.1
M,RCH_A,TOTAL,NL,2025-05-01,2.9
M,RCH_A,TOTAL,NL,2025-06-01,2.7
M,RCH_A,TOTAL,NL,2025-07-01,2.6
M,RCH_A,TOTAL,NL,2025-08-01,2.4
M,RCH_A,TOTAL,NL,2025-09-01,3
M,RCH_A,TOTAL,NL,2025-10-01,3
M,RCH_A,TOTAL,NL,2025-11-01,2.6
M,RCH_A,TOTAL,NL,2025-12-01,2.7
M,RCH_A,TOTAL,NL,2026-01-01,2.2
M,RCH_A,TOTAL,NL,2026-02-01,2.3
M,RCH_A,TOTAL,NL,2026-03-01,2.6
M,RCH_A,TOTAL,NL,2026-04-01,2.5
M,RCH_A,TOTAL,NL,2026-05-01,3.4
M,RCH_A,TOTAL,NL,2026-06-01,2.5
M,RCH_A,TOTAL,NL,2026-07-01,3
M,RCH_A,TOTAL,NL,2026-08-01,2.8
M,RCH_A,TOTAL,NL,2026-09-01,3
M,RCH_A,TOTAL,AT,1996-01-01,NA
M,RCH_A,TOTAL,AT,1996-02-01,NA
M,RCH_A,TOTAL,AT,1996-03-01,NA
M,RCH_A,TOTAL,AT,1996-04-01,NA
M,RCH_A,TOTAL,AT,1996-05-01,NA
M,RCH_A,TOTAL,AT,1996-06-01,NA
M,RCH_A,TOTAL,AT,1996-07-01,NA
M,RCH_A,TOTAL,AT,1996-08-01,NA
M,RCH_A,TOTAL,AT,1996-09-01,NA
M,RCH_A,TOTAL,AT,1996-10-01,NA
M,RCH_A,TOTAL,AT,1996-11-01,NA
M,RCH_A,TOTAL,AT,1996-12-01,NA
M,RCH_A,TOTAL,AT,1997-01-01,1.2
M,RCH_A,TOTAL,AT,1997-02-01,1.4
M,RCH_A,TOTAL,AT,1997-03-01,1.2
M,RCH_A,TOTAL,AT,1997-04-01,1.2
M,RCH_A,TOTAL,AT,1997-05-01,1.3
M,RCH_A,TOTAL,AT,1997-06-01,1
M,RCH_A,TOTAL,AT,1997-07-01,0.9
M,RCH_A,TOTAL,AT,1997-08-01,1.3
M,RCH_A,TOTAL,AT,1997-09-01,1.2
M,RCH_A,TOTAL,AT,1997-10-01,1.1
M,RCH_A,TOTAL,AT,1997-11-01,1.1
M,RCH_A,TOTAL,AT,1997-12-01,1
M,RCH_A,TOTAL,AT,1998-01-01,1.2
M,RCH_A,TOTAL,AT,1998-02-01,1
M,RCH_A,TOTAL,AT,1998-03-01,1
M,RCH_A,TOTAL,AT,1998-04-01,1.2
M,RCH_A,TOTAL,AT,1998-05-01,1
M,RCH_A,TOTAL,AT,1998-06-01,0.8
M,RCH_A,TOTAL,AT,1998-07-01,0.8
M,RCH_A,TOTAL,AT,1998-08-01,0.7
M,RCH_A,TOTAL,AT,1998-09-01,0.6
M,RCH_A,TOTAL,AT,1998-10-01,0.7
M,RCH_A,TOTAL,AT,1998-11-01,0.5
M,RCH_A,TOTAL,AT,1998-12-01,0.5
M,RCH_A,TOTAL,AT,1999-01-01,0.3
M,RCH_A,TOTAL,AT,1999-02-01,0.2
M,RCH_A,TOTAL,AT,1999-03-01,0.2
M,RCH_A,TOTAL,AT,1999-04-01,0.1
M,RCH_A,TOTAL,AT,1999-05-01,0.4
M,RCH_A,TOTAL,AT,1999-06-01,0.2
M,RCH_A,TOTAL,AT,1999-07-01,0.3
M,RCH_A,TOTAL,AT,1999-08-01,0.5
M,RCH_A,TOTAL,AT,1999-09-01,0.6
M,RCH_A,TOTAL,AT,1999-10-01,0.8
M,RCH_A,TOTAL,AT,1999-11-01,1
M,RCH_A,TOTAL,AT,1999-12-01,1.7
M,RCH_A,TOTAL,AT,2000-01-01,1.4
M,RCH_A,TOTAL,AT,2000-02-01,2
M,RCH_A,TOTAL,AT,2000-03-01,1.9
M,RCH_A,TOTAL,AT,2000-04-01,1.8
M,RCH_A,TOTAL,AT,2000-05-01,1.5
M,RCH_A,TOTAL,AT,2000-06-01,2.4
M,RCH_A,TOTAL,AT,2000-07-01,2
M,RCH_A,TOTAL,AT,2000-08-01,1.9
M,RCH_A,TOTAL,AT,2000-09-01,2.3
M,RCH_A,TOTAL,AT,2000-10-01,2.2
M,RCH_A,TOTAL,AT,2000-11-01,2.3
M,RCH_A,TOTAL,AT,2000-12-01,1.8
M,RCH_A,TOTAL,AT,2001-01-01,2.3
M,RCH_A,TOTAL,AT,2001-02-01,1.8
M,RCH_A,TOTAL,AT,2001-03-01,1.9
M,RCH_A,TOTAL,AT,2001-04-01,2.6
M,RCH_A,TOTAL,AT,2001-05-01,2.9
M,RCH_A,TOTAL,AT,2001-06-01,2.6
M,RCH_A,TOTAL,AT,2001-07-01,2.8
M,RCH_A,TOTAL,AT,2001-08-01,2.4
M,RCH_A,TOTAL,AT,2001-09-01,2.4
M,RCH_A,TOTAL,AT,2001-10-01,2.3
M,RCH_A,TOTAL,AT,2001-11-01,1.9
M,RCH_A,TOTAL,AT,2001-12-01,1.8
M,RCH_A,TOTAL,AT,2002-01-01,1.9
M,RCH_A,TOTAL,AT,2002-02-01,1.7
M,RCH_A,TOTAL,AT,2002-03-01,1.7
M,RCH_A,TOTAL,AT,2002-04-01,1.6
M,RCH_A,TOTAL,AT,2002-05-01,1.6
M,RCH_A,TOTAL,AT,2002-06-01,1.5
M,RCH_A,TOTAL,AT,2002-07-01,1.5
M,RCH_A,TOTAL,AT,2002-08-01,2
M,RCH_A,TOTAL,AT,2002-09-01,1.6
M,RCH_A,TOTAL,AT,2002-10-01,1.6
M,RCH_A,TOTAL,AT,2002-11-01,1.7
M,RCH_A,TOTAL,AT,2002-12-01,1.7
M,RCH_A,TOTAL,AT,2003-01-01,1.7
M,RCH_A,TOTAL,AT,2003-02-01,1.7
M,RCH_A,TOTAL,AT,2003-03-01,1.8
M,RCH_A,TOTAL,AT,2003-04-01,1.3
M,RCH_A,TOTAL,AT,2003-05-01,1
M,RCH_A,TOTAL,AT,2003-06-01,1
M,RCH_A,TOTAL,AT,2003-07-01,1
M,RCH_A,TOTAL,AT,2003-08-01,1
M,RCH_A,TOTAL,AT,2003-09-01,1.3
M,RCH_A,TOTAL,AT,2003-10-01,1.1
M,RCH_A,TOTAL,AT,2003-11-01,1.3
M,RCH_A,TOTAL,AT,2003-12-01,1.3
M,RCH_A,TOTAL,AT,2004-01-01,1.2
M,RCH_A,TOTAL,AT,2004-02-01,1.5
M,RCH_A,TOTAL,AT,2004-03-01,1.6
M,RCH_A,TOTAL,AT,2004-04-01,1.6
M,RCH_A,TOTAL,AT,2004-05-01,2.1
M,RCH_A,TOTAL,AT,2004-06-01,2.3
M,RCH_A,TOTAL,AT,2004-07-01,2.1
M,RCH_A,TOTAL,AT,2004-08-01,2.2
M,RCH_A,TOTAL,AT,2004-09-01,1.8
M,RCH_A,TOTAL,AT,2004-10-01,2.4
M,RCH_A,TOTAL,AT,2004-11-01,2.3
M,RCH_A,TOTAL,AT,2004-12-01,2.5
M,RCH_A,TOTAL,AT,2005-01-01,2.4
M,RCH_A,TOTAL,AT,2005-02-01,2.3
M,RCH_A,TOTAL,AT,2005-03-01,2.4
M,RCH_A,TOTAL,AT,2005-04-01,2.3
M,RCH_A,TOTAL,AT,2005-05-01,1.9
M,RCH_A,TOTAL,AT,2005-06-01,2
M,RCH_A,TOTAL,AT,2005-07-01,2.1
M,RCH_A,TOTAL,AT,2005-08-01,1.9
M,RCH_A,TOTAL,AT,2005-09-01,2.5
M,RCH_A,TOTAL,AT,2005-10-01,2.1
M,RCH_A,TOTAL,AT,2005-11-01,1.7
M,RCH_A,TOTAL,AT,2005-12-01,1.5
M,RCH_A,TOTAL,AT,2006-01-01,1.5
M,RCH_A,TOTAL,AT,2006-02-01,1.5
M,RCH_A,TOTAL,AT,2006-03-01,1.3
M,RCH_A,TOTAL,AT,2006-04-01,2.1
M,RCH_A,TOTAL,AT,2006-05-01,2.1
M,RCH_A,TOTAL,AT,2006-06-01,1.9
M,RCH_A,TOTAL,AT,2006-07-01,1.9
M,RCH_A,TOTAL,AT,2006-08-01,2.1
M,RCH_A,TOTAL,AT,2006-09-01,1.4
M,RCH_A,TOTAL,AT,2006-10-01,1.2
M,RCH_A,TOTAL,AT,2006-11-01,1.5
M,RCH_A,TOTAL,AT,2006-12-01,1.6
M,RCH_A,TOTAL,AT,2007-01-01,1.7
M,RCH_A,TOTAL,AT,2007-02-01,1.7
M,RCH_A,TOTAL,AT,2007-03-01,1.9
M,RCH_A,TOTAL,AT,2007-04-01,1.8
M,RCH_A,TOTAL,AT,2007-05-01,1.9
M,RCH_A,TOTAL,AT,2007-06-01,1.9
M,RCH_A,TOTAL,AT,2007-07-01,2
M,RCH_A,TOTAL,AT,2007-08-01,1.7
M,RCH_A,TOTAL,AT,2007-09-01,2.1
M,RCH_A,TOTAL,AT,2007-10-01,2.9
M,RCH_A,TOTAL,AT,2007-11-01,3.2
M,RCH_A,TOTAL,AT,2007-12-01,3.5
M,RCH_A,TOTAL,AT,2008-01-01,3.1
M,RCH_A,TOTAL,AT,2008-02-01,3.1
M,RCH_A,TOTAL,AT,2008-03-01,3.5
M,RCH_A,TOTAL,AT,2008-04-01,3.4
M,RCH_A,TOTAL,AT,2008-05-01,3.8
M,RCH_A,TOTAL,AT,2008-06-01,4
M,RCH_A,TOTAL,AT,2008-07-01,3.8
M,RCH_A,TOTAL,AT,2008-08-01,3.6
M,RCH_A,TOTAL,AT,2008-09-01,3.7
M,RCH_A,TOTAL,AT,2008-10-01,3
M,RCH_A,TOTAL,AT,2008-11-01,2.3
M,RCH_A,TOTAL,AT,2008-12-01,1.5
M,RCH_A,TOTAL,AT,2009-01-01,1.2
M,RCH_A,TOTAL,AT,2009-02-01,1.3
M,RCH_A,TOTAL,AT,2009-03-01,0.6
M,RCH_A,TOTAL,AT,2009-04-01,0.5
M,RCH_A,TOTAL,AT,2009-05-01,0.1
M,RCH_A,TOTAL,AT,2009-06-01,-0.3
M,RCH_A,TOTAL,AT,2009-07-01,-0.4
M,RCH_A,TOTAL,AT,2009-08-01,0.2
M,RCH_A,TOTAL,AT,2009-09-01,0
M,RCH_A,TOTAL,AT,2009-10-01,0.1
M,RCH_A,TOTAL,AT,2009-11-01,0.6
M,RCH_A,TOTAL,AT,2009-12-01,1.1
M,RCH_A,TOTAL,AT,2010-01-01,1.2
M,RCH_A,TOTAL,AT,2010-02-01,0.9
M,RCH_A,TOTAL,AT,2010-03-01,1.8
M,RCH_A,TOTAL,AT,2010-04-01,1.8
M,RCH_A,TOTAL,AT,2010-05-01,1.7
M,RCH_A,TOTAL,AT,2010-06-01,1.8
M,RCH_A,TOTAL,AT,2010-07-01,1.7
M,RCH_A,TOTAL,AT,2010-08-01,1.6
M,RCH_A,TOTAL,AT,2010-09-01,1.8
M,RCH_A,TOTAL,AT,2010-10-01,2
M,RCH_A,TOTAL,AT,2010-11-01,1.8
M,RCH_A,TOTAL,AT,2010-12-01,2.2
M,RCH_A,TOTAL,AT,2011-01-01,2.5
M,RCH_A,TOTAL,AT,2011-02-01,3.1
M,RCH_A,TOTAL,AT,2011-03-01,3.3
M,RCH_A,TOTAL,AT,2011-04-01,3.7
M,RCH_A,TOTAL,AT,2011-05-01,3.7
M,RCH_A,TOTAL,AT,2011-06-01,3.7
M,RCH_A,TOTAL,AT,2011-07-01,3.8
M,RCH_A,TOTAL,AT,2011-08-01,3.7
M,RCH_A,TOTAL,AT,2011-09-01,3.9
M,RCH_A,TOTAL,AT,2011-10-01,3.8
M,RCH_A,TOTAL,AT,2011-11-01,3.9
M,RCH_A,TOTAL,AT,2011-12-01,3.4
M,RCH_A,TOTAL,AT,2012-01-01,2.9
M,RCH_A,TOTAL,AT,2012-02-01,2.6
M,RCH_A,TOTAL,AT,2012-03-01,2.6
M,RCH_A,TOTAL,AT,2012-04-01,2.3
M,RCH_A,TOTAL,AT,2012-05-01,2.2
M,RCH_A,TOTAL,AT,2012-06-01,2.2
M,RCH_A,TOTAL,AT,2012-07-01,2.1
M,RCH_A,TOTAL,AT,2012-08-01,2.3
M,RCH_A,TOTAL,AT,2012-09-01,2.8
M,RCH_A,TOTAL,AT,2012-10-01,2.9
M,RCH_A,TOTAL,AT,2012-11-01,2.9
M,RCH_A,TOTAL,AT,2012-12-01,2.9
M,RCH_A,TOTAL,AT,2013-01-01,2.8
M,RCH_A,TOTAL,AT,2013-02-01,2.6
M,RCH_A,TOTAL,AT,2013-03-01,2.4
M,RCH_A,TOTAL,AT,2013-04-01,2.1
M,RCH_A,TOTAL,AT,2013-05-01,2.4
M,RCH_A,TOTAL,AT,2013-06-01,2.3
M,RCH_A,TOTAL,AT,2013-07-01,2.1
M,RCH_A,TOTAL,AT,2013-08-01,2
M,RCH_A,TOTAL,AT,2013-09-01,1.8
M,RCH_A,TOTAL,AT,2013-10-01,1.5
M,RCH_A,TOTAL,AT,2013-11-01,1.4
M,RCH_A,TOTAL,AT,2013-12-01,2
M,RCH_A,TOTAL,AT,2014-01-01,1.5
M,RCH_A,TOTAL,AT,2014-02-01,1.5
M,RCH_A,TOTAL,AT,2014-03-01,1.4
M,RCH_A,TOTAL,AT,2014-04-01,1.6
M,RCH_A,TOTAL,AT,2014-05-01,1.5
M,RCH_A,TOTAL,AT,2014-06-01,1.7
M,RCH_A,TOTAL,AT,2014-07-01,1.7
M,RCH_A,TOTAL,AT,2014-08-01,1.5
M,RCH_A,TOTAL,AT,2014-09-01,1.4
M,RCH_A,TOTAL,AT,2014-10-01,1.4
M,RCH_A,TOTAL,AT,2014-11-01,1.5
M,RCH_A,TOTAL,AT,2014-12-01,0.8
M,RCH_A,TOTAL,AT,2015-01-01,0.5
M,RCH_A,TOTAL,AT,2015-02-01,0.5
M,RCH_A,TOTAL,AT,2015-03-01,0.9
M,RCH_A,TOTAL,AT,2015-04-01,0.9
M,RCH_A,TOTAL,AT,2015-05-01,1
M,RCH_A,TOTAL,AT,2015-06-01,1
M,RCH_A,TOTAL,AT,2015-07-01,1.1
M,RCH_A,TOTAL,AT,2015-08-01,0.9
M,RCH_A,TOTAL,AT,2015-09-01,0.6
M,RCH_A,TOTAL,AT,2015-10-01,0.7
M,RCH_A,TOTAL,AT,2015-11-01,0.5
M,RCH_A,TOTAL,AT,2015-12-01,1.1
M,RCH_A,TOTAL,AT,2016-01-01,1.4
M,RCH_A,TOTAL,AT,2016-02-01,1
M,RCH_A,TOTAL,AT,2016-03-01,0.7
M,RCH_A,TOTAL,AT,2016-04-01,0.7
M,RCH_A,TOTAL,AT,2016-05-01,0.6
M,RCH_A,TOTAL,AT,2016-06-01,0.6
M,RCH_A,TOTAL,AT,2016-07-01,0.6
M,RCH_A,TOTAL,AT,2016-08-01,0.6
M,RCH_A,TOTAL,AT,2016-09-01,1.1
M,RCH_A,TOTAL,AT,2016-10-01,1.4
M,RCH_A,TOTAL,AT,2016-11-01,1.5
M,RCH_A,TOTAL,AT,2016-12-01,1.6
M,RCH_A,TOTAL,AT,2017-01-01,2.1
M,RCH_A,TOTAL,AT,2017-02-01,2.4
M,RCH_A,TOTAL,AT,2017-03-01,2.1
M,RCH_A,TOTAL,AT,2017-04-01,2.3
M,RCH_A,TOTAL,AT,2017-05-01,2.1
M,RCH_A,TOTAL,AT,2017-06-01,2
M,RCH_A,TOTAL,AT,2017-07-01,2
M,RCH_A,TOTAL,AT,2017-08-01,2.1
M,RCH_A,TOTAL,AT,2017-09-01,2.5
M,RCH_A,TOTAL,AT,2017-10-01,2.4
M,RCH_A,TOTAL,AT,2017-11-01,2.4
M,RCH_A,TOTAL,AT,2017-12-01,2.3
M,RCH_A,TOTAL,AT,2018-01-01,1.9
M,RCH_A,TOTAL,AT,2018-02-01,1.9
M,RCH_A,TOTAL,AT,2018-03-01,2.1
M,RCH_A,TOTAL,AT,2018-04-01,2
M,RCH_A,TOTAL,AT,2018-05-01,2.1
M,RCH_A,TOTAL,AT,2018-06-01,2.3
M,RCH_A,TOTAL,AT,2018-07-01,2.3
M,RCH_A,TOTAL,AT,2018-08-01,2.3
M,RCH_A,TOTAL,AT,2018-09-01,2.1
M,RCH_A,TOTAL,AT,2018-10-01,2.4
M,RCH_A,TOTAL,AT,2018-11-01,2.3
M,RCH_A,TOTAL,AT,2018-12-01,1.7
M,RCH_A,TOTAL,AT,2019-01-01,1.7
M,RCH_A,TOTAL,AT,2019-02-01,1.4
M,RCH_A,TOTAL,AT,2019-03-01,1.7
M,RCH_A,TOTAL,AT,2019-04-01,1.7
M,RCH_A,TOTAL,AT,2019-05-01,1.7
M,RCH_A,TOTAL,AT,2019-06-01,1.6
M,RCH_A,TOTAL,AT,2019-07-01,1.4
M,RCH_A,TOTAL,AT,2019-08-01,1.4
M,RCH_A,TOTAL,AT,2019-09-01,1.2
M,RCH_A,TOTAL,AT,2019-10-01,1
M,RCH_A,TOTAL,AT,2019-11-01,1.2
M,RCH_A,TOTAL,AT,2019-12-01,1.8
M,RCH_A,TOTAL,AT,2020-01-01,2.2
M,RCH_A,TOTAL,AT,2020-02-01,2.2
M,RCH_A,TOTAL,AT,2020-03-01,1.6
M,RCH_A,TOTAL,AT,2020-04-01,1.5
M,RCH_A,TOTAL,AT,2020-05-01,0.6
M,RCH_A,TOTAL,AT,2020-06-01,1.1
M,RCH_A,TOTAL,AT,2020-07-01,1.8
M,RCH_A,TOTAL,AT,2020-08-01,1.4
M,RCH_A,TOTAL,AT,2020-09-01,1.2
M,RCH_A,TOTAL,AT,2020-10-01,1.1
M,RCH_A,TOTAL,AT,2020-11-01,1.1
M,RCH_A,TOTAL,AT,2020-12-01,1
M,RCH_A,TOTAL,AT,2021-01-01,1.1
M,RCH_A,TOTAL,AT,2021-02-01,1.4
M,RCH_A,TOTAL,AT,2021-03-01,2
M,RCH_A,TOTAL,AT,2021-04-01,1.9
M,RCH_A,TOTAL,AT,2021-05-01,3
M,RCH_A,TOTAL,AT,2021-06-01,2.8
M,RCH_A,TOTAL,AT,2021-07-01,2.8
M,RCH_A,TOTAL,AT,2021-08-01,3.2
M,RCH_A,TOTAL,AT,2021-09-01,3.3
M,RCH_A,TOTAL,AT,2021-10-01,3.8
M,RCH_A,TOTAL,AT,2021-11-01,4.1
M,RCH_A,TOTAL,AT,2021-12-01,3.8
M,RCH_A,TOTAL,AT,2022-01-01,4.5
M,RCH_A,TOTAL,AT,2022-02-01,5.5
M,RCH_A,TOTAL,AT,2022-03-01,6.6
M,RCH_A,TOTAL,AT,2022-04-01,7.1
M,RCH_A,TOTAL,AT,2022-05-01,7.7
M,RCH_A,TOTAL,AT,2022-06-01,8.7
M,RCH_A,TOTAL,AT,2022-07-01,9.4
M,RCH_A,TOTAL,AT,2022-08-01,9.2
M,RCH_A,TOTAL,AT,2022-09-01,11
M,RCH_A,TOTAL,AT,2022-10-01,11.6
M,RCH_A,TOTAL,AT,2022-11-01,11.2
M,RCH_A,TOTAL,AT,2022-12-01,10.5
M,RCH_A,TOTAL,AT,2023-01-01,11.6
M,RCH_A,TOTAL,AT,2023-02-01,11
M,RCH_A,TOTAL,AT,2023-03-01,9.2
M,RCH_A,TOTAL,AT,2023-04-01,9.4
M,RCH_A,TOTAL,AT,2023-05-01,8.7
M,RCH_A,TOTAL,AT,2023-06-01,7.8
M,RCH_A,TOTAL,AT,2023-07-01,7
M,RCH_A,TOTAL,AT,2023-08-01,7.5
M,RCH_A,TOTAL,AT,2023-09-01,5.8
M,RCH_A,TOTAL,AT,2023-10-01,4.9
M,RCH_A,TOTAL,AT,2023-11-01,4.9
M,RCH_A,TOTAL,AT,2023-12-01,5.7
M,RCH_A,TOTAL,AT,2024-01-01,4.3
M,RCH_A,TOTAL,AT,2024-02-01,4
M,RCH_A,TOTAL,AT,2024-03-01,4.1
M,RCH_A,TOTAL,AT,2024-04-01,3.4
M,RCH_A,TOTAL,AT,2024-05-01,3.3
M,RCH_A,TOTAL,AT,2024-06-01,3.1
M,RCH_A,TOTAL,AT,2024-07-01,2.9
M,RCH_A,TOTAL,AT,2024-08-01,2.4
M,RCH_A,TOTAL,AT,2024-09-01,1.8
M,RCH_A,TOTAL,AT,2024-10-01,1.8
M,RCH_A,TOTAL,AT,2024-11-01,1.9
M,RCH_A,TOTAL,AT,2024-12-01,2.1
M,RCH_A,TOTAL,AT,2025-01-01,3.4
M,RCH_A,TOTAL,AT,2025-02-01,3.4
M,RCH_A,TOTAL,AT,2025-03-01,3.1
M,RCH_A,TOTAL,AT,2025-04-01,3.3
M,RCH_A,TOTAL,AT,2025-05-01,3
M,RCH_A,TOTAL,AT,2025-06-01,3.2
M,RCH_A,TOTAL,AT,2025-07-01,3.7
M,RCH_A,TOTAL,AT,2025-08-01,4.1
M,RCH_A,TOTAL,AT,2025-09-01,3.9
M,RCH_A,TOTAL,AT,2025-10-01,4
M,RCH_A,TOTAL,AT,2025-11-01,4
M,RCH_A,TOTAL,AT,2025-12-01,3.8
M,RCH_A,TOTAL,AT,2026-01-01,2.1
M,RCH_A,TOTAL,AT,2026-02-01,2.3
M,RCH_A,TOTAL,AT,2026-03-01,3.2
M,RCH_A,TOTAL,AT,2026-04-01,3.4
M,RCH_A,TOTAL,AT,2026-05-01,3.7
M,RCH_A,TOTAL,AT,2026-06-01,3.2
M,RCH_A,TOTAL,AT,2026-07-01,2.7
M,RCH_A,TOTAL,AT,2026-08-01,2.9
M,RCH_A,TOTAL,AT,2026-09-01,3.5
M,RCH_A,TOTAL,PT,1996-01-01,NA
M,RCH_A,TOTAL,PT,1996-02-01,NA
M,RCH_A,TOTAL,PT,1996-03-01,NA
M,RCH_A,TOTAL,PT,1996-04-01,NA
M,RCH_A,TOTAL,PT,1996-05-01,NA
M,RCH_A,TOTAL,PT,1996-06-01,NA
M,RCH_A,TOTAL,PT,1996-07-01,NA
M,RCH_A,TOTAL,PT,1996-08-01,NA
M,RCH_A,TOTAL,PT,1996-09-01,NA
M,RCH_A,TOTAL,PT,1996-10-01,NA
M,RCH_A,TOTAL,PT,1996-11-01,NA
M,RCH_A,TOTAL,PT,1996-12-01,NA
M,RCH_A,TOTAL,PT,1997-01-01,2.8
M,RCH_A,TOTAL,PT,1997-02-01,2.4
M,RCH_A,TOTAL,PT,1997-03-01,2.3
M,RCH_A,TOTAL,PT,1997-04-01,1.6
M,RCH_A,TOTAL,PT,1997-05-01,1.9
M,RCH_A,TOTAL,PT,1997-06-01,1.6
M,RCH_A,TOTAL,PT,1997-07-01,1.4
M,RCH_A,TOTAL,PT,1997-08-01,1.6
M,RCH_A,TOTAL,PT,1997-09-01,1.5
M,RCH_A,TOTAL,PT,1997-10-01,1.6
M,RCH_A,TOTAL,PT,1997-11-01,1.9
M,RCH_A,TOTAL,PT,1997-12-01,2.1
M,RCH_A,TOTAL,PT,1998-01-01,1.6
M,RCH_A,TOTAL,PT,1998-02-01,1.3
M,RCH_A,TOTAL,PT,1998-03-01,1.5
M,RCH_A,TOTAL,PT,1998-04-01,2.2
M,RCH_A,TOTAL,PT,1998-05-01,2.2
M,RCH_A,TOTAL,PT,1998-06-01,2.7
M,RCH_A,TOTAL,PT,1998-07-01,2.9
M,RCH_A,TOTAL,PT,1998-08-01,2.2
M,RCH_A,TOTAL,PT,1998-09-01,2.2
M,RCH_A,TOTAL,PT,1998-10-01,2.6
M,RCH_A,TOTAL,PT,1998-11-01,2.6
M,RCH_A,TOTAL,PT,1998-12-01,2.8
M,RCH_A,TOTAL,PT,1999-01-01,2.5
M,RCH_A,TOTAL,PT,1999-02-01,2.7
M,RCH_A,TOTAL,PT,1999-03-01,2.8
M,RCH_A,TOTAL,PT,1999-04-01,2.7
M,RCH_A,TOTAL,PT,1999-05-01,2.1
M,RCH_A,TOTAL,PT,1999-06-01,2.1
M,RCH_A,TOTAL,PT,1999-07-01,1.9
M,RCH_A,TOTAL,PT,1999-08-01,1.8
M,RCH_A,TOTAL,PT,1999-09-01,1.9
M,RCH_A,TOTAL,PT,1999-10-01,1.8
M,RCH_A,TOTAL,PT,1999-11-01,1.9
M,RCH_A,TOTAL,PT,1999-12-01,1.7
M,RCH_A,TOTAL,PT,2000-01-01,1.9
M,RCH_A,TOTAL,PT,2000-02-01,1.6
M,RCH_A,TOTAL,PT,2000-03-01,1.4
M,RCH_A,TOTAL,PT,2000-04-01,1.9
M,RCH_A,TOTAL,PT,2000-05-01,2.5
M,RCH_A,TOTAL,PT,2000-06-01,2.8
M,RCH_A,TOTAL,PT,2000-07-01,3.3
M,RCH_A,TOTAL,PT,2000-08-01,3.6
M,RCH_A,TOTAL,PT,2000-09-01,3.6
M,RCH_A,TOTAL,PT,2000-10-01,3.7
M,RCH_A,TOTAL,PT,2000-11-01,3.6
M,RCH_A,TOTAL,PT,2000-12-01,3.8
M,RCH_A,TOTAL,PT,2001-01-01,4.4
M,RCH_A,TOTAL,PT,2001-02-01,4.8
M,RCH_A,TOTAL,PT,2001-03-01,5.1
M,RCH_A,TOTAL,PT,2001-04-01,4.6
M,RCH_A,TOTAL,PT,2001-05-01,4.9
M,RCH_A,TOTAL,PT,2001-06-01,4.6
M,RCH_A,TOTAL,PT,2001-07-01,4.3
M,RCH_A,TOTAL,PT,2001-08-01,4
M,RCH_A,TOTAL,PT,2001-09-01,4.1
M,RCH_A,TOTAL,PT,2001-10-01,4.2
M,RCH_A,TOTAL,PT,2001-11-01,4.1
M,RCH_A,TOTAL,PT,2001-12-01,3.9
M,RCH_A,TOTAL,PT,2002-01-01,3.7
M,RCH_A,TOTAL,PT,2002-02-01,3.3
M,RCH_A,TOTAL,PT,2002-03-01,3.4
M,RCH_A,TOTAL,PT,2002-04-01,3.6
M,RCH_A,TOTAL,PT,2002-05-01,3.4
M,RCH_A,TOTAL,PT,2002-06-01,3.5
M,RCH_A,TOTAL,PT,2002-07-01,3.5
M,RCH_A,TOTAL,PT,2002-08-01,3.9
M,RCH_A,TOTAL,PT,2002-09-01,3.9
M,RCH_A,TOTAL,PT,2002-10-01,4.1
M,RCH_A,TOTAL,PT,2002-11-01,4.1
M,RCH_A,TOTAL,PT,2002-12-01,4
M,RCH_A,TOTAL,PT,2003-01-01,4
M,RCH_A,TOTAL,PT,2003-02-01,4.1
M,RCH_A,TOTAL,PT,2003-03-01,3.7
M,RCH_A,TOTAL,PT,2003-04-01,3.7
M,RCH_A,TOTAL,PT,2003-05-01,3.6
M,RCH_A,TOTAL,PT,2003-06-01,3.3
M,RCH_A,TOTAL,PT,2003-07-01,2.9
M,RCH_A,TOTAL,PT,2003-08-01,2.9
M,RCH_A,TOTAL,PT,2003-09-01,3.1
M,RCH_A,TOTAL,PT,2003-10-01,2.8
M,RCH_A,TOTAL,PT,2003-11-01,2.4
M,RCH_A,TOTAL,PT,2003-12-01,2.3
M,RCH_A,TOTAL,PT,2004-01-01,2.2
M,RCH_A,TOTAL,PT,2004-02-01,2.1
M,RCH_A,TOTAL,PT,2004-03-01,2.3
M,RCH_A,TOTAL,PT,2004-04-01,2.4
M,RCH_A,TOTAL,PT,2004-05-01,2.5
M,RCH_A,TOTAL,PT,2004-06-01,3.6
M,RCH_A,TOTAL,PT,2004-07-01,3
M,RCH_A,TOTAL,PT,2004-08-01,2.4
M,RCH_A,TOTAL,PT,2004-09-01,2.1
M,RCH_A,TOTAL,PT,2004-10-01,2.3
M,RCH_A,TOTAL,PT,2004-11-01,2.6
M,RCH_A,TOTAL,PT,2004-12-01,2.6
M,RCH_A,TOTAL,PT,2005-01-01,2
M,RCH_A,TOTAL,PT,2005-02-01,2.1
M,RCH_A,TOTAL,PT,2005-03-01,2.2
M,RCH_A,TOTAL,PT,2005-04-01,2
M,RCH_A,TOTAL,PT,2005-05-01,1.8
M,RCH_A,TOTAL,PT,2005-06-01,0.7
M,RCH_A,TOTAL,PT,2005-07-01,1.9
M,RCH_A,TOTAL,PT,2005-08-01,2.5
M,RCH_A,TOTAL,PT,2005-09-01,2.7
M,RCH_A,TOTAL,PT,2005-10-01,2.6
M,RCH_A,TOTAL,PT,2005-11-01,2.5
M,RCH_A,TOTAL,PT,2005-12-01,2.5
M,RCH_A,TOTAL,PT,2006-01-01,2.7
M,RCH_A,TOTAL,PT,2006-02-01,3
M,RCH_A,TOTAL,PT,2006-03-01,3.8
M,RCH_A,TOTAL,PT,2006-04-01,3.7
M,RCH_A,TOTAL,PT,2006-05-01,3.6
M,RCH_A,TOTAL,PT,2006-06-01,3.5
M,RCH_A,TOTAL,PT,2006-07-01,3
M,RCH_A,TOTAL,PT,2006-08-01,2.7
M,RCH_A,TOTAL,PT,2006-09-01,3
M,RCH_A,TOTAL,PT,2006-10-01,2.6
M,RCH_A,TOTAL,PT,2006-11-01,2.4
M,RCH_A,TOTAL,PT,2006-12-01,2.5
M,RCH_A,TOTAL,PT,2007-01-01,2.6
M,RCH_A,TOTAL,PT,2007-02-01,2.3
M,RCH_A,TOTAL,PT,2007-03-01,2.4
M,RCH_A,TOTAL,PT,2007-04-01,2.8
M,RCH_A,TOTAL,PT,2007-05-01,2.4
M,RCH_A,TOTAL,PT,2007-06-01,2.4
M,RCH_A,TOTAL,PT,2007-07-01,2.3
M,RCH_A,TOTAL,PT,2007-08-01,1.9
M,RCH_A,TOTAL,PT,2007-09-01,2
M,RCH_A,TOTAL,PT,2007-10-01,2.5
M,RCH_A,TOTAL,PT,2007-11-01,2.8
M,RCH_A,TOTAL,PT,2007-12-01,2.7
M,RCH_A,TOTAL,PT,2008-01-01,2.9
M,RCH_A,TOTAL,PT,2008-02-01,2.9
M,RCH_A,TOTAL,PT,2008-03-01,3.2
M,RCH_A,TOTAL,PT,2008-04-01,2.5
M,RCH_A,TOTAL,PT,2008-05-01,2.8
M,RCH_A,TOTAL,PT,2008-06-01,3.4
M,RCH_A,TOTAL,PT,2008-07-01,3.1
M,RCH_A,TOTAL,PT,2008-08-01,3.1
M,RCH_A,TOTAL,PT,2008-09-01,3.2
M,RCH_A,TOTAL,PT,2008-10-01,2.5
M,RCH_A,TOTAL,PT,2008-11-01,1.4
M,RCH_A,TOTAL,PT,2008-12-01,0.8
M,RCH_A,TOTAL,PT,2009-01-01,0.1
M,RCH_A,TOTAL,PT,2009-02-01,0.1
M,RCH_A,TOTAL,PT,2009-03-01,-0.6
M,RCH_A,TOTAL,PT,2009-04-01,-0.6
M,RCH_A,TOTAL,PT,2009-05-01,-1.3
M,RCH_A,TOTAL,PT,2009-06-01,-1.6
M,RCH_A,TOTAL,PT,2009-07-01,-1.5
M,RCH_A,TOTAL,PT,2009-08-01,-1.2
M,RCH_A,TOTAL,PT,2009-09-01,-1.8
M,RCH_A,TOTAL,PT,2009-10-01,-1.6
M,RCH_A,TOTAL,PT,2009-11-01,-0.8
M,RCH_A,TOTAL,PT,2009-12-01,-0.1
M,RCH_A,TOTAL,PT,2010-01-01,0.1
M,RCH_A,TOTAL,PT,2010-02-01,0.2
M,RCH_A,TOTAL,PT,2010-03-01,0.6
M,RCH_A,TOTAL,PT,2010-04-01,0.7
M,RCH_A,TOTAL,PT,2010-05-01,1.1
M,RCH_A,TOTAL,PT,2010-06-01,1.1
M,RCH_A,TOTAL,PT,2010-07-01,1.9
M,RCH_A,TOTAL,PT,2010-08-01,2
M,RCH_A,TOTAL,PT,2010-09-01,2
M,RCH_A,TOTAL,PT,2010-10-01,2.3
M,RCH_A,TOTAL,PT,2010-11-01,2.2
M,RCH_A,TOTAL,PT,2010-12-01,2.4
M,RCH_A,TOTAL,PT,2011-01-01,3.6
M,RCH_A,TOTAL,PT,2011-02-01,3.5
M,RCH_A,TOTAL,PT,2011-03-01,3.9
M,RCH_A,TOTAL,PT,2011-04-01,4
M,RCH_A,TOTAL,PT,2011-05-01,3.7
M,RCH_A,TOTAL,PT,2011-06-01,3.3
M,RCH_A,TOTAL,PT,2011-07-01,3
M,RCH_A,TOTAL,PT,2011-08-01,2.8
M,RCH_A,TOTAL,PT,2011-09-01,3.5
M,RCH_A,TOTAL,PT,2011-10-01,4
M,RCH_A,TOTAL,PT,2011-11-01,3.8
M,RCH_A,TOTAL,PT,2011-12-01,3.5
M,RCH_A,TOTAL,PT,2012-01-01,3.3
M,RCH_A,TOTAL,PT,2012-02-01,3.5
M,RCH_A,TOTAL,PT,2012-03-01,3.1
M,RCH_A,TOTAL,PT,2012-04-01,2.9
M,RCH_A,TOTAL,PT,2012-05-01,2.7
M,RCH_A,TOTAL,PT,2012-06-01,2.7
M,RCH_A,TOTAL,PT,2012-07-01,2.8
M,RCH_A,TOTAL,PT,2012-08-01,3.1
M,RCH_A,TOTAL,PT,2012-09-01,2.9
M,RCH_A,TOTAL,PT,2012-10-01,2.1
M,RCH_A,TOTAL,PT,2012-11-01,1.9
M,RCH_A,TOTAL,PT,2012-12-01,2.1
M,RCH_A,TOTAL,PT,2013-01-01,0.4
M,RCH_A,TOTAL,PT,2013-02-01,0.2
M,RCH_A,TOTAL,PT,2013-03-01,0.7
M,RCH_A,TOTAL,PT,2013-04-01,0.4
M,RCH_A,TOTAL,PT,2013-05-01,0.9
M,RCH_A,TOTAL,PT,2013-06-01,1.2
M,RCH_A,TOTAL,PT,2013-07-01,0.8
M,RCH_A,TOTAL,PT,2013-08-01,0.2
M,RCH_A,TOTAL,PT,2013-09-01,0.3
M,RCH_A,TOTAL,PT,2013-10-01,0
M,RCH_A,TOTAL,PT,2013-11-01,0.1
M,RCH_A,TOTAL,PT,2013-12-01,0.2
M,RCH_A,TOTAL,PT,2014-01-01,0.1
M,RCH_A,TOTAL,PT,2014-02-01,-0.1
M,RCH_A,TOTAL,PT,2014-03-01,-0.4
M,RCH_A,TOTAL,PT,2014-04-01,-0.1
M,RCH_A,TOTAL,PT,2014-05-01,-0.3
M,RCH_A,TOTAL,PT,2014-06-01,-0.2
M,RCH_A,TOTAL,PT,2014-07-01,-0.7
M,RCH_A,TOTAL,PT,2014-08-01,-0.1
M,RCH_A,TOTAL,PT,2014-09-01,0
M,RCH_A,TOTAL,PT,2014-10-01,0.1
M,RCH_A,TOTAL,PT,2014-11-01,0.1
M,RCH_A,TOTAL,PT,2014-12-01,-0.3
M,RCH_A,TOTAL,PT,2015-01-01,-0.4
M,RCH_A,TOTAL,PT,2015-02-01,-0.1
M,RCH_A,TOTAL,PT,2015-03-01,0.4
M,RCH_A,TOTAL,PT,2015-04-01,0.5
M,RCH_A,TOTAL,PT,2015-05-01,0.9
M,RCH_A,TOTAL,PT,2015-06-01,0.8
M,RCH_A,TOTAL,PT,2015-07-01,0.7
M,RCH_A,TOTAL,PT,2015-08-01,0.7
M,RCH_A,TOTAL,PT,2015-09-01,0.9
M,RCH_A,TOTAL,PT,2015-10-01,0.7
M,RCH_A,TOTAL,PT,2015-11-01,0.6
M,RCH_A,TOTAL,PT,2015-12-01,0.3
M,RCH_A,TOTAL,PT,2016-01-01,0.7
M,RCH_A,TOTAL,PT,2016-02-01,0.2
M,RCH_A,TOTAL,PT,2016-03-01,0.5
M,RCH_A,TOTAL,PT,2016-04-01,0.5
M,RCH_A,TOTAL,PT,2016-05-01,0.4
M,RCH_A,TOTAL,PT,2016-06-01,0.7
M,RCH_A,TOTAL,PT,2016-07-01,0.7
M,RCH_A,TOTAL,PT,2016-08-01,0.8
M,RCH_A,TOTAL,PT,2016-09-01,0.7
M,RCH_A,TOTAL,PT,2016-10-01,1.1
M,RCH_A,TOTAL,PT,2016-11-01,0.5
M,RCH_A,TOTAL,PT,2016-12-01,0.9
M,RCH_A,TOTAL,PT,2017-01-01,1.3
M,RCH_A,TOTAL,PT,2017-02-01,1.6
M,RCH_A,TOTAL,PT,2017-03-01,1.4
M,RCH_A,TOTAL,PT,2017-04-01,2.4
M,RCH_A,TOTAL,PT,2017-05-01,1.7
M,RCH_A,TOTAL,PT,2017-06-01,1
M,RCH_A,TOTAL,PT,2017-07-01,1
M,RCH_A,TOTAL,PT,2017-08-01,1.3
M,RCH_A,TOTAL,PT,2017-09-01,1.6
M,RCH_A,TOTAL,PT,2017-10-01,1.9
M,RCH_A,TOTAL,PT,2017-11-01,1.8
M,RCH_A,TOTAL,PT,2017-12-01,1.6
M,RCH_A,TOTAL,PT,2018-01-01,1.1
M,RCH_A,TOTAL,PT,2018-02-01,0.7
M,RCH_A,TOTAL,PT,2018-03-01,0.8
M,RCH_A,TOTAL,PT,2018-04-01,0.3
M,RCH_A,TOTAL,PT,2018-05-01,1.4
M,RCH_A,TOTAL,PT,2018-06-01,2
M,RCH_A,TOTAL,PT,2018-07-01,2.2
M,RCH_A,TOTAL,PT,2018-08-01,1.3
M,RCH_A,TOTAL,PT,2018-09-01,1.8
M,RCH_A,TOTAL,PT,2018-10-01,0.8
M,RCH_A,TOTAL,PT,2018-11-01,0.9
M,RCH_A,TOTAL,PT,2018-12-01,0.6
M,RCH_A,TOTAL,PT,2019-01-01,0.6
M,RCH_A,TOTAL,PT,2019-02-01,0.9
M,RCH_A,TOTAL,PT,2019-03-01,0.8
M,RCH_A,TOTAL,PT,2019-04-01,0.9
M,RCH_A,TOTAL,PT,2019-05-01,0.3
M,RCH_A,TOTAL,PT,2019-06-01,0.7
M,RCH_A,TOTAL,PT,2019-07-01,-0.7
M,RCH_A,TOTAL,PT,2019-08-01,-0.1
M,RCH_A,TOTAL,PT,2019-09-01,-0.3
M,RCH_A,TOTAL,PT,2019-10-01,-0.1
M,RCH_A,TOTAL,PT,2019-11-01,0.2
M,RCH_A,TOTAL,PT,2019-12-01,0.4
M,RCH_A,TOTAL,PT,2020-01-01,0.8
M,RCH_A,TOTAL,PT,2020-02-01,0.5
M,RCH_A,TOTAL,PT,2020-03-01,0.1
M,RCH_A,TOTAL,PT,2020-04-01,-0.1
M,RCH_A,TOTAL,PT,2020-05-01,-0.6
M,RCH_A,TOTAL,PT,2020-06-01,0.2
M,RCH_A,TOTAL,PT,2020-07-01,-0.1
M,RCH_A,TOTAL,PT,2020-08-01,-0.2
M,RCH_A,TOTAL,PT,2020-09-01,-0.8
M,RCH_A,TOTAL,PT,2020-10-01,-0.6
M,RCH_A,TOTAL,PT,2020-11-01,-0.4
M,RCH_A,TOTAL,PT,2020-12-01,-0.3
M,RCH_A,TOTAL,PT,2021-01-01,0.2
M,RCH_A,TOTAL,PT,2021-02-01,0.3
M,RCH_A,TOTAL,PT,2021-03-01,0.1
M,RCH_A,TOTAL,PT,2021-04-01,-0.1
M,RCH_A,TOTAL,PT,2021-05-01,0.5
M,RCH_A,TOTAL,PT,2021-06-01,-0.6
M,RCH_A,TOTAL,PT,2021-07-01,1.1
M,RCH_A,TOTAL,PT,2021-08-01,1.2
M,RCH_A,TOTAL,PT,2021-09-01,1.3
M,RCH_A,TOTAL,PT,2021-10-01,1.8
M,RCH_A,TOTAL,PT,2021-11-01,2.6
M,RCH_A,TOTAL,PT,2021-12-01,2.8
M,RCH_A,TOTAL,PT,2022-01-01,3.4
M,RCH_A,TOTAL,PT,2022-02-01,4.4
M,RCH_A,TOTAL,PT,2022-03-01,5.5
M,RCH_A,TOTAL,PT,2022-04-01,7.4
M,RCH_A,TOTAL,PT,2022-05-01,8.1
M,RCH_A,TOTAL,PT,2022-06-01,9
M,RCH_A,TOTAL,PT,2022-07-01,9.4
M,RCH_A,TOTAL,PT,2022-08-01,9.3
M,RCH_A,TOTAL,PT,2022-09-01,9.8
M,RCH_A,TOTAL,PT,2022-10-01,10.6
M,RCH_A,TOTAL,PT,2022-11-01,10.2
M,RCH_A,TOTAL,PT,2022-12-01,9.8
M,RCH_A,TOTAL,PT,2023-01-01,8.7
M,RCH_A,TOTAL,PT,2023-02-01,8.6
M,RCH_A,TOTAL,PT,2023-03-01,8
M,RCH_A,TOTAL,PT,2023-04-01,6.9
M,RCH_A,TOTAL,PT,2023-05-01,5.4
M,RCH_A,TOTAL,PT,2023-06-01,4.7
M,RCH_A,TOTAL,PT,2023-07-01,4.3
M,RCH_A,TOTAL,PT,2023-08-01,5.3
M,RCH_A,TOTAL,PT,2023-09-01,4.8
M,RCH_A,TOTAL,PT,2023-10-01,3.2
M,RCH_A,TOTAL,PT,2023-11-01,2.2
M,RCH_A,TOTAL,PT,2023-12-01,1.9
M,RCH_A,TOTAL,PT,2024-01-01,2.5
M,RCH_A,TOTAL,PT,2024-02-01,2.3
M,RCH_A,TOTAL,PT,2024-03-01,2.6
M,RCH_A,TOTAL,PT,2024-04-01,2.3
M,RCH_A,TOTAL,PT,2024-05-01,3.8
M,RCH_A,TOTAL,PT,2024-06-01,3.1
M,RCH_A,TOTAL,PT,2024-07-01,2.7
M,RCH_A,TOTAL,PT,2024-08-01,1.8
M,RCH_A,TOTAL,PT,2024-09-01,2.6
M,RCH_A,TOTAL,PT,2024-10-01,2.6
M,RCH_A,TOTAL,PT,2024-11-01,2.7
M,RCH_A,TOTAL,PT,2024-12-01,3.1
M,RCH_A,TOTAL,PT,2025-01-01,2.7
M,RCH_A,TOTAL,PT,2025-02-01,2.5
M,RCH_A,TOTAL,PT,2025-03-01,1.9
M,RCH_A,TOTAL,PT,2025-04-01,2.1
M,RCH_A,TOTAL,PT,2025-05-01,1.7
M,RCH_A,TOTAL,PT,2025-06-01,2.1
M,RCH_A,TOTAL,PT,2025-07-01,2.5
M,RCH_A,TOTAL,PT,2025-08-01,2.5
M,RCH_A,TOTAL,PT,2025-09-01,1.9
M,RCH_A,TOTAL,PT,2025-10-01,2
M,RCH_A,TOTAL,PT,2025-11-01,2.1
M,RCH_A,TOTAL,PT,2025-12-01,2.4
M,RCH_A,TOTAL,PT,2026-01-01,1.9
M,RCH_A,TOTAL,PT,2026-02-01,2.1
M,RCH_A,TOTAL,PT,2026-03-01,2.7
M,RCH_A,TOTAL,PT,2026-04-01,3.3
M,RCH_A,TOTAL,PT,2026-05-01,3.1
M,RCH_A,TOTAL,PT,2026-06-01,3.1
M,RCH_A,TOTAL,PT,2026-07-01,3.1
M,RCH_A,TOTAL,PT,2026-08-01,3.6
M,RCH_A,TOTAL,PT,2026-09-01,3.6
M,RCH_A,TOTAL,SI,1996-01-01,NA
M,RCH_A,TOTAL,SI,1996-02-01,NA
M,RCH_A,TOTAL,SI,1996-03-01,NA
M,RCH_A,TOTAL,SI,1996-04-01,NA
M,RCH_A,TOTAL,SI,1996-05-01,NA
M,RCH_A,TOTAL,SI,1996-06-01,NA
M,RCH_A,TOTAL,SI,1996-07-01,NA
M,RCH_A,TOTAL,SI,1996-08-01,NA
M,RCH_A,TOTAL,SI,1996-09-01,NA
M,RCH_A,TOTAL,SI,1996-10-01,NA
M,RCH_A,TOTAL,SI,1996-11-01,NA
M,RCH_A,TOTAL,SI,1996-12-01,NA
M,RCH_A,TOTAL,SI,1997-01-01,8.9
M,RCH_A,TOTAL,SI,1997-02-01,8.3
M,RCH_A,TOTAL,SI,1997-03-01,7.2
M,RCH_A,TOTAL,SI,1997-04-01,6.9
M,RCH_A,TOTAL,SI,1997-05-01,8
M,RCH_A,TOTAL,SI,1997-06-01,7.8
M,RCH_A,TOTAL,SI,1997-07-01,8.2
M,RCH_A,TOTAL,SI,1997-08-01,8.9
M,RCH_A,TOTAL,SI,1997-09-01,9.1
M,RCH_A,TOTAL,SI,1997-10-01,8.7
M,RCH_A,TOTAL,SI,1997-11-01,9
M,RCH_A,TOTAL,SI,1997-12-01,8.9
M,RCH_A,TOTAL,SI,1998-01-01,8.9
M,RCH_A,TOTAL,SI,1998-02-01,9
M,RCH_A,TOTAL,SI,1998-03-01,9.5
M,RCH_A,TOTAL,SI,1998-04-01,9.1
M,RCH_A,TOTAL,SI,1998-05-01,8.4
M,RCH_A,TOTAL,SI,1998-06-01,8.2
M,RCH_A,TOTAL,SI,1998-07-01,7.6
M,RCH_A,TOTAL,SI,1998-08-01,7.7
M,RCH_A,TOTAL,SI,1998-09-01,7.1
M,RCH_A,TOTAL,SI,1998-10-01,6.8
M,RCH_A,TOTAL,SI,1998-11-01,6.5
M,RCH_A,TOTAL,SI,1998-12-01,6.4
M,RCH_A,TOTAL,SI,1999-01-01,6.1
M,RCH_A,TOTAL,SI,1999-02-01,5.6
M,RCH_A,TOTAL,SI,1999-03-01,5.1
M,RCH_A,TOTAL,SI,1999-04-01,4.5
M,RCH_A,TOTAL,SI,1999-05-01,4.2
M,RCH_A,TOTAL,SI,1999-06-01,4.3
M,RCH_A,TOTAL,SI,1999-07-01,6
M,RCH_A,TOTAL,SI,1999-08-01,6.7
M,RCH_A,TOTAL,SI,1999-09-01,7.4
M,RCH_A,TOTAL,SI,1999-10-01,7.6
M,RCH_A,TOTAL,SI,1999-11-01,7.8
M,RCH_A,TOTAL,SI,1999-12-01,8.1
M,RCH_A,TOTAL,SI,2000-01-01,7.8
M,RCH_A,TOTAL,SI,2000-02-01,8.4
M,RCH_A,TOTAL,SI,2000-03-01,9
M,RCH_A,TOTAL,SI,2000-04-01,9.3
M,RCH_A,TOTAL,SI,2000-05-01,9.1
M,RCH_A,TOTAL,SI,2000-06-01,9.8
M,RCH_A,TOTAL,SI,2000-07-01,8.9
M,RCH_A,TOTAL,SI,2000-08-01,8.3
M,RCH_A,TOTAL,SI,2000-09-01,9
M,RCH_A,TOTAL,SI,2000-10-01,9.1
M,RCH_A,TOTAL,SI,2000-11-01,9.8
M,RCH_A,TOTAL,SI,2000-12-01,8.9
M,RCH_A,TOTAL,SI,2001-01-01,8.5
M,RCH_A,TOTAL,SI,2001-02-01,8.8
M,RCH_A,TOTAL,SI,2001-03-01,9
M,RCH_A,TOTAL,SI,2001-04-01,9.1
M,RCH_A,TOTAL,SI,2001-05-01,10
M,RCH_A,TOTAL,SI,2001-06-01,9.8
M,RCH_A,TOTAL,SI,2001-07-01,9.1
M,RCH_A,TOTAL,SI,2001-08-01,8.8
M,RCH_A,TOTAL,SI,2001-09-01,8.2
M,RCH_A,TOTAL,SI,2001-10-01,8.1
M,RCH_A,TOTAL,SI,2001-11-01,7.2
M,RCH_A,TOTAL,SI,2001-12-01,7
M,RCH_A,TOTAL,SI,2002-01-01,8.4
M,RCH_A,TOTAL,SI,2002-02-01,7.9
M,RCH_A,TOTAL,SI,2002-03-01,7.6
M,RCH_A,TOTAL,SI,2002-04-01,8.4
M,RCH_A,TOTAL,SI,2002-05-01,7.6
M,RCH_A,TOTAL,SI,2002-06-01,6.9
M,RCH_A,TOTAL,SI,2002-07-01,7.5
M,RCH_A,TOTAL,SI,2002-08-01,7.7
M,RCH_A,TOTAL,SI,2002-09-01,7.2
M,RCH_A,TOTAL,SI,2002-10-01,7
M,RCH_A,TOTAL,SI,2002-11-01,6.5
M,RCH_A,TOTAL,SI,2002-12-01,7.2
M,RCH_A,TOTAL,SI,2003-01-01,6.7
M,RCH_A,TOTAL,SI,2003-02-01,6.4
M,RCH_A,TOTAL,SI,2003-03-01,6.3
M,RCH_A,TOTAL,SI,2003-04-01,5.3
M,RCH_A,TOTAL,SI,2003-05-01,5.5
M,RCH_A,TOTAL,SI,2003-06-01,6.2
M,RCH_A,TOTAL,SI,2003-07-01,6
M,RCH_A,TOTAL,SI,2003-08-01,5.6
M,RCH_A,TOTAL,SI,2003-09-01,5
M,RCH_A,TOTAL,SI,2003-10-01,4.9
M,RCH_A,TOTAL,SI,2003-11-01,5.2
M,RCH_A,TOTAL,SI,2003-12-01,4.7
M,RCH_A,TOTAL,SI,2004-01-01,4
M,RCH_A,TOTAL,SI,2004-02-01,3.6
M,RCH_A,TOTAL,SI,2004-03-01,3.5
M,RCH_A,TOTAL,SI,2004-04-01,3.6
M,RCH_A,TOTAL,SI,2004-05-01,3.9
M,RCH_A,TOTAL,SI,2004-06-01,3.9
M,RCH_A,TOTAL,SI,2004-07-01,3.8
M,RCH_A,TOTAL,SI,2004-08-01,3.7
M,RCH_A,TOTAL,SI,2004-09-01,3.4
M,RCH_A,TOTAL,SI,2004-10-01,3.4
M,RCH_A,TOTAL,SI,2004-11-01,3.8
M,RCH_A,TOTAL,SI,2004-12-01,3.3
M,RCH_A,TOTAL,SI,2005-01-01,2.3
M,RCH_A,TOTAL,SI,2005-02-01,2.8
M,RCH_A,TOTAL,SI,2005-03-01,3.2
M,RCH_A,TOTAL,SI,2005-04-01,2.7
M,RCH_A,TOTAL,SI,2005-05-01,2.1
M,RCH_A,TOTAL,SI,2005-06-01,1.7
M,RCH_A,TOTAL,SI,2005-07-01,1.9
M,RCH_A,TOTAL,SI,2005-08-01,1.8
M,RCH_A,TOTAL,SI,2005-09-01,3.1
M,RCH_A,TOTAL,SI,2005-10-01,3.1
M,RCH_A,TOTAL,SI,2005-11-01,2
M,RCH_A,TOTAL,SI,2005-12-01,2.4
M,RCH_A,TOTAL,SI,2006-01-01,2.6
M,RCH_A,TOTAL,SI,2006-02-01,2.3
M,RCH_A,TOTAL,SI,2006-03-01,1.9
M,RCH_A,TOTAL,SI,2006-04-01,2.8
M,RCH_A,TOTAL,SI,2006-05-01,3.4
M,RCH_A,TOTAL,SI,2006-06-01,3
M,RCH_A,TOTAL,SI,2006-07-01,2
M,RCH_A,TOTAL,SI,2006-08-01,3.1
M,RCH_A,TOTAL,SI,2006-09-01,2.5
M,RCH_A,TOTAL,SI,2006-10-01,1.6
M,RCH_A,TOTAL,SI,2006-11-01,2.5
M,RCH_A,TOTAL,SI,2006-12-01,3
M,RCH_A,TOTAL,SI,2007-01-01,2.8
M,RCH_A,TOTAL,SI,2007-02-01,2.4
M,RCH_A,TOTAL,SI,2007-03-01,2.7
M,RCH_A,TOTAL,SI,2007-04-01,2.9
M,RCH_A,TOTAL,SI,2007-05-01,3.2
M,RCH_A,TOTAL,SI,2007-06-01,3.8
M,RCH_A,TOTAL,SI,2007-07-01,4
M,RCH_A,TOTAL,SI,2007-08-01,3.5
M,RCH_A,TOTAL,SI,2007-09-01,3.6
M,RCH_A,TOTAL,SI,2007-10-01,5.1
M,RCH_A,TOTAL,SI,2007-11-01,5.8
M,RCH_A,TOTAL,SI,2007-12-01,5.7
M,RCH_A,TOTAL,SI,2008-01-01,6.4
M,RCH_A,TOTAL,SI,2008-02-01,6.3
M,RCH_A,TOTAL,SI,2008-03-01,6.6
M,RCH_A,TOTAL,SI,2008-04-01,6.2
M,RCH_A,TOTAL,SI,2008-05-01,6.2
M,RCH_A,TOTAL,SI,2008-06-01,6.8
M,RCH_A,TOTAL,SI,2008-07-01,6.9
M,RCH_A,TOTAL,SI,2008-08-01,6
M,RCH_A,TOTAL,SI,2008-09-01,5.5
M,RCH_A,TOTAL,SI,2008-10-01,4.8
M,RCH_A,TOTAL,SI,2008-11-01,2.9
M,RCH_A,TOTAL,SI,2008-12-01,1.8
M,RCH_A,TOTAL,SI,2009-01-01,1.4
M,RCH_A,TOTAL,SI,2009-02-01,2.1
M,RCH_A,TOTAL,SI,2009-03-01,1.6
M,RCH_A,TOTAL,SI,2009-04-01,1.1
M,RCH_A,TOTAL,SI,2009-05-01,0.5
M,RCH_A,TOTAL,SI,2009-06-01,0.2
M,RCH_A,TOTAL,SI,2009-07-01,-0.6
M,RCH_A,TOTAL,SI,2009-08-01,0.1
M,RCH_A,TOTAL,SI,2009-09-01,0
M,RCH_A,TOTAL,SI,2009-10-01,0.2
M,RCH_A,TOTAL,SI,2009-11-01,1.8
M,RCH_A,TOTAL,SI,2009-12-01,2.1
M,RCH_A,TOTAL,SI,2010-01-01,1.8
M,RCH_A,TOTAL,SI,2010-02-01,1.5
M,RCH_A,TOTAL,SI,2010-03-01,1.7
M,RCH_A,TOTAL,SI,2010-04-01,2.6
M,RCH_A,TOTAL,SI,2010-05-01,2.4
M,RCH_A,TOTAL,SI,2010-06-01,2.1
M,RCH_A,TOTAL,SI,2010-07-01,2.3
M,RCH_A,TOTAL,SI,2010-08-01,2.4
M,RCH_A,TOTAL,SI,2010-09-01,2
M,RCH_A,TOTAL,SI,2010-10-01,2
M,RCH_A,TOTAL,SI,2010-11-01,1.6
M,RCH_A,TOTAL,SI,2010-12-01,2.2
M,RCH_A,TOTAL,SI,2011-01-01,2.3
M,RCH_A,TOTAL,SI,2011-02-01,2
M,RCH_A,TOTAL,SI,2011-03-01,2.3
M,RCH_A,TOTAL,SI,2011-04-01,2
M,RCH_A,TOTAL,SI,2011-05-01,2.4
M,RCH_A,TOTAL,SI,2011-06-01,1.5
M,RCH_A,TOTAL,SI,2011-07-01,1.1
M,RCH_A,TOTAL,SI,2011-08-01,1.2
M,RCH_A,TOTAL,SI,2011-09-01,2.3
M,RCH_A,TOTAL,SI,2011-10-01,2.9
M,RCH_A,TOTAL,SI,2011-11-01,2.8
M,RCH_A,TOTAL,SI,2011-12-01,2.1
M,RCH_A,TOTAL,SI,2012-01-01,2.2
M,RCH_A,TOTAL,SI,2012-02-01,2.8
M,RCH_A,TOTAL,SI,2012-03-01,2.5
M,RCH_A,TOTAL,SI,2012-04-01,2.9
M,RCH_A,TOTAL,SI,2012-05-01,2.4
M,RCH_A,TOTAL,SI,2012-06-01,2.4
M,RCH_A,TOTAL,SI,2012-07-01,2.6
M,RCH_A,TOTAL,SI,2012-08-01,3.1
M,RCH_A,TOTAL,SI,2012-09-01,3.7
M,RCH_A,TOTAL,SI,2012-10-01,3.2
M,RCH_A,TOTAL,SI,2012-11-01,2.8
M,RCH_A,TOTAL,SI,2012-12-01,3.1
M,RCH_A,TOTAL,SI,2013-01-01,2.8
M,RCH_A,TOTAL,SI,2013-02-01,2.9
M,RCH_A,TOTAL,SI,2013-03-01,2.2
M,RCH_A,TOTAL,SI,2013-04-01,1.6
M,RCH_A,TOTAL,SI,2013-05-01,1.6
M,RCH_A,TOTAL,SI,2013-06-01,2.2
M,RCH_A,TOTAL,SI,2013-07-01,2.8
M,RCH_A,TOTAL,SI,2013-08-01,2.3
M,RCH_A,TOTAL,SI,2013-09-01,1.5
M,RCH_A,TOTAL,SI,2013-10-01,1.2
M,RCH_A,TOTAL,SI,2013-11-01,1.2
M,RCH_A,TOTAL,SI,2013-12-01,0.9
M,RCH_A,TOTAL,SI,2014-01-01,0.9
M,RCH_A,TOTAL,SI,2014-02-01,0.2
M,RCH_A,TOTAL,SI,2014-03-01,0.6
M,RCH_A,TOTAL,SI,2014-04-01,0.5
M,RCH_A,TOTAL,SI,2014-05-01,1
M,RCH_A,TOTAL,SI,2014-06-01,1
M,RCH_A,TOTAL,SI,2014-07-01,0.3
M,RCH_A,TOTAL,SI,2014-08-01,0
M,RCH_A,TOTAL,SI,2014-09-01,-0.1
M,RCH_A,TOTAL,SI,2014-10-01,0
M,RCH_A,TOTAL,SI,2014-11-01,0.1
M,RCH_A,TOTAL,SI,2014-12-01,-0.1
M,RCH_A,TOTAL,SI,2015-01-01,-0.7
M,RCH_A,TOTAL,SI,2015-02-01,-0.5
M,RCH_A,TOTAL,SI,2015-03-01,-0.4
M,RCH_A,TOTAL,SI,2015-04-01,-0.8
M,RCH_A,TOTAL,SI,2015-05-01,-0.8
M,RCH_A,TOTAL,SI,2015-06-01,-1
M,RCH_A,TOTAL,SI,2015-07-01,-0.7
M,RCH_A,TOTAL,SI,2015-08-01,-0.6
M,RCH_A,TOTAL,SI,2015-09-01,-1
M,RCH_A,TOTAL,SI,2015-10-01,-1.1
M,RCH_A,TOTAL,SI,2015-11-01,-0.9
M,RCH_A,TOTAL,SI,2015-12-01,-0.6
M,RCH_A,TOTAL,SI,2016-01-01,-0.8
M,RCH_A,TOTAL,SI,2016-02-01,-0.9
M,RCH_A,TOTAL,SI,2016-03-01,-0.9
M,RCH_A,TOTAL,SI,2016-04-01,-0.7
M,RCH_A,TOTAL,SI,2016-05-01,-0.5
M,RCH_A,TOTAL,SI,2016-06-01,0.1
M,RCH_A,TOTAL,SI,2016-07-01,-0.1
M,RCH_A,TOTAL,SI,2016-08-01,-0.2
M,RCH_A,TOTAL,SI,2016-09-01,0.2
M,RCH_A,TOTAL,SI,2016-10-01,0.7
M,RCH_A,TOTAL,SI,2016-11-01,0.7
M,RCH_A,TOTAL,SI,2016-12-01,0.6
M,RCH_A,TOTAL,SI,2017-01-01,1.5
M,RCH_A,TOTAL,SI,2017-02-01,2.5
M,RCH_A,TOTAL,SI,2017-03-01,2
M,RCH_A,TOTAL,SI,2017-04-01,1.7
M,RCH_A,TOTAL,SI,2017-05-01,1.5
M,RCH_A,TOTAL,SI,2017-06-01,0.9
M,RCH_A,TOTAL,SI,2017-07-01,1.2
M,RCH_A,TOTAL,SI,2017-08-01,1.4
M,RCH_A,TOTAL,SI,2017-09-01,1.4
M,RCH_A,TOTAL,SI,2017-10-01,1.3
M,RCH_A,TOTAL,SI,2017-11-01,1.4
M,RCH_A,TOTAL,SI,2017-12-01,1.9
M,RCH_A,TOTAL,SI,2018-01-01,1.7
M,RCH_A,TOTAL,SI,2018-02-01,1.4
M,RCH_A,TOTAL,SI,2018-03-01,1.5
M,RCH_A,TOTAL,SI,2018-04-01,1.9
M,RCH_A,TOTAL,SI,2018-05-01,2.2
M,RCH_A,TOTAL,SI,2018-06-01,2.4
M,RCH_A,TOTAL,SI,2018-07-01,2.1
M,RCH_A,TOTAL,SI,2018-08-01,2
M,RCH_A,TOTAL,SI,2018-09-01,2.2
M,RCH_A,TOTAL,SI,2018-10-01,2.3
M,RCH_A,TOTAL,SI,2018-11-01,2.1
M,RCH_A,TOTAL,SI,2018-12-01,1.4
M,RCH_A,TOTAL,SI,2019-01-01,1.2
M,RCH_A,TOTAL,SI,2019-02-01,1.2
M,RCH_A,TOTAL,SI,2019-03-01,1.6
M,RCH_A,TOTAL,SI,2019-04-01,1.8
M,RCH_A,TOTAL,SI,2019-05-01,1.6
M,RCH_A,TOTAL,SI,2019-06-01,1.9
M,RCH_A,TOTAL,SI,2019-07-01,2
M,RCH_A,TOTAL,SI,2019-08-01,2.4
M,RCH_A,TOTAL,SI,2019-09-01,1.7
M,RCH_A,TOTAL,SI,2019-10-01,1.5
M,RCH_A,TOTAL,SI,2019-11-01,1.4
M,RCH_A,TOTAL,SI,2019-12-01,2
M,RCH_A,TOTAL,SI,2020-01-01,2.3
M,RCH_A,TOTAL,SI,2020-02-01,2
M,RCH_A,TOTAL,SI,2020-03-01,0.7
M,RCH_A,TOTAL,SI,2020-04-01,-1.3
M,RCH_A,TOTAL,SI,2020-05-01,-1.4
M,RCH_A,TOTAL,SI,2020-06-01,-0.8
M,RCH_A,TOTAL,SI,2020-07-01,-0.3
M,RCH_A,TOTAL,SI,2020-08-01,-0.7
M,RCH_A,TOTAL,SI,2020-09-01,-0.7
M,RCH_A,TOTAL,SI,2020-10-01,-0.5
M,RCH_A,TOTAL,SI,2020-11-01,-1.2
M,RCH_A,TOTAL,SI,2020-12-01,-1.2
M,RCH_A,TOTAL,SI,2021-01-01,-0.9
M,RCH_A,TOTAL,SI,2021-02-01,-1.1
M,RCH_A,TOTAL,SI,2021-03-01,0.1
M,RCH_A,TOTAL,SI,2021-04-01,2.2
M,RCH_A,TOTAL,SI,2021-05-01,2.2
M,RCH_A,TOTAL,SI,2021-06-01,1.7
M,RCH_A,TOTAL,SI,2021-07-01,2
M,RCH_A,TOTAL,SI,2021-08-01,2.1
M,RCH_A,TOTAL,SI,2021-09-01,2.7
M,RCH_A,TOTAL,SI,2021-10-01,3.5
M,RCH_A,TOTAL,SI,2021-11-01,4.9
M,RCH_A,TOTAL,SI,2021-12-01,5.1
M,RCH_A,TOTAL,SI,2022-01-01,6
M,RCH_A,TOTAL,SI,2022-02-01,7
M,RCH_A,TOTAL,SI,2022-03-01,6
M,RCH_A,TOTAL,SI,2022-04-01,7.3
M,RCH_A,TOTAL,SI,2022-05-01,8.7
M,RCH_A,TOTAL,SI,2022-06-01,10.8
M,RCH_A,TOTAL,SI,2022-07-01,11.7
M,RCH_A,TOTAL,SI,2022-08-01,11.5
M,RCH_A,TOTAL,SI,2022-09-01,10.6
M,RCH_A,TOTAL,SI,2022-10-01,10.3
M,RCH_A,TOTAL,SI,2022-11-01,10.8
M,RCH_A,TOTAL,SI,2022-12-01,10.8
M,RCH_A,TOTAL,SI,2023-01-01,10
M,RCH_A,TOTAL,SI,2023-02-01,9.4
M,RCH_A,TOTAL,SI,2023-03-01,10.4
M,RCH_A,TOTAL,SI,2023-04-01,9.2
M,RCH_A,TOTAL,SI,2023-05-01,8.1
M,RCH_A,TOTAL,SI,2023-06-01,6.6
M,RCH_A,TOTAL,SI,2023-07-01,5.7
M,RCH_A,TOTAL,SI,2023-08-01,6.1
M,RCH_A,TOTAL,SI,2023-09-01,7.1
M,RCH_A,TOTAL,SI,2023-10-01,6.6
M,RCH_A,TOTAL,SI,2023-11-01,4.5
M,RCH_A,TOTAL,SI,2023-12-01,3.8
M,RCH_A,TOTAL,SI,2024-01-01,3.4
M,RCH_A,TOTAL,SI,2024-02-01,3.4
M,RCH_A,TOTAL,SI,2024-03-01,3.4
M,RCH_A,TOTAL,SI,2024-04-01,3
M,RCH_A,TOTAL,SI,2024-05-01,2.5
M,RCH_A,TOTAL,SI,2024-06-01,1.6
M,RCH_A,TOTAL,SI,2024-07-01,1.4
M,RCH_A,TOTAL,SI,2024-08-01,1.1
M,RCH_A,TOTAL,SI,2024-09-01,0.6
M,RCH_A,TOTAL,SI,2024-10-01,0.1
M,RCH_A,TOTAL,SI,2024-11-01,1.6
M,RCH_A,TOTAL,SI,2024-12-01,2
M,RCH_A,TOTAL,SI,2025-01-01,2.3
M,RCH_A,TOTAL,SI,2025-02-01,1.9
M,RCH_A,TOTAL,SI,2025-03-01,2.2
M,RCH_A,TOTAL,SI,2025-04-01,2.3
M,RCH_A,TOTAL,SI,2025-05-01,1.9
M,RCH_A,TOTAL,SI,2025-06-01,2.5
M,RCH_A,TOTAL,SI,2025-07-01,2.9
M,RCH_A,TOTAL,SI,2025-08-01,3
M,RCH_A,TOTAL,SI,2025-09-01,2.8
M,RCH_A,TOTAL,SI,2025-10-01,3.1
M,RCH_A,TOTAL,SI,2025-11-01,2.4
M,RCH_A,TOTAL,SI,2025-12-01,2.6
M,RCH_A,TOTAL,SI,2026-01-01,2.4
M,RCH_A,TOTAL,SI,2026-02-01,2.8
M,RCH_A,TOTAL,SI,2026-03-01,2.4
M,RCH_A,TOTAL,SI,2026-04-01,3.4
M,RCH_A,TOTAL,SI,2026-05-01,3.8
M,RCH_A,TOTAL,SI,2026-06-01,3.7
M,RCH_A,TOTAL,SI,2026-07-01,3
M,RCH_A,TOTAL,SI,2026-08-01,3.4
M,RCH_A,TOTAL,SI,2026-09-01,3.7
M,RCH_A,TOTAL,SK,1996-01-01,NA
M,RCH_A,TOTAL,SK,1996-02-01,NA
M,RCH_A,TOTAL,SK,1996-03-01,NA
M,RCH_A,TOTAL,SK,1996-04-01,NA
M,RCH_A,TOTAL,SK,1996-05-01,NA
M,RCH_A,TOTAL,SK,1996-06-01,NA
M,RCH_A,TOTAL,SK,1996-07-01,NA
M,RCH_A,TOTAL,SK,1996-08-01,NA
M,RCH_A,TOTAL,SK,1996-09-01,NA
M,RCH_A,TOTAL,SK,1996-10-01,NA
M,RCH_A,TOTAL,SK,1996-11-01,NA
M,RCH_A,TOTAL,SK,1996-12-01,NA
M,RCH_A,TOTAL,SK,1997-01-01,NA
M,RCH_A,TOTAL,SK,1997-02-01,NA
M,RCH_A,TOTAL,SK,1997-03-01,NA
M,RCH_A,TOTAL,SK,1997-04-01,NA
M,RCH_A,TOTAL,SK,1997-05-01,NA
M,RCH_A,TOTAL,SK,1997-06-01,NA
M,RCH_A,TOTAL,SK,1997-07-01,NA
M,RCH_A,TOTAL,SK,1997-08-01,NA
M,RCH_A,TOTAL,SK,1997-09-01,NA
M,RCH_A,TOTAL,SK,1997-10-01,NA
M,RCH_A,TOTAL,SK,1997-11-01,NA
M,RCH_A,TOTAL,SK,1997-12-01,6.2
M,RCH_A,TOTAL,SK,1998-01-01,7.1
M,RCH_A,TOTAL,SK,1998-02-01,7.4
M,RCH_A,TOTAL,SK,1998-03-01,7
M,RCH_A,TOTAL,SK,1998-04-01,7.1
M,RCH_A,TOTAL,SK,1998-05-01,7.7
M,RCH_A,TOTAL,SK,1998-06-01,7.4
M,RCH_A,TOTAL,SK,1998-07-01,7
M,RCH_A,TOTAL,SK,1998-08-01,5.6
M,RCH_A,TOTAL,SK,1998-09-01,6
M,RCH_A,TOTAL,SK,1998-10-01,6.3
M,RCH_A,TOTAL,SK,1998-11-01,6.1
M,RCH_A,TOTAL,SK,1998-12-01,5.7
M,RCH_A,TOTAL,SK,1999-01-01,6.8
M,RCH_A,TOTAL,SK,1999-02-01,6.8
M,RCH_A,TOTAL,SK,1999-03-01,6.9
M,RCH_A,TOTAL,SK,1999-04-01,7
M,RCH_A,TOTAL,SK,1999-05-01,6.5
M,RCH_A,TOTAL,SK,1999-06-01,6.9
M,RCH_A,TOTAL,SK,1999-07-01,13.6
M,RCH_A,TOTAL,SK,1999-08-01,14.4
M,RCH_A,TOTAL,SK,1999-09-01,14.6
M,RCH_A,TOTAL,SK,1999-10-01,13.8
M,RCH_A,TOTAL,SK,1999-11-01,13.8
M,RCH_A,TOTAL,SK,1999-12-01,14.1
M,RCH_A,TOTAL,SK,2000-01-01,13.7
M,RCH_A,TOTAL,SK,2000-02-01,16.7
M,RCH_A,TOTAL,SK,2000-03-01,16.8
M,RCH_A,TOTAL,SK,2000-04-01,16.2
M,RCH_A,TOTAL,SK,2000-05-01,16.3
M,RCH_A,TOTAL,SK,2000-06-01,15.7
M,RCH_A,TOTAL,SK,2000-07-01,9.3
M,RCH_A,TOTAL,SK,2000-08-01,8.8
M,RCH_A,TOTAL,SK,2000-09-01,8.8
M,RCH_A,TOTAL,SK,2000-10-01,8.7
M,RCH_A,TOTAL,SK,2000-11-01,8.6
M,RCH_A,TOTAL,SK,2000-12-01,8.4
M,RCH_A,TOTAL,SK,2001-01-01,7.5
M,RCH_A,TOTAL,SK,2001-02-01,6.3
M,RCH_A,TOTAL,SK,2001-03-01,6.6
M,RCH_A,TOTAL,SK,2001-04-01,7.1
M,RCH_A,TOTAL,SK,2001-05-01,7.3
M,RCH_A,TOTAL,SK,2001-06-01,7.5
M,RCH_A,TOTAL,SK,2001-07-01,8
M,RCH_A,TOTAL,SK,2001-08-01,7.7
M,RCH_A,TOTAL,SK,2001-09-01,7.4
M,RCH_A,TOTAL,SK,2001-10-01,6.9
M,RCH_A,TOTAL,SK,2001-11-01,6.8
M,RCH_A,TOTAL,SK,2001-12-01,6.7
M,RCH_A,TOTAL,SK,2002-01-01,6.5
M,RCH_A,TOTAL,SK,2002-02-01,4.4
M,RCH_A,TOTAL,SK,2002-03-01,3.7
M,RCH_A,TOTAL,SK,2002-04-01,3.7
M,RCH_A,TOTAL,SK,2002-05-01,3.3
M,RCH_A,TOTAL,SK,2002-06-01,2.8
M,RCH_A,TOTAL,SK,2002-07-01,2.2
M,RCH_A,TOTAL,SK,2002-08-01,3
M,RCH_A,TOTAL,SK,2002-09-01,3.1
M,RCH_A,TOTAL,SK,2002-10-01,3.3
M,RCH_A,TOTAL,SK,2002-11-01,3
M,RCH_A,TOTAL,SK,2002-12-01,3.2
M,RCH_A,TOTAL,SK,2003-01-01,7.1
M,RCH_A,TOTAL,SK,2003-02-01,7.4
M,RCH_A,TOTAL,SK,2003-03-01,8
M,RCH_A,TOTAL,SK,2003-04-01,7.7
M,RCH_A,TOTAL,SK,2003-05-01,7.6
M,RCH_A,TOTAL,SK,2003-06-01,8.3
M,RCH_A,TOTAL,SK,2003-07-01,8.5
M,RCH_A,TOTAL,SK,2003-08-01,9
M,RCH_A,TOTAL,SK,2003-09-01,9.3
M,RCH_A,TOTAL,SK,2003-10-01,9.3
M,RCH_A,TOTAL,SK,2003-11-01,9.5
M,RCH_A,TOTAL,SK,2003-12-01,9.3
M,RCH_A,TOTAL,SK,2004-01-01,8.3
M,RCH_A,TOTAL,SK,2004-02-01,8.4
M,RCH_A,TOTAL,SK,2004-03-01,8
M,RCH_A,TOTAL,SK,2004-04-01,7.9
M,RCH_A,TOTAL,SK,2004-05-01,8.2
M,RCH_A,TOTAL,SK,2004-06-01,8.2
M,RCH_A,TOTAL,SK,2004-07-01,8.4
M,RCH_A,TOTAL,SK,2004-08-01,7.1
M,RCH_A,TOTAL,SK,2004-09-01,6.6
M,RCH_A,TOTAL,SK,2004-10-01,6.6
M,RCH_A,TOTAL,SK,2004-11-01,6.2
M,RCH_A,TOTAL,SK,2004-12-01,5.9
M,RCH_A,TOTAL,SK,2005-01-01,3.2
M,RCH_A,TOTAL,SK,2005-02-01,2.7
M,RCH_A,TOTAL,SK,2005-03-01,2.4
M,RCH_A,TOTAL,SK,2005-04-01,2.6
M,RCH_A,TOTAL,SK,2005-05-01,2.4
M,RCH_A,TOTAL,SK,2005-06-01,2.6
M,RCH_A,TOTAL,SK,2005-07-01,2.1
M,RCH_A,TOTAL,SK,2005-08-01,2.1
M,RCH_A,TOTAL,SK,2005-09-01,2.3
M,RCH_A,TOTAL,SK,2005-10-01,3.5
M,RCH_A,TOTAL,SK,2005-11-01,3.6
M,RCH_A,TOTAL,SK,2005-12-01,3.8
M,RCH_A,TOTAL,SK,2006-01-01,4.1
M,RCH_A,TOTAL,SK,2006-02-01,4.3
M,RCH_A,TOTAL,SK,2006-03-01,4.3
M,RCH_A,TOTAL,SK,2006-04-01,4.4
M,RCH_A,TOTAL,SK,2006-05-01,4.8
M,RCH_A,TOTAL,SK,2006-06-01,4.5
M,RCH_A,TOTAL,SK,2006-07-01,5
M,RCH_A,TOTAL,SK,2006-08-01,5
M,RCH_A,TOTAL,SK,2006-09-01,4.5
M,RCH_A,TOTAL,SK,2006-10-01,3.1
M,RCH_A,TOTAL,SK,2006-11-01,3.6
M,RCH_A,TOTAL,SK,2006-12-01,3.7
M,RCH_A,TOTAL,SK,2007-01-01,2.2
M,RCH_A,TOTAL,SK,2007-02-01,2
M,RCH_A,TOTAL,SK,2007-03-01,2
M,RCH_A,TOTAL,SK,2007-04-01,2
M,RCH_A,TOTAL,SK,2007-05-01,1.5
M,RCH_A,TOTAL,SK,2007-06-01,1.4
M,RCH_A,TOTAL,SK,2007-07-01,1.2
M,RCH_A,TOTAL,SK,2007-08-01,1.3
M,RCH_A,TOTAL,SK,2007-09-01,1.7
M,RCH_A,TOTAL,SK,2007-10-01,2.4
M,RCH_A,TOTAL,SK,2007-11-01,2.3
M,RCH_A,TOTAL,SK,2007-12-01,2.5
M,RCH_A,TOTAL,SK,2008-01-01,3.2
M,RCH_A,TOTAL,SK,2008-02-01,3.4
M,RCH_A,TOTAL,SK,2008-03-01,3.6
M,RCH_A,TOTAL,SK,2008-04-01,3.7
M,RCH_A,TOTAL,SK,2008-05-01,4
M,RCH_A,TOTAL,SK,2008-06-01,4.3
M,RCH_A,TOTAL,SK,2008-07-01,4.4
M,RCH_A,TOTAL,SK,2008-08-01,4.4
M,RCH_A,TOTAL,SK,2008-09-01,4.6
M,RCH_A,TOTAL,SK,2008-10-01,4.2
M,RCH_A,TOTAL,SK,2008-11-01,3.9
M,RCH_A,TOTAL,SK,2008-12-01,3.5
M,RCH_A,TOTAL,SK,2009-01-01,2.7
M,RCH_A,TOTAL,SK,2009-02-01,2.4
M,RCH_A,TOTAL,SK,2009-03-01,1.8
M,RCH_A,TOTAL,SK,2009-04-01,1.4
M,RCH_A,TOTAL,SK,2009-05-01,1.1
M,RCH_A,TOTAL,SK,2009-06-01,0.7
M,RCH_A,TOTAL,SK,2009-07-01,0.6
M,RCH_A,TOTAL,SK,2009-08-01,0.5
M,RCH_A,TOTAL,SK,2009-09-01,0
M,RCH_A,TOTAL,SK,2009-10-01,-0.1
M,RCH_A,TOTAL,SK,2009-11-01,0
M,RCH_A,TOTAL,SK,2009-12-01,0
M,RCH_A,TOTAL,SK,2010-01-01,-0.2
M,RCH_A,TOTAL,SK,2010-02-01,-0.1
M,RCH_A,TOTAL,SK,2010-03-01,0.3
M,RCH_A,TOTAL,SK,2010-04-01,0.7
M,RCH_A,TOTAL,SK,2010-05-01,0.7
M,RCH_A,TOTAL,SK,2010-06-01,0.7
M,RCH_A,TOTAL,SK,2010-07-01,1
M,RCH_A,TOTAL,SK,2010-08-01,1.1
M,RCH_A,TOTAL,SK,2010-09-01,1.1
M,RCH_A,TOTAL,SK,2010-10-01,1
M,RCH_A,TOTAL,SK,2010-11-01,0.9
M,RCH_A,TOTAL,SK,2010-12-01,1.3
M,RCH_A,TOTAL,SK,2011-01-01,3.2
M,RCH_A,TOTAL,SK,2011-02-01,3.5
M,RCH_A,TOTAL,SK,2011-03-01,3.8
M,RCH_A,TOTAL,SK,2011-04-01,3.9
M,RCH_A,TOTAL,SK,2011-05-01,4.2
M,RCH_A,TOTAL,SK,2011-06-01,4.1
M,RCH_A,TOTAL,SK,2011-07-01,3.8
M,RCH_A,TOTAL,SK,2011-08-01,4.1
M,RCH_A,TOTAL,SK,2011-09-01,4.4
M,RCH_A,TOTAL,SK,2011-10-01,4.6
M,RCH_A,TOTAL,SK,2011-11-01,4.8
M,RCH_A,TOTAL,SK,2011-12-01,4.6
M,RCH_A,TOTAL,SK,2012-01-01,4.1
M,RCH_A,TOTAL,SK,2012-02-01,4
M,RCH_A,TOTAL,SK,2012-03-01,3.9
M,RCH_A,TOTAL,SK,2012-04-01,3.7
M,RCH_A,TOTAL,SK,2012-05-01,3.4
M,RCH_A,TOTAL,SK,2012-06-01,3.7
M,RCH_A,TOTAL,SK,2012-07-01,3.9
M,RCH_A,TOTAL,SK,2012-08-01,3.8
M,RCH_A,TOTAL,SK,2012-09-01,3.8
M,RCH_A,TOTAL,SK,2012-10-01,3.9
M,RCH_A,TOTAL,SK,2012-11-01,3.5
M,RCH_A,TOTAL,SK,2012-12-01,3.4
M,RCH_A,TOTAL,SK,2013-01-01,2.5
M,RCH_A,TOTAL,SK,2013-02-01,2.2
M,RCH_A,TOTAL,SK,2013-03-01,2
M,RCH_A,TOTAL,SK,2013-04-01,1.7
M,RCH_A,TOTAL,SK,2013-05-01,1.8
M,RCH_A,TOTAL,SK,2013-06-01,1.7
M,RCH_A,TOTAL,SK,2013-07-01,1.6
M,RCH_A,TOTAL,SK,2013-08-01,1.4
M,RCH_A,TOTAL,SK,2013-09-01,1.1
M,RCH_A,TOTAL,SK,2013-10-01,0.7
M,RCH_A,TOTAL,SK,2013-11-01,0.5
M,RCH_A,TOTAL,SK,2013-12-01,0.4
M,RCH_A,TOTAL,SK,2014-01-01,0
M,RCH_A,TOTAL,SK,2014-02-01,-0.1
M,RCH_A,TOTAL,SK,2014-03-01,-0.2
M,RCH_A,TOTAL,SK,2014-04-01,-0.2
M,RCH_A,TOTAL,SK,2014-05-01,0
M,RCH_A,TOTAL,SK,2014-06-01,-0.1
M,RCH_A,TOTAL,SK,2014-07-01,-0.1
M,RCH_A,TOTAL,SK,2014-08-01,-0.2
M,RCH_A,TOTAL,SK,2014-09-01,-0.1
M,RCH_A,TOTAL,SK,2014-10-01,0
M,RCH_A,TOTAL,SK,2014-11-01,0
M,RCH_A,TOTAL,SK,2014-12-01,-0.1
M,RCH_A,TOTAL,SK,2015-01-01,-0.5
M,RCH_A,TOTAL,SK,2015-02-01,-0.6
M,RCH_A,TOTAL,SK,2015-03-01,-0.4
M,RCH_A,TOTAL,SK,2015-04-01,-0.1
M,RCH_A,TOTAL,SK,2015-05-01,-0.1
M,RCH_A,TOTAL,SK,2015-06-01,-0.1
M,RCH_A,TOTAL,SK,2015-07-01,-0.2
M,RCH_A,TOTAL,SK,2015-08-01,-0.2
M,RCH_A,TOTAL,SK,2015-09-01,-0.5
M,RCH_A,TOTAL,SK,2015-10-01,-0.5
M,RCH_A,TOTAL,SK,2015-11-01,-0.4
M,RCH_A,TOTAL,SK,2015-12-01,-0.4
M,RCH_A,TOTAL,SK,2016-01-01,-0.6
M,RCH_A,TOTAL,SK,2016-02-01,-0.3
M,RCH_A,TOTAL,SK,2016-03-01,-0.5
M,RCH_A,TOTAL,SK,2016-04-01,-0.4
M,RCH_A,TOTAL,SK,2016-05-01,-0.8
M,RCH_A,TOTAL,SK,2016-06-01,-0.7
M,RCH_A,TOTAL,SK,2016-07-01,-0.9
M,RCH_A,TOTAL,SK,2016-08-01,-0.8
M,RCH_A,TOTAL,SK,2016-09-01,-0.5
M,RCH_A,TOTAL,SK,2016-10-01,-0.3
M,RCH_A,TOTAL,SK,2016-11-01,-0.2
M,RCH_A,TOTAL,SK,2016-12-01,0.2
M,RCH_A,TOTAL,SK,2017-01-01,0.8
M,RCH_A,TOTAL,SK,2017-02-01,1.2
M,RCH_A,TOTAL,SK,2017-03-01,1
M,RCH_A,TOTAL,SK,2017-04-01,0.8
M,RCH_A,TOTAL,SK,2017-05-01,1.1
M,RCH_A,TOTAL,SK,2017-06-01,1
M,RCH_A,TOTAL,SK,2017-07-01,1.5
M,RCH_A,TOTAL,SK,2017-08-01,1.6
M,RCH_A,TOTAL,SK,2017-09-01,1.8
M,RCH_A,TOTAL,SK,2017-10-01,1.8
M,RCH_A,TOTAL,SK,2017-11-01,2.1
M,RCH_A,TOTAL,SK,2017-12-01,2
M,RCH_A,TOTAL,SK,2018-01-01,2.6
M,RCH_A,TOTAL,SK,2018-02-01,2.2
M,RCH_A,TOTAL,SK,2018-03-01,2.5
M,RCH_A,TOTAL,SK,2018-04-01,3
M,RCH_A,TOTAL,SK,2018-05-01,2.7
M,RCH_A,TOTAL,SK,2018-06-01,2.9
M,RCH_A,TOTAL,SK,2018-07-01,2.6
M,RCH_A,TOTAL,SK,2018-08-01,2.9
M,RCH_A,TOTAL,SK,2018-09-01,2.7
M,RCH_A,TOTAL,SK,2018-10-01,2.5
M,RCH_A,TOTAL,SK,2018-11-01,2
M,RCH_A,TOTAL,SK,2018-12-01,1.9
M,RCH_A,TOTAL,SK,2019-01-01,2.2
M,RCH_A,TOTAL,SK,2019-02-01,2.3
M,RCH_A,TOTAL,SK,2019-03-01,2.7
M,RCH_A,TOTAL,SK,2019-04-01,2.4
M,RCH_A,TOTAL,SK,2019-05-01,2.7
M,RCH_A,TOTAL,SK,2019-06-01,2.7
M,RCH_A,TOTAL,SK,2019-07-01,3
M,RCH_A,TOTAL,SK,2019-08-01,3
M,RCH_A,TOTAL,SK,2019-09-01,3
M,RCH_A,TOTAL,SK,2019-10-01,2.9
M,RCH_A,TOTAL,SK,2019-11-01,3.2
M,RCH_A,TOTAL,SK,2019-12-01,3.2
M,RCH_A,TOTAL,SK,2020-01-01,3.2
M,RCH_A,TOTAL,SK,2020-02-01,3.1
M,RCH_A,TOTAL,SK,2020-03-01,2.4
M,RCH_A,TOTAL,SK,2020-04-01,2.1
M,RCH_A,TOTAL,SK,2020-05-01,2.1
M,RCH_A,TOTAL,SK,2020-06-01,1.8
M,RCH_A,TOTAL,SK,2020-07-01,1.8
M,RCH_A,TOTAL,SK,2020-08-01,1.4
M,RCH_A,TOTAL,SK,2020-09-01,1.4
M,RCH_A,TOTAL,SK,2020-10-01,1.6
M,RCH_A,TOTAL,SK,2020-11-01,1.6
M,RCH_A,TOTAL,SK,2020-12-01,1.6
M,RCH_A,TOTAL,SK,2021-01-01,0.7
M,RCH_A,TOTAL,SK,2021-02-01,0.9
M,RCH_A,TOTAL,SK,2021-03-01,1.5
M,RCH_A,TOTAL,SK,2021-04-01,1.7
M,RCH_A,TOTAL,SK,2021-05-01,2
M,RCH_A,TOTAL,SK,2021-06-01,2.5
M,RCH_A,TOTAL,SK,2021-07-01,2.9
M,RCH_A,TOTAL,SK,2021-08-01,3.3
M,RCH_A,TOTAL,SK,2021-09-01,4
M,RCH_A,TOTAL,SK,2021-10-01,4.4
M,RCH_A,TOTAL,SK,2021-11-01,4.8
M,RCH_A,TOTAL,SK,2021-12-01,5.1
M,RCH_A,TOTAL,SK,2022-01-01,7.7
M,RCH_A,TOTAL,SK,2022-02-01,8.3
M,RCH_A,TOTAL,SK,2022-03-01,9.6
M,RCH_A,TOTAL,SK,2022-04-01,10.9
M,RCH_A,TOTAL,SK,2022-05-01,11.8
M,RCH_A,TOTAL,SK,2022-06-01,12.6
M,RCH_A,TOTAL,SK,2022-07-01,12.8
M,RCH_A,TOTAL,SK,2022-08-01,13.4
M,RCH_A,TOTAL,SK,2022-09-01,13.6
M,RCH_A,TOTAL,SK,2022-10-01,14.5
M,RCH_A,TOTAL,SK,2022-11-01,15.1
M,RCH_A,TOTAL,SK,2022-12-01,15
M,RCH_A,TOTAL,SK,2023-01-01,15.1
M,RCH_A,TOTAL,SK,2023-02-01,15.4
M,RCH_A,TOTAL,SK,2023-03-01,14.8
M,RCH_A,TOTAL,SK,2023-04-01,14
M,RCH_A,TOTAL,SK,2023-05-01,12.3
M,RCH_A,TOTAL,SK,2023-06-01,11.3
M,RCH_A,TOTAL,SK,2023-07-01,10.3
M,RCH_A,TOTAL,SK,2023-08-01,9.6
M,RCH_A,TOTAL,SK,2023-09-01,9
M,RCH_A,TOTAL,SK,2023-10-01,7.8
M,RCH_A,TOTAL,SK,2023-11-01,6.9
M,RCH_A,TOTAL,SK,2023-12-01,6.6
M,RCH_A,TOTAL,SK,2024-01-01,4.4
M,RCH_A,TOTAL,SK,2024-02-01,3.8
M,RCH_A,TOTAL,SK,2024-03-01,2.7
M,RCH_A,TOTAL,SK,2024-04-01,2.4
M,RCH_A,TOTAL,SK,2024-05-01,2.6
M,RCH_A,TOTAL,SK,2024-06-01,2.4
M,RCH_A,TOTAL,SK,2024-07-01,3
M,RCH_A,TOTAL,SK,2024-08-01,3.2
M,RCH_A,TOTAL,SK,2024-09-01,2.9
M,RCH_A,TOTAL,SK,2024-10-01,3.5
M,RCH_A,TOTAL,SK,2024-11-01,3.6
M,RCH_A,TOTAL,SK,2024-12-01,3.2
M,RCH_A,TOTAL,SK,2025-01-01,4.3
M,RCH_A,TOTAL,SK,2025-02-01,4.1
M,RCH_A,TOTAL,SK,2025-03-01,4.2
M,RCH_A,TOTAL,SK,2025-04-01,3.9
M,RCH_A,TOTAL,SK,2025-05-01,4.3
M,RCH_A,TOTAL,SK,2025-06-01,4.6
M,RCH_A,TOTAL,SK,2025-07-01,4.6
M,RCH_A,TOTAL,SK,2025-08-01,4.4
M,RCH_A,TOTAL,SK,2025-09-01,4.6
M,RCH_A,TOTAL,SK,2025-10-01,3.9
M,RCH_A,TOTAL,SK,2025-11-01,3.9
M,RCH_A,TOTAL,SK,2025-12-01,4.1
M,RCH_A,TOTAL,SK,2026-01-01,4.3
M,RCH_A,TOTAL,SK,2026-02-01,4
M,RCH_A,TOTAL,SK,2026-03-01,3.7
M,RCH_A,TOTAL,SK,2026-04-01,4.1
M,RCH_A,TOTAL,SK,2026-05-01,4
M,RCH_A,TOTAL,SK,2026-06-01,3.5
M,RCH_A,TOTAL,SK,2026-07-01,3.2
M,RCH_A,TOTAL,SK,2026-08-01,3.1
M,RCH_A,TOTAL,SK,2026-09-01,3.1
M,RCH_A,TOTAL,FI,1996-01-01,NA
M,RCH_A,TOTAL,FI,1996-02-01,NA
M,RCH_A,TOTAL,FI,1996-03-01,NA
M,RCH_A,TOTAL,FI,1996-04-01,NA
M,RCH_A,TOTAL,FI,1996-05-01,NA
M,RCH_A,TOTAL,FI,1996-06-01,NA
M,RCH_A,TOTAL,FI,1996-07-01,NA
M,RCH_A,TOTAL,FI,1996-08-01,NA
M,RCH_A,TOTAL,FI,1996-09-01,NA
M,RCH_A,TOTAL,FI,1996-10-01,NA
M,RCH_A,TOTAL,FI,1996-11-01,NA
M,RCH_A,TOTAL,FI,1996-12-01,NA
M,RCH_A,TOTAL,FI,1997-01-01,0.9
M,RCH_A,TOTAL,FI,1997-02-01,0.6
M,RCH_A,TOTAL,FI,1997-03-01,0.7
M,RCH_A,TOTAL,FI,1997-04-01,0.9
M,RCH_A,TOTAL,FI,1997-05-01,0.9
M,RCH_A,TOTAL,FI,1997-06-01,1.1
M,RCH_A,TOTAL,FI,1997-07-01,1.1
M,RCH_A,TOTAL,FI,1997-08-01,1.7
M,RCH_A,TOTAL,FI,1997-09-01,1.6
M,RCH_A,TOTAL,FI,1997-10-01,1.7
M,RCH_A,TOTAL,FI,1997-11-01,1.8
M,RCH_A,TOTAL,FI,1997-12-01,1.6
M,RCH_A,TOTAL,FI,1998-01-01,1.8
M,RCH_A,TOTAL,FI,1998-02-01,1.7
M,RCH_A,TOTAL,FI,1998-03-01,1.6
M,RCH_A,TOTAL,FI,1998-04-01,1.7
M,RCH_A,TOTAL,FI,1998-05-01,1.6
M,RCH_A,TOTAL,FI,1998-06-01,1.6
M,RCH_A,TOTAL,FI,1998-07-01,1.1
M,RCH_A,TOTAL,FI,1998-08-01,1.1
M,RCH_A,TOTAL,FI,1998-09-01,1.4
M,RCH_A,TOTAL,FI,1998-10-01,1.1
M,RCH_A,TOTAL,FI,1998-11-01,0.9
M,RCH_A,TOTAL,FI,1998-12-01,0.8
M,RCH_A,TOTAL,FI,1999-01-01,0.5
M,RCH_A,TOTAL,FI,1999-02-01,0.9
M,RCH_A,TOTAL,FI,1999-03-01,0.9
M,RCH_A,TOTAL,FI,1999-04-01,1.3
M,RCH_A,TOTAL,FI,1999-05-01,1.4
M,RCH_A,TOTAL,FI,1999-06-01,1.2
M,RCH_A,TOTAL,FI,1999-07-01,1.4
M,RCH_A,TOTAL,FI,1999-08-01,1.3
M,RCH_A,TOTAL,FI,1999-09-01,1.4
M,RCH_A,TOTAL,FI,1999-10-01,1.6
M,RCH_A,TOTAL,FI,1999-11-01,1.8
M,RCH_A,TOTAL,FI,1999-12-01,2.2
M,RCH_A,TOTAL,FI,2000-01-01,2.3
M,RCH_A,TOTAL,FI,2000-02-01,2.7
M,RCH_A,TOTAL,FI,2000-03-01,3.2
M,RCH_A,TOTAL,FI,2000-04-01,2.5
M,RCH_A,TOTAL,FI,2000-05-01,2.7
M,RCH_A,TOTAL,FI,2000-06-01,3.1
M,RCH_A,TOTAL,FI,2000-07-01,2.9
M,RCH_A,TOTAL,FI,2000-08-01,2.9
M,RCH_A,TOTAL,FI,2000-09-01,3.4
M,RCH_A,TOTAL,FI,2000-10-01,3.4
M,RCH_A,TOTAL,FI,2000-11-01,3.3
M,RCH_A,TOTAL,FI,2000-12-01,2.9
M,RCH_A,TOTAL,FI,2001-01-01,2.9
M,RCH_A,TOTAL,FI,2001-02-01,2.7
M,RCH_A,TOTAL,FI,2001-03-01,2.5
M,RCH_A,TOTAL,FI,2001-04-01,2.9
M,RCH_A,TOTAL,FI,2001-05-01,3.3
M,RCH_A,TOTAL,FI,2001-06-01,3
M,RCH_A,TOTAL,FI,2001-07-01,2.6
M,RCH_A,TOTAL,FI,2001-08-01,2.7
M,RCH_A,TOTAL,FI,2001-09-01,2.6
M,RCH_A,TOTAL,FI,2001-10-01,2.4
M,RCH_A,TOTAL,FI,2001-11-01,2.2
M,RCH_A,TOTAL,FI,2001-12-01,2.4
M,RCH_A,TOTAL,FI,2002-01-01,2.9
M,RCH_A,TOTAL,FI,2002-02-01,2.5
M,RCH_A,TOTAL,FI,2002-03-01,2.6
M,RCH_A,TOTAL,FI,2002-04-01,2.5
M,RCH_A,TOTAL,FI,2002-05-01,1.8
M,RCH_A,TOTAL,FI,2002-06-01,1.5
M,RCH_A,TOTAL,FI,2002-07-01,2
M,RCH_A,TOTAL,FI,2002-08-01,1.8
M,RCH_A,TOTAL,FI,2002-09-01,1.3
M,RCH_A,TOTAL,FI,2002-10-01,1.7
M,RCH_A,TOTAL,FI,2002-11-01,1.7
M,RCH_A,TOTAL,FI,2002-12-01,1.7
M,RCH_A,TOTAL,FI,2003-01-01,1.4
M,RCH_A,TOTAL,FI,2003-02-01,2.1
M,RCH_A,TOTAL,FI,2003-03-01,1.8
M,RCH_A,TOTAL,FI,2003-04-01,1.4
M,RCH_A,TOTAL,FI,2003-05-01,1.1
M,RCH_A,TOTAL,FI,2003-06-01,1.1
M,RCH_A,TOTAL,FI,2003-07-01,1
M,RCH_A,TOTAL,FI,2003-08-01,1.2
M,RCH_A,TOTAL,FI,2003-09-01,1.3
M,RCH_A,TOTAL,FI,2003-10-01,0.9
M,RCH_A,TOTAL,FI,2003-11-01,1.1
M,RCH_A,TOTAL,FI,2003-12-01,1.2
M,RCH_A,TOTAL,FI,2004-01-01,0.7
M,RCH_A,TOTAL,FI,2004-02-01,0.4
M,RCH_A,TOTAL,FI,2004-03-01,-0.4
M,RCH_A,TOTAL,FI,2004-04-01,-0.4
M,RCH_A,TOTAL,FI,2004-05-01,-0.1
M,RCH_A,TOTAL,FI,2004-06-01,-0.1
M,RCH_A,TOTAL,FI,2004-07-01,0.2
M,RCH_A,TOTAL,FI,2004-08-01,0.2
M,RCH_A,TOTAL,FI,2004-09-01,0.2
M,RCH_A,TOTAL,FI,2004-10-01,0.6
M,RCH_A,TOTAL,FI,2004-11-01,0.2
M,RCH_A,TOTAL,FI,2004-12-01,0.1
M,RCH_A,TOTAL,FI,2005-01-01,-0.1
M,RCH_A,TOTAL,FI,2005-02-01,0
M,RCH_A,TOTAL,FI,2005-03-01,0.9
M,RCH_A,TOTAL,FI,2005-04-01,1.1
M,RCH_A,TOTAL,FI,2005-05-01,0.6
M,RCH_A,TOTAL,FI,2005-06-01,1
M,RCH_A,TOTAL,FI,2005-07-01,0.9
M,RCH_A,TOTAL,FI,2005-08-01,1
M,RCH_A,TOTAL,FI,2005-09-01,1.2
M,RCH_A,TOTAL,FI,2005-10-01,0.8
M,RCH_A,TOTAL,FI,2005-11-01,0.9
M,RCH_A,TOTAL,FI,2005-12-01,1
M,RCH_A,TOTAL,FI,2006-01-01,1.2
M,RCH_A,TOTAL,FI,2006-02-01,1.3
M,RCH_A,TOTAL,FI,2006-03-01,1.2
M,RCH_A,TOTAL,FI,2006-04-01,1.5
M,RCH_A,TOTAL,FI,2006-05-01,1.7
M,RCH_A,TOTAL,FI,2006-06-01,1.5
M,RCH_A,TOTAL,FI,2006-07-01,1.3
M,RCH_A,TOTAL,FI,2006-08-01,1.3
M,RCH_A,TOTAL,FI,2006-09-01,0.8
M,RCH_A,TOTAL,FI,2006-10-01,1
M,RCH_A,TOTAL,FI,2006-11-01,1.3
M,RCH_A,TOTAL,FI,2006-12-01,1.2
M,RCH_A,TOTAL,FI,2007-01-01,1.3
M,RCH_A,TOTAL,FI,2007-02-01,1.2
M,RCH_A,TOTAL,FI,2007-03-01,1.6
M,RCH_A,TOTAL,FI,2007-04-01,1.5
M,RCH_A,TOTAL,FI,2007-05-01,1.3
M,RCH_A,TOTAL,FI,2007-06-01,1.4
M,RCH_A,TOTAL,FI,2007-07-01,1.6
M,RCH_A,TOTAL,FI,2007-08-01,1.3
M,RCH_A,TOTAL,FI,2007-09-01,1.7
M,RCH_A,TOTAL,FI,2007-10-01,1.8
M,RCH_A,TOTAL,FI,2007-11-01,2.2
M,RCH_A,TOTAL,FI,2007-12-01,1.9
M,RCH_A,TOTAL,FI,2008-01-01,3.5
M,RCH_A,TOTAL,FI,2008-02-01,3.3
M,RCH_A,TOTAL,FI,2008-03-01,3.6
M,RCH_A,TOTAL,FI,2008-04-01,3.3
M,RCH_A,TOTAL,FI,2008-05-01,4.1
M,RCH_A,TOTAL,FI,2008-06-01,4.3
M,RCH_A,TOTAL,FI,2008-07-01,4.3
M,RCH_A,TOTAL,FI,2008-08-01,4.6
M,RCH_A,TOTAL,FI,2008-09-01,4.7
M,RCH_A,TOTAL,FI,2008-10-01,4.4
M,RCH_A,TOTAL,FI,2008-11-01,3.5
M,RCH_A,TOTAL,FI,2008-12-01,3.4
M,RCH_A,TOTAL,FI,2009-01-01,2.5
M,RCH_A,TOTAL,FI,2009-02-01,2.7
M,RCH_A,TOTAL,FI,2009-03-01,2
M,RCH_A,TOTAL,FI,2009-04-01,2.1
M,RCH_A,TOTAL,FI,2009-05-01,1.5
M,RCH_A,TOTAL,FI,2009-06-01,1.6
M,RCH_A,TOTAL,FI,2009-07-01,1.2
M,RCH_A,TOTAL,FI,2009-08-01,1.3
M,RCH_A,TOTAL,FI,2009-09-01,1.1
M,RCH_A,TOTAL,FI,2009-10-01,0.6
M,RCH_A,TOTAL,FI,2009-11-01,1.3
M,RCH_A,TOTAL,FI,2009-12-01,1.8
M,RCH_A,TOTAL,FI,2010-01-01,1.6
M,RCH_A,TOTAL,FI,2010-02-01,1.3
M,RCH_A,TOTAL,FI,2010-03-01,1.5
M,RCH_A,TOTAL,FI,2010-04-01,1.6
M,RCH_A,TOTAL,FI,2010-05-01,1.4
M,RCH_A,TOTAL,FI,2010-06-01,1.3
M,RCH_A,TOTAL,FI,2010-07-01,1.3
M,RCH_A,TOTAL,FI,2010-08-01,1.3
M,RCH_A,TOTAL,FI,2010-09-01,1.4
M,RCH_A,TOTAL,FI,2010-10-01,2.4
M,RCH_A,TOTAL,FI,2010-11-01,2.4
M,RCH_A,TOTAL,FI,2010-12-01,2.8
M,RCH_A,TOTAL,FI,2011-01-01,3.1
M,RCH_A,TOTAL,FI,2011-02-01,3.5
M,RCH_A,TOTAL,FI,2011-03-01,3.5
M,RCH_A,TOTAL,FI,2011-04-01,3.4
M,RCH_A,TOTAL,FI,2011-05-01,3.4
M,RCH_A,TOTAL,FI,2011-06-01,3.4
M,RCH_A,TOTAL,FI,2011-07-01,3.7
M,RCH_A,TOTAL,FI,2011-08-01,3.5
M,RCH_A,TOTAL,FI,2011-09-01,3.5
M,RCH_A,TOTAL,FI,2011-10-01,3.2
M,RCH_A,TOTAL,FI,2011-11-01,3.2
M,RCH_A,TOTAL,FI,2011-12-01,2.6
M,RCH_A,TOTAL,FI,2012-01-01,3
M,RCH_A,TOTAL,FI,2012-02-01,3
M,RCH_A,TOTAL,FI,2012-03-01,2.9
M,RCH_A,TOTAL,FI,2012-04-01,3
M,RCH_A,TOTAL,FI,2012-05-01,3.1
M,RCH_A,TOTAL,FI,2012-06-01,2.9
M,RCH_A,TOTAL,FI,2012-07-01,3.1
M,RCH_A,TOTAL,FI,2012-08-01,3.3
M,RCH_A,TOTAL,FI,2012-09-01,3.4
M,RCH_A,TOTAL,FI,2012-10-01,3.5
M,RCH_A,TOTAL,FI,2012-11-01,3.2
M,RCH_A,TOTAL,FI,2012-12-01,3.5
M,RCH_A,TOTAL,FI,2013-01-01,2.6
M,RCH_A,TOTAL,FI,2013-02-01,2.5
M,RCH_A,TOTAL,FI,2013-03-01,2.5
M,RCH_A,TOTAL,FI,2013-04-01,2.4
M,RCH_A,TOTAL,FI,2013-05-01,2.5
M,RCH_A,TOTAL,FI,2013-06-01,2.3
M,RCH_A,TOTAL,FI,2013-07-01,2.5
M,RCH_A,TOTAL,FI,2013-08-01,2.1
M,RCH_A,TOTAL,FI,2013-09-01,1.8
M,RCH_A,TOTAL,FI,2013-10-01,1.7
M,RCH_A,TOTAL,FI,2013-11-01,1.8
M,RCH_A,TOTAL,FI,2013-12-01,1.9
M,RCH_A,TOTAL,FI,2014-01-01,1.9
M,RCH_A,TOTAL,FI,2014-02-01,1.6
M,RCH_A,TOTAL,FI,2014-03-01,1.3
M,RCH_A,TOTAL,FI,2014-04-01,1.3
M,RCH_A,TOTAL,FI,2014-05-01,1
M,RCH_A,TOTAL,FI,2014-06-01,1.1
M,RCH_A,TOTAL,FI,2014-07-01,1
M,RCH_A,TOTAL,FI,2014-08-01,1.2
M,RCH_A,TOTAL,FI,2014-09-01,1.5
M,RCH_A,TOTAL,FI,2014-10-01,1.2
M,RCH_A,TOTAL,FI,2014-11-01,1.1
M,RCH_A,TOTAL,FI,2014-12-01,0.6
M,RCH_A,TOTAL,FI,2015-01-01,-0.1
M,RCH_A,TOTAL,FI,2015-02-01,-0.1
M,RCH_A,TOTAL,FI,2015-03-01,0
M,RCH_A,TOTAL,FI,2015-04-01,-0.1
M,RCH_A,TOTAL,FI,2015-05-01,0.1
M,RCH_A,TOTAL,FI,2015-06-01,0.1
M,RCH_A,TOTAL,FI,2015-07-01,-0.1
M,RCH_A,TOTAL,FI,2015-08-01,-0.2
M,RCH_A,TOTAL,FI,2015-09-01,-0.7
M,RCH_A,TOTAL,FI,2015-10-01,-0.3
M,RCH_A,TOTAL,FI,2015-11-01,-0.2
M,RCH_A,TOTAL,FI,2015-12-01,-0.3
M,RCH_A,TOTAL,FI,2016-01-01,0
M,RCH_A,TOTAL,FI,2016-02-01,-0.1
M,RCH_A,TOTAL,FI,2016-03-01,0
M,RCH_A,TOTAL,FI,2016-04-01,0.3
M,RCH_A,TOTAL,FI,2016-05-01,0.3
M,RCH_A,TOTAL,FI,2016-06-01,0.3
M,RCH_A,TOTAL,FI,2016-07-01,0.5
M,RCH_A,TOTAL,FI,2016-08-01,0.5
M,RCH_A,TOTAL,FI,2016-09-01,0.6
M,RCH_A,TOTAL,FI,2016-10-01,0.6
M,RCH_A,TOTAL,FI,2016-11-01,0.7
M,RCH_A,TOTAL,FI,2016-12-01,1.1
M,RCH_A,TOTAL,FI,2017-01-01,0.9
M,RCH_A,TOTAL,FI,2017-02-01,1.4
M,RCH_A,TOTAL,FI,2017-03-01,0.9
M,RCH_A,TOTAL,FI,2017-04-01,1
M,RCH_A,TOTAL,FI,2017-05-01,0.9
M,RCH_A,TOTAL,FI,2017-06-01,0.9
M,RCH_A,TOTAL,FI,2017-07-01,0.6
M,RCH_A,TOTAL,FI,2017-08-01,0.8
M,RCH_A,TOTAL,FI,2017-09-01,0.8
M,RCH_A,TOTAL,FI,2017-10-01,0.5
M,RCH_A,TOTAL,FI,2017-11-01,0.9
M,RCH_A,TOTAL,FI,2017-12-01,0.5
M,RCH_A,TOTAL,FI,2018-01-01,0.9
M,RCH_A,TOTAL,FI,2018-02-01,0.6
M,RCH_A,TOTAL,FI,2018-03-01,0.9
M,RCH_A,TOTAL,FI,2018-04-01,0.8
M,RCH_A,TOTAL,FI,2018-05-01,1
M,RCH_A,TOTAL,FI,2018-06-01,1.2
M,RCH_A,TOTAL,FI,2018-07-01,1.4
M,RCH_A,TOTAL,FI,2018-08-01,1.4
M,RCH_A,TOTAL,FI,2018-09-01,1.4
M,RCH_A,TOTAL,FI,2018-10-01,1.7
M,RCH_A,TOTAL,FI,2018-11-01,1.4
M,RCH_A,TOTAL,FI,2018-12-01,1.3
M,RCH_A,TOTAL,FI,2019-01-01,1.2
M,RCH_A,TOTAL,FI,2019-02-01,1.3
M,RCH_A,TOTAL,FI,2019-03-01,1.1
M,RCH_A,TOTAL,FI,2019-04-01,1.5
M,RCH_A,TOTAL,FI,2019-05-01,1.3
M,RCH_A,TOTAL,FI,2019-06-01,1.1
M,RCH_A,TOTAL,FI,2019-07-01,1
M,RCH_A,TOTAL,FI,2019-08-01,1.2
M,RCH_A,TOTAL,FI,2019-09-01,1
M,RCH_A,TOTAL,FI,2019-10-01,0.9
M,RCH_A,TOTAL,FI,2019-11-01,0.8
M,RCH_A,TOTAL,FI,2019-12-01,1.1
M,RCH_A,TOTAL,FI,2020-01-01,1.2
M,RCH_A,TOTAL,FI,2020-02-01,1.1
M,RCH_A,TOTAL,FI,2020-03-01,0.9
M,RCH_A,TOTAL,FI,2020-04-01,-0.3
M,RCH_A,TOTAL,FI,2020-05-01,-0.2
M,RCH_A,TOTAL,FI,2020-06-01,0.1
M,RCH_A,TOTAL,FI,2020-07-01,0.7
M,RCH_A,TOTAL,FI,2020-08-01,0.3
M,RCH_A,TOTAL,FI,2020-09-01,0.3
M,RCH_A,TOTAL,FI,2020-10-01,0.2
M,RCH_A,TOTAL,FI,2020-11-01,0.2
M,RCH_A,TOTAL,FI,2020-12-01,0.2
M,RCH_A,TOTAL,FI,2021-01-01,1
M,RCH_A,TOTAL,FI,2021-02-01,0.9
M,RCH_A,TOTAL,FI,2021-03-01,1.4
M,RCH_A,TOTAL,FI,2021-04-01,2.2
M,RCH_A,TOTAL,FI,2021-05-01,2.3
M,RCH_A,TOTAL,FI,2021-06-01,1.9
M,RCH_A,TOTAL,FI,2021-07-01,1.8
M,RCH_A,TOTAL,FI,2021-08-01,1.8
M,RCH_A,TOTAL,FI,2021-09-01,2.1
M,RCH_A,TOTAL,FI,2021-10-01,2.8
M,RCH_A,TOTAL,FI,2021-11-01,3.5
M,RCH_A,TOTAL,FI,2021-12-01,3.2
M,RCH_A,TOTAL,FI,2022-01-01,4.1
M,RCH_A,TOTAL,FI,2022-02-01,4.4
M,RCH_A,TOTAL,FI,2022-03-01,5.8
M,RCH_A,TOTAL,FI,2022-04-01,5.8
M,RCH_A,TOTAL,FI,2022-05-01,7.1
M,RCH_A,TOTAL,FI,2022-06-01,8.1
M,RCH_A,TOTAL,FI,2022-07-01,8
M,RCH_A,TOTAL,FI,2022-08-01,7.9
M,RCH_A,TOTAL,FI,2022-09-01,8.4
M,RCH_A,TOTAL,FI,2022-10-01,8.4
M,RCH_A,TOTAL,FI,2022-11-01,9.1
M,RCH_A,TOTAL,FI,2022-12-01,8.8
M,RCH_A,TOTAL,FI,2023-01-01,7.9
M,RCH_A,TOTAL,FI,2023-02-01,7.9
M,RCH_A,TOTAL,FI,2023-03-01,6.7
M,RCH_A,TOTAL,FI,2023-04-01,6.3
M,RCH_A,TOTAL,FI,2023-05-01,5
M,RCH_A,TOTAL,FI,2023-06-01,4.1
M,RCH_A,TOTAL,FI,2023-07-01,4.2
M,RCH_A,TOTAL,FI,2023-08-01,3.1
M,RCH_A,TOTAL,FI,2023-09-01,3
M,RCH_A,TOTAL,FI,2023-10-01,2.4
M,RCH_A,TOTAL,FI,2023-11-01,0.7
M,RCH_A,TOTAL,FI,2023-12-01,1.3
M,RCH_A,TOTAL,FI,2024-01-01,1.1
M,RCH_A,TOTAL,FI,2024-02-01,1.1
M,RCH_A,TOTAL,FI,2024-03-01,0.6
M,RCH_A,TOTAL,FI,2024-04-01,0.6
M,RCH_A,TOTAL,FI,2024-05-01,0.5
M,RCH_A,TOTAL,FI,2024-06-01,0.6
M,RCH_A,TOTAL,FI,2024-07-01,0.5
M,RCH_A,TOTAL,FI,2024-08-01,1.1
M,RCH_A,TOTAL,FI,2024-09-01,0.9
M,RCH_A,TOTAL,FI,2024-10-01,1.5
M,RCH_A,TOTAL,FI,2024-11-01,1.7
M,RCH_A,TOTAL,FI,2024-12-01,1.6
M,RCH_A,TOTAL,FI,2025-01-01,1.7
M,RCH_A,TOTAL,FI,2025-02-01,1.5
M,RCH_A,TOTAL,FI,2025-03-01,1.8
M,RCH_A,TOTAL,FI,2025-04-01,1.9
M,RCH_A,TOTAL,FI,2025-05-01,2
M,RCH_A,TOTAL,FI,2025-06-01,1.9
M,RCH_A,TOTAL,FI,2025-07-01,1.9
M,RCH_A,TOTAL,FI,2025-08-01,2.3
M,RCH_A,TOTAL,FI,2025-09-01,2.2
M,RCH_A,TOTAL,FI,2025-10-01,1.4
M,RCH_A,TOTAL,FI,2025-11-01,1.5
M,RCH_A,TOTAL,FI,2025-12-01,1.7
M,RCH_A,TOTAL,FI,2026-01-01,1
M,RCH_A,TOTAL,FI,2026-02-01,1.8
M,RCH_A,TOTAL,FI,2026-03-01,2.5
M,RCH_A,TOTAL,FI,2026-04-01,2.4
M,RCH_A,TOTAL,FI,2026-05-01,2.8
M,RCH_A,TOTAL,FI,2026-06-01,2.7
M,RCH_A,TOTAL,FI,2026-07-01,2.5
M,RCH_A,TOTAL,FI,2026-08-01,2.4
M,RCH_A,TOTAL,FI,2026-09-01,2.6
