Periode;Jahr;Halbjahr;Quartal;Monat;Tag;Indikator;Einheit;Status;Produzent;Region / Geschäftspartner;Datentyp;Werte;Sortierkriterium des Indikators
Monat;2010;1;1;01;;Leitzinssätze, Euroraum-wechselnde Zusammensetzung;Prozent;Weder saisonal noch um Arbeitstage bereinigt;Österreich;Insgesamt;Standard, in Einheiten;1,00;AB003C000
Monat;2010;1;1;01;;Leitzinssätze, Tschechische Republik;Prozent;Weder saisonal noch um Arbeitstage bereinigt;Österreich;Insgesamt;Standard, in Einheiten;1,00;AB003C002
Monat;2010;1;1;01;;Leitzinssätze, Dänemark;Prozent;Weder saisonal noch um Arbeitstage bereinigt;Österreich;Insgesamt;Standard, in Einheiten;1,05;AB003C003
Monat;2010;1;1;01;;Leitzinssätze, Ungarn;Prozent;Weder saisonal noch um Arbeitstage bereinigt;Österreich;Insgesamt;Standard, in Einheiten;6,00;AB003C006
Monat;2010;1;1;01;;Leitzinssätze, Polen;Prozent;Weder saisonal noch um Arbeitstage bereinigt;Österreich;Insgesamt;Standard, in Einheiten;3,50;AB003C007
Monat;2010;1;1;01;;Leitzinssätze, Rumänien;Prozent;Weder saisonal noch um Arbeitstage bereinigt;Österreich;Insgesamt;Standard, in Einheiten;7,50;AB003C008
Monat;2010;1;1;01;;Leitzinssätze, Schweden;Prozent;Weder saisonal noch um Arbeitstage bereinigt;Österreich;Insgesamt;Standard, in Einheiten;0,25;AB003C010
Monat;2010;1;1;01;;Leitzinssätze, Vereinigtes Königreich;Prozent;Weder saisonal noch um Arbeitstage bereinigt;Österreich;Insgesamt;Standard, in Einheiten;0,50;AB003C011
Monat;2010;1;1;01;;Leitzinssätze, Norwegen;Prozent;Weder saisonal noch um Arbeitstage bereinigt;Österreich;Insgesamt;Standard, in Einheiten;1,75;AB003C012
Monat;2010;1;1;01;;Leitzinssätze, Schweiz ;Prozent;Weder saisonal noch um Arbeitstage bereinigt;Österreich;Insgesamt;Standard, in Einheiten;0,38;AB003C013
Monat;2010;1;1;01;;Leitzinssätze, USA;Prozent;Weder saisonal noch um Arbeitstage bereinigt;Österreich;Insgesamt;Standard, in Einheiten;0,25;AB003C014
Monat;2010;1;1;01;;Leitzinssätze, Japan;Prozent;Weder saisonal noch um Arbeitstage bereinigt;Österreich;Insgesamt;Standard, in Einheiten;0,10;AB003C015
Monat;2010;1;1;02;;Leitzinssätze, Euroraum-wechselnde Zusammensetzung;Prozent;Weder saisonal noch um Arbeitstage bereinigt;Österreich;Insgesamt;Standard, in Einheiten;1,00;AB003C000
Monat;2010;1;1;02;;Leitzinssätze, Tschechische Republik;Prozent;Weder saisonal noch um Arbeitstage bereinigt;Österreich;Insgesamt;Standard, in Einheiten;1,00;AB003C002
Monat;2010;1;1;02;;Leitzinssätze, Dänemark;Prozent;Weder saisonal noch um Arbeitstage bereinigt;Österreich;Insgesamt;Standard, in Einheiten;1,05;AB003C003
Monat;2010;1;1;02;;Leitzinssätze, Ungarn;Prozent;Weder saisonal noch um Arbeitstage bereinigt;Österreich;Insgesamt;Standard, in Einheiten;5,75;AB003C006
Monat;2010;1;1;02;;Leitzinssätze, Polen;Prozent;Weder saisonal noch um Arbeitstage bereinigt;Österreich;Insgesamt;Standard, in Einheiten;3,50;AB003C007
Monat;2010;1;1;02;;Leitzinssätze, Rumänien;Prozent;Weder saisonal noch um Arbeitstage bereinigt;Österreich;Insgesamt;Standard, in Einheiten;7,00;AB003C008
Monat;2010;1;1;02;;Leitzinssätze, Schweden;Prozent;Weder saisonal noch um Arbeitstage bereinigt;Österreich;Insgesamt;Standard, in Einheiten;0,25;AB003C010
Monat;2010;1;1;02;;Leitzinssätze, Vereinigtes Königreich;Prozent;Weder saisonal noch um Arbeitstage bereinigt;Österreich;Insgesamt;Standard, in Einheiten;0,50;AB003C011
Monat;2010;1;1;02;;Leitzinssätze, Norwegen;Prozent;Weder saisonal noch um Arbeitstage bereinigt;Österreich;Insgesamt;Standard, in Einheiten;1,75;AB003C012
Monat;2010;1;1;02;;Leitzinssätze, Schweiz ;Prozent;Weder saisonal noch um Arbeitstage bereinigt;Österreich;Insgesamt;Standard, in Einheiten;0,38;AB003C013
Monat;2010;1;1;02;;Leitzinssätze, USA;Prozent;Weder saisonal noch um Arbeitstage bereinigt;Österreich;Insgesamt;Standard, in Einheiten;0,25;AB003C014
Monat;2010;1;1;02;;Leitzinssätze, Japan;Prozent;Weder saisonal noch um Arbeitstage bereinigt;Österreich;Insgesamt;Standard, in Einheiten;0,10;AB003C015
Monat;2010;1;1;03;;Leitzinssätze, Euroraum-wechselnde Zusammensetzung;Prozent;Weder saisonal noch um Arbeitstage bereinigt;Österreich;Insgesamt;Standard, in Einheiten;1,00;AB003C000
Monat;2010;1;1;03;;Leitzinssätze, Tschechische Republik;Prozent;Weder saisonal noch um Arbeitstage bereinigt;Österreich;Insgesamt;Standard, in Einheiten;1,00;AB003C002
Monat;2010;1;1;03;;Leitzinssätze, Dänemark;Prozent;Weder saisonal noch um Arbeitstage bereinigt;Österreich;Insgesamt;Standard, in Einheiten;1,05;AB003C003
Monat;2010;1;1;03;;Leitzinssätze, Ungarn;Prozent;Weder saisonal noch um Arbeitstage bereinigt;Österreich;Insgesamt;Standard, in Einheiten;5,50;AB003C006
Monat;2010;1;1;03;;Leitzinssätze, Polen;Prozent;Weder saisonal noch um Arbeitstage bereinigt;Österreich;Insgesamt;Standard, in Einheiten;3,50;AB003C007
Monat;2010;1;1;03;;Leitzinssätze, Rumänien;Prozent;Weder saisonal noch um Arbeitstage bereinigt;Österreich;Insgesamt;Standard, in Einheiten;6,50;AB003C008
Monat;2010;1;1;03;;Leitzinssätze, Schweden;Prozent;Weder saisonal noch um Arbeitstage bereinigt;Österreich;Insgesamt;Standard, in Einheiten;0,25;AB003C010
Monat;2010;1;1;03;;Leitzinssätze, Vereinigtes Königreich;Prozent;Weder saisonal noch um Arbeitstage bereinigt;Österreich;Insgesamt;Standard, in Einheiten;0,50;AB003C011
Monat;2010;1;1;03;;Leitzinssätze, Norwegen;Prozent;Weder saisonal noch um Arbeitstage bereinigt;Österreich;Insgesamt;Standard, in Einheiten;1,75;AB003C012
Monat;2010;1;1;03;;Leitzinssätze, Schweiz ;Prozent;Weder saisonal noch um Arbeitstage bereinigt;Österreich;Insgesamt;Standard, in Einheiten;0,38;AB003C013
Monat;2010;1;1;03;;Leitzinssätze, USA;Prozent;Weder saisonal noch um Arbeitstage bereinigt;Österreich;Insgesamt;Standard, in Einheiten;0,25;AB003C014
Monat;2010;1;1;03;;Leitzinssätze, Japan;Prozent;Weder saisonal noch um Arbeitstage bereinigt;Österreich;Insgesamt;Standard, in Einheiten;0,10;AB003C015
Monat;2010;1;2;04;;Leitzinssätze, Euroraum-wechselnde Zusammensetzung;Prozent;Weder saisonal noch um Arbeitstage bereinigt;Österreich;Insgesamt;Standard, in Einheiten;1,00;AB003C000
Monat;2010;1;2;04;;Leitzinssätze, Tschechische Republik;Prozent;Weder saisonal noch um Arbeitstage bereinigt;Österreich;Insgesamt;Standard, in Einheiten;1,00;AB003C002
Monat;2010;1;2;04;;Leitzinssätze, Dänemark;Prozent;Weder saisonal noch um Arbeitstage bereinigt;Österreich;Insgesamt;Standard, in Einheiten;1,05;AB003C003
Monat;2010;1;2;04;;Leitzinssätze, Ungarn;Prozent;Weder saisonal noch um Arbeitstage bereinigt;Österreich;Insgesamt;Standard, in Einheiten;5,25;AB003C006
Monat;2010;1;2;04;;Leitzinssätze, Polen;Prozent;Weder saisonal noch um Arbeitstage bereinigt;Österreich;Insgesamt;Standard, in Einheiten;3,50;AB003C007
Monat;2010;1;2;04;;Leitzinssätze, Rumänien;Prozent;Weder saisonal noch um Arbeitstage bereinigt;Österreich;Insgesamt;Standard, in Einheiten;6,50;AB003C008
Monat;2010;1;2;04;;Leitzinssätze, Schweden;Prozent;Weder saisonal noch um Arbeitstage bereinigt;Österreich;Insgesamt;Standard, in Einheiten;0,25;AB003C010
Monat;2010;1;2;04;;Leitzinssätze, Vereinigtes Königreich;Prozent;Weder saisonal noch um Arbeitstage bereinigt;Österreich;Insgesamt;Standard, in Einheiten;0,50;AB003C011
Monat;2010;1;2;04;;Leitzinssätze, Norwegen;Prozent;Weder saisonal noch um Arbeitstage bereinigt;Österreich;Insgesamt;Standard, in Einheiten;1,75;AB003C012
Monat;2010;1;2;04;;Leitzinssätze, Schweiz ;Prozent;Weder saisonal noch um Arbeitstage bereinigt;Österreich;Insgesamt;Standard, in Einheiten;0,38;AB003C013
Monat;2010;1;2;04;;Leitzinssätze, USA;Prozent;Weder saisonal noch um Arbeitstage bereinigt;Österreich;Insgesamt;Standard, in Einheiten;0,25;AB003C014
Monat;2010;1;2;04;;Leitzinssätze, Japan;Prozent;Weder saisonal noch um Arbeitstage bereinigt;Österreich;Insgesamt;Standard, in Einheiten;0,10;AB003C015
Monat;2010;1;2;05;;Leitzinssätze, Euroraum-wechselnde Zusammensetzung;Prozent;Weder saisonal noch um Arbeitstage bereinigt;Österreich;Insgesamt;Standard, in Einheiten;1,00;AB003C000
Monat;2010;1;2;05;;Leitzinssätze, Tschechische Republik;Prozent;Weder saisonal noch um Arbeitstage bereinigt;Österreich;Insgesamt;Standard, in Einheiten;0,75;AB003C002
Monat;2010;1;2;05;;Leitzinssätze, Dänemark;Prozent;Weder saisonal noch um Arbeitstage bereinigt;Österreich;Insgesamt;Standard, in Einheiten;1,05;AB003C003
Monat;2010;1;2;05;;Leitzinssätze, Ungarn;Prozent;Weder saisonal noch um Arbeitstage bereinigt;Österreich;Insgesamt;Standard, in Einheiten;5,25;AB003C006
Monat;2010;1;2;05;;Leitzinssätze, Polen;Prozent;Weder saisonal noch um Arbeitstage bereinigt;Österreich;Insgesamt;Standard, in Einheiten;3,50;AB003C007
Monat;2010;1;2;05;;Leitzinssätze, Rumänien;Prozent;Weder saisonal noch um Arbeitstage bereinigt;Österreich;Insgesamt;Standard, in Einheiten;6,25;AB003C008
Monat;2010;1;2;05;;Leitzinssätze, Schweden;Prozent;Weder saisonal noch um Arbeitstage bereinigt;Österreich;Insgesamt;Standard, in Einheiten;0,25;AB003C010
Monat;2010;1;2;05;;Leitzinssätze, Vereinigtes Königreich;Prozent;Weder saisonal noch um Arbeitstage bereinigt;Österreich;Insgesamt;Standard, in Einheiten;0,50;AB003C011
Monat;2010;1;2;05;;Leitzinssätze, Norwegen;Prozent;Weder saisonal noch um Arbeitstage bereinigt;Österreich;Insgesamt;Standard, in Einheiten;1,96;AB003C012
Monat;2010;1;2;05;;Leitzinssätze, Schweiz ;Prozent;Weder saisonal noch um Arbeitstage bereinigt;Österreich;Insgesamt;Standard, in Einheiten;0,38;AB003C013
Monat;2010;1;2;05;;Leitzinssätze, USA;Prozent;Weder saisonal noch um Arbeitstage bereinigt;Österreich;Insgesamt;Standard, in Einheiten;0,25;AB003C014
Monat;2010;1;2;05;;Leitzinssätze, Japan;Prozent;Weder saisonal noch um Arbeitstage bereinigt;Österreich;Insgesamt;Standard, in Einheiten;0,10;AB003C015
Monat;2010;1;2;06;;Leitzinssätze, Euroraum-wechselnde Zusammensetzung;Prozent;Weder saisonal noch um Arbeitstage bereinigt;Österreich;Insgesamt;Standard, in Einheiten;1,00;AB003C000
Monat;2010;1;2;06;;Leitzinssätze, Tschechische Republik;Prozent;Weder saisonal noch um Arbeitstage bereinigt;Österreich;Insgesamt;Standard, in Einheiten;0,75;AB003C002
Monat;2010;1;2;06;;Leitzinssätze, Dänemark;Prozent;Weder saisonal noch um Arbeitstage bereinigt;Österreich;Insgesamt;Standard, in Einheiten;1,05;AB003C003
Monat;2010;1;2;06;;Leitzinssätze, Ungarn;Prozent;Weder saisonal noch um Arbeitstage bereinigt;Österreich;Insgesamt;Standard, in Einheiten;5,25;AB003C006
Monat;2010;1;2;06;;Leitzinssätze, Polen;Prozent;Weder saisonal noch um Arbeitstage bereinigt;Österreich;Insgesamt;Standard, in Einheiten;3,50;AB003C007
Monat;2010;1;2;06;;Leitzinssätze, Rumänien;Prozent;Weder saisonal noch um Arbeitstage bereinigt;Österreich;Insgesamt;Standard, in Einheiten;6,25;AB003C008
Monat;2010;1;2;06;;Leitzinssätze, Schweden;Prozent;Weder saisonal noch um Arbeitstage bereinigt;Österreich;Insgesamt;Standard, in Einheiten;0,25;AB003C010
Monat;2010;1;2;06;;Leitzinssätze, Vereinigtes Königreich;Prozent;Weder saisonal noch um Arbeitstage bereinigt;Österreich;Insgesamt;Standard, in Einheiten;0,50;AB003C011
Monat;2010;1;2;06;;Leitzinssätze, Norwegen;Prozent;Weder saisonal noch um Arbeitstage bereinigt;Österreich;Insgesamt;Standard, in Einheiten;2,00;AB003C012
Monat;2010;1;2;06;;Leitzinssätze, Schweiz ;Prozent;Weder saisonal noch um Arbeitstage bereinigt;Österreich;Insgesamt;Standard, in Einheiten;0,38;AB003C013
Monat;2010;1;2;06;;Leitzinssätze, USA;Prozent;Weder saisonal noch um Arbeitstage bereinigt;Österreich;Insgesamt;Standard, in Einheiten;0,25;AB003C014
Monat;2010;1;2;06;;Leitzinssätze, Japan;Prozent;Weder saisonal noch um Arbeitstage bereinigt;Österreich;Insgesamt;Standard, in Einheiten;0,10;AB003C015
Monat;2010;2;3;07;;Leitzinssätze, Euroraum-wechselnde Zusammensetzung;Prozent;Weder saisonal noch um Arbeitstage bereinigt;Österreich;Insgesamt;Standard, in Einheiten;1,00;AB003C000
Monat;2010;2;3;07;;Leitzinssätze, Tschechische Republik;Prozent;Weder saisonal noch um Arbeitstage bereinigt;Österreich;Insgesamt;Standard, in Einheiten;0,75;AB003C002
Monat;2010;2;3;07;;Leitzinssätze, Dänemark;Prozent;Weder saisonal noch um Arbeitstage bereinigt;Österreich;Insgesamt;Standard, in Einheiten;1,05;AB003C003
Monat;2010;2;3;07;;Leitzinssätze, Ungarn;Prozent;Weder saisonal noch um Arbeitstage bereinigt;Österreich;Insgesamt;Standard, in Einheiten;5,25;AB003C006
Monat;2010;2;3;07;;Leitzinssätze, Polen;Prozent;Weder saisonal noch um Arbeitstage bereinigt;Österreich;Insgesamt;Standard, in Einheiten;3,50;AB003C007
Monat;2010;2;3;07;;Leitzinssätze, Rumänien;Prozent;Weder saisonal noch um Arbeitstage bereinigt;Österreich;Insgesamt;Standard, in Einheiten;6,25;AB003C008
Monat;2010;2;3;07;;Leitzinssätze, Schweden;Prozent;Weder saisonal noch um Arbeitstage bereinigt;Österreich;Insgesamt;Standard, in Einheiten;0,25;AB003C010
Monat;2010;2;3;07;;Leitzinssätze, Vereinigtes Königreich;Prozent;Weder saisonal noch um Arbeitstage bereinigt;Österreich;Insgesamt;Standard, in Einheiten;0,50;AB003C011
Monat;2010;2;3;07;;Leitzinssätze, Norwegen;Prozent;Weder saisonal noch um Arbeitstage bereinigt;Österreich;Insgesamt;Standard, in Einheiten;2,00;AB003C012
Monat;2010;2;3;07;;Leitzinssätze, Schweiz ;Prozent;Weder saisonal noch um Arbeitstage bereinigt;Österreich;Insgesamt;Standard, in Einheiten;0,38;AB003C013
Monat;2010;2;3;07;;Leitzinssätze, USA;Prozent;Weder saisonal noch um Arbeitstage bereinigt;Österreich;Insgesamt;Standard, in Einheiten;0,25;AB003C014
Monat;2010;2;3;07;;Leitzinssätze, Japan;Prozent;Weder saisonal noch um Arbeitstage bereinigt;Österreich;Insgesamt;Standard, in Einheiten;0,10;AB003C015
Monat;2010;2;3;08;;Leitzinssätze, Euroraum-wechselnde Zusammensetzung;Prozent;Weder saisonal noch um Arbeitstage bereinigt;Österreich;Insgesamt;Standard, in Einheiten;1,00;AB003C000
Monat;2010;2;3;08;;Leitzinssätze, Tschechische Republik;Prozent;Weder saisonal noch um Arbeitstage bereinigt;Österreich;Insgesamt;Standard, in Einheiten;0,75;AB003C002
Monat;2010;2;3;08;;Leitzinssätze, Dänemark;Prozent;Weder saisonal noch um Arbeitstage bereinigt;Österreich;Insgesamt;Standard, in Einheiten;1,05;AB003C003
Monat;2010;2;3;08;;Leitzinssätze, Ungarn;Prozent;Weder saisonal noch um Arbeitstage bereinigt;Österreich;Insgesamt;Standard, in Einheiten;5,25;AB003C006
Monat;2010;2;3;08;;Leitzinssätze, Polen;Prozent;Weder saisonal noch um Arbeitstage bereinigt;Österreich;Insgesamt;Standard, in Einheiten;3,50;AB003C007
Monat;2010;2;3;08;;Leitzinssätze, Rumänien;Prozent;Weder saisonal noch um Arbeitstage bereinigt;Österreich;Insgesamt;Standard, in Einheiten;6,25;AB003C008
Monat;2010;2;3;08;;Leitzinssätze, Schweden;Prozent;Weder saisonal noch um Arbeitstage bereinigt;Österreich;Insgesamt;Standard, in Einheiten;0,50;AB003C010
Monat;2010;2;3;08;;Leitzinssätze, Vereinigtes Königreich;Prozent;Weder saisonal noch um Arbeitstage bereinigt;Österreich;Insgesamt;Standard, in Einheiten;0,50;AB003C011
Monat;2010;2;3;08;;Leitzinssätze, Norwegen;Prozent;Weder saisonal noch um Arbeitstage bereinigt;Österreich;Insgesamt;Standard, in Einheiten;2,00;AB003C012
Monat;2010;2;3;08;;Leitzinssätze, Schweiz ;Prozent;Weder saisonal noch um Arbeitstage bereinigt;Österreich;Insgesamt;Standard, in Einheiten;0,38;AB003C013
Monat;2010;2;3;08;;Leitzinssätze, USA;Prozent;Weder saisonal noch um Arbeitstage bereinigt;Österreich;Insgesamt;Standard, in Einheiten;0,25;AB003C014
Monat;2010;2;3;08;;Leitzinssätze, Japan;Prozent;Weder saisonal noch um Arbeitstage bereinigt;Österreich;Insgesamt;Standard, in Einheiten;0,10;AB003C015
Monat;2010;2;3;09;;Leitzinssätze, Euroraum-wechselnde Zusammensetzung;Prozent;Weder saisonal noch um Arbeitstage bereinigt;Österreich;Insgesamt;Standard, in Einheiten;1,00;AB003C000
Monat;2010;2;3;09;;Leitzinssätze, Tschechische Republik;Prozent;Weder saisonal noch um Arbeitstage bereinigt;Österreich;Insgesamt;Standard, in Einheiten;0,75;AB003C002
Monat;2010;2;3;09;;Leitzinssätze, Dänemark;Prozent;Weder saisonal noch um Arbeitstage bereinigt;Österreich;Insgesamt;Standard, in Einheiten;1,05;AB003C003
Monat;2010;2;3;09;;Leitzinssätze, Ungarn;Prozent;Weder saisonal noch um Arbeitstage bereinigt;Österreich;Insgesamt;Standard, in Einheiten;5,25;AB003C006
Monat;2010;2;3;09;;Leitzinssätze, Polen;Prozent;Weder saisonal noch um Arbeitstage bereinigt;Österreich;Insgesamt;Standard, in Einheiten;3,50;AB003C007
Monat;2010;2;3;09;;Leitzinssätze, Rumänien;Prozent;Weder saisonal noch um Arbeitstage bereinigt;Österreich;Insgesamt;Standard, in Einheiten;6,25;AB003C008
Monat;2010;2;3;09;;Leitzinssätze, Schweden;Prozent;Weder saisonal noch um Arbeitstage bereinigt;Österreich;Insgesamt;Standard, in Einheiten;0,50;AB003C010
Monat;2010;2;3;09;;Leitzinssätze, Vereinigtes Königreich;Prozent;Weder saisonal noch um Arbeitstage bereinigt;Österreich;Insgesamt;Standard, in Einheiten;0,50;AB003C011
Monat;2010;2;3;09;;Leitzinssätze, Norwegen;Prozent;Weder saisonal noch um Arbeitstage bereinigt;Österreich;Insgesamt;Standard, in Einheiten;2,00;AB003C012
Monat;2010;2;3;09;;Leitzinssätze, Schweiz ;Prozent;Weder saisonal noch um Arbeitstage bereinigt;Österreich;Insgesamt;Standard, in Einheiten;0,38;AB003C013
Monat;2010;2;3;09;;Leitzinssätze, USA;Prozent;Weder saisonal noch um Arbeitstage bereinigt;Österreich;Insgesamt;Standard, in Einheiten;0,25;AB003C014
Monat;2010;2;3;09;;Leitzinssätze, Japan;Prozent;Weder saisonal noch um Arbeitstage bereinigt;Österreich;Insgesamt;Standard, in Einheiten;0,10;AB003C015
Monat;2010;2;4;10;;Leitzinssätze, Euroraum-wechselnde Zusammensetzung;Prozent;Weder saisonal noch um Arbeitstage bereinigt;Österreich;Insgesamt;Standard, in Einheiten;1,00;AB003C000
Monat;2010;2;4;10;;Leitzinssätze, Tschechische Republik;Prozent;Weder saisonal noch um Arbeitstage bereinigt;Österreich;Insgesamt;Standard, in Einheiten;0,75;AB003C002
Monat;2010;2;4;10;;Leitzinssätze, Dänemark;Prozent;Weder saisonal noch um Arbeitstage bereinigt;Österreich;Insgesamt;Standard, in Einheiten;1,05;AB003C003
Monat;2010;2;4;10;;Leitzinssätze, Ungarn;Prozent;Weder saisonal noch um Arbeitstage bereinigt;Österreich;Insgesamt;Standard, in Einheiten;5,25;AB003C006
Monat;2010;2;4;10;;Leitzinssätze, Polen;Prozent;Weder saisonal noch um Arbeitstage bereinigt;Österreich;Insgesamt;Standard, in Einheiten;3,50;AB003C007
Monat;2010;2;4;10;;Leitzinssätze, Rumänien;Prozent;Weder saisonal noch um Arbeitstage bereinigt;Österreich;Insgesamt;Standard, in Einheiten;6,25;AB003C008
Monat;2010;2;4;10;;Leitzinssätze, Schweden;Prozent;Weder saisonal noch um Arbeitstage bereinigt;Österreich;Insgesamt;Standard, in Einheiten;0,75;AB003C010
Monat;2010;2;4;10;;Leitzinssätze, Vereinigtes Königreich;Prozent;Weder saisonal noch um Arbeitstage bereinigt;Österreich;Insgesamt;Standard, in Einheiten;0,50;AB003C011
Monat;2010;2;4;10;;Leitzinssätze, Norwegen;Prozent;Weder saisonal noch um Arbeitstage bereinigt;Österreich;Insgesamt;Standard, in Einheiten;2,00;AB003C012
Monat;2010;2;4;10;;Leitzinssätze, Schweiz ;Prozent;Weder saisonal noch um Arbeitstage bereinigt;Österreich;Insgesamt;Standard, in Einheiten;0,38;AB003C013
Monat;2010;2;4;10;;Leitzinssätze, USA;Prozent;Weder saisonal noch um Arbeitstage bereinigt;Österreich;Insgesamt;Standard, in Einheiten;0,25;AB003C014
Monat;2010;2;4;10;;Leitzinssätze, Japan;Prozent;Weder saisonal noch um Arbeitstage bereinigt;Österreich;Insgesamt;Standard, in Einheiten;0,10;AB003C015
Monat;2010;2;4;11;;Leitzinssätze, Euroraum-wechselnde Zusammensetzung;Prozent;Weder saisonal noch um Arbeitstage bereinigt;Österreich;Insgesamt;Standard, in Einheiten;1,00;AB003C000
Monat;2010;2;4;11;;Leitzinssätze, Tschechische Republik;Prozent;Weder saisonal noch um Arbeitstage bereinigt;Österreich;Insgesamt;Standard, in Einheiten;0,75;AB003C002
Monat;2010;2;4;11;;Leitzinssätze, Dänemark;Prozent;Weder saisonal noch um Arbeitstage bereinigt;Österreich;Insgesamt;Standard, in Einheiten;1,05;AB003C003
Monat;2010;2;4;11;;Leitzinssätze, Ungarn;Prozent;Weder saisonal noch um Arbeitstage bereinigt;Österreich;Insgesamt;Standard, in Einheiten;5,50;AB003C006
Monat;2010;2;4;11;;Leitzinssätze, Polen;Prozent;Weder saisonal noch um Arbeitstage bereinigt;Österreich;Insgesamt;Standard, in Einheiten;3,50;AB003C007
Monat;2010;2;4;11;;Leitzinssätze, Rumänien;Prozent;Weder saisonal noch um Arbeitstage bereinigt;Österreich;Insgesamt;Standard, in Einheiten;6,25;AB003C008
Monat;2010;2;4;11;;Leitzinssätze, Schweden;Prozent;Weder saisonal noch um Arbeitstage bereinigt;Österreich;Insgesamt;Standard, in Einheiten;1,00;AB003C010
Monat;2010;2;4;11;;Leitzinssätze, Vereinigtes Königreich;Prozent;Weder saisonal noch um Arbeitstage bereinigt;Österreich;Insgesamt;Standard, in Einheiten;0,50;AB003C011
Monat;2010;2;4;11;;Leitzinssätze, Norwegen;Prozent;Weder saisonal noch um Arbeitstage bereinigt;Österreich;Insgesamt;Standard, in Einheiten;2,00;AB003C012
Monat;2010;2;4;11;;Leitzinssätze, Schweiz ;Prozent;Weder saisonal noch um Arbeitstage bereinigt;Österreich;Insgesamt;Standard, in Einheiten;0,38;AB003C013
Monat;2010;2;4;11;;Leitzinssätze, USA;Prozent;Weder saisonal noch um Arbeitstage bereinigt;Österreich;Insgesamt;Standard, in Einheiten;0,25;AB003C014
Monat;2010;2;4;11;;Leitzinssätze, Japan;Prozent;Weder saisonal noch um Arbeitstage bereinigt;Österreich;Insgesamt;Standard, in Einheiten;0,10;AB003C015
Monat;2010;2;4;12;;Leitzinssätze, Euroraum-wechselnde Zusammensetzung;Prozent;Weder saisonal noch um Arbeitstage bereinigt;Österreich;Insgesamt;Standard, in Einheiten;1,00;AB003C000
Monat;2010;2;4;12;;Leitzinssätze, Tschechische Republik;Prozent;Weder saisonal noch um Arbeitstage bereinigt;Österreich;Insgesamt;Standard, in Einheiten;0,75;AB003C002
Monat;2010;2;4;12;;Leitzinssätze, Dänemark;Prozent;Weder saisonal noch um Arbeitstage bereinigt;Österreich;Insgesamt;Standard, in Einheiten;1,05;AB003C003
Monat;2010;2;4;12;;Leitzinssätze, Ungarn;Prozent;Weder saisonal noch um Arbeitstage bereinigt;Österreich;Insgesamt;Standard, in Einheiten;5,75;AB003C006
Monat;2010;2;4;12;;Leitzinssätze, Polen;Prozent;Weder saisonal noch um Arbeitstage bereinigt;Österreich;Insgesamt;Standard, in Einheiten;3,50;AB003C007
Monat;2010;2;4;12;;Leitzinssätze, Rumänien;Prozent;Weder saisonal noch um Arbeitstage bereinigt;Österreich;Insgesamt;Standard, in Einheiten;6,25;AB003C008
Monat;2010;2;4;12;;Leitzinssätze, Schweden;Prozent;Weder saisonal noch um Arbeitstage bereinigt;Österreich;Insgesamt;Standard, in Einheiten;1,00;AB003C010
Monat;2010;2;4;12;;Leitzinssätze, Vereinigtes Königreich;Prozent;Weder saisonal noch um Arbeitstage bereinigt;Österreich;Insgesamt;Standard, in Einheiten;0,50;AB003C011
Monat;2010;2;4;12;;Leitzinssätze, Norwegen;Prozent;Weder saisonal noch um Arbeitstage bereinigt;Österreich;Insgesamt;Standard, in Einheiten;2,00;AB003C012
Monat;2010;2;4;12;;Leitzinssätze, Schweiz ;Prozent;Weder saisonal noch um Arbeitstage bereinigt;Österreich;Insgesamt;Standard, in Einheiten;0,38;AB003C013
Monat;2010;2;4;12;;Leitzinssätze, USA;Prozent;Weder saisonal noch um Arbeitstage bereinigt;Österreich;Insgesamt;Standard, in Einheiten;0,25;AB003C014
Monat;2010;2;4;12;;Leitzinssätze, Japan;Prozent;Weder saisonal noch um Arbeitstage bereinigt;Österreich;Insgesamt;Standard, in Einheiten;0,10;AB003C015
Monat;2011;1;1;01;;Leitzinssätze, Euroraum-wechselnde Zusammensetzung;Prozent;Weder saisonal noch um Arbeitstage bereinigt;Österreich;Insgesamt;Standard, in Einheiten;1,00;AB003C000
Monat;2011;1;1;01;;Leitzinssätze, Tschechische Republik;Prozent;Weder saisonal noch um Arbeitstage bereinigt;Österreich;Insgesamt;Standard, in Einheiten;0,75;AB003C002
Monat;2011;1;1;01;;Leitzinssätze, Dänemark;Prozent;Weder saisonal noch um Arbeitstage bereinigt;Österreich;Insgesamt;Standard, in Einheiten;1,05;AB003C003
Monat;2011;1;1;01;;Leitzinssätze, Ungarn;Prozent;Weder saisonal noch um Arbeitstage bereinigt;Österreich;Insgesamt;Standard, in Einheiten;6,00;AB003C006
Monat;2011;1;1;01;;Leitzinssätze, Polen;Prozent;Weder saisonal noch um Arbeitstage bereinigt;Österreich;Insgesamt;Standard, in Einheiten;3,75;AB003C007
Monat;2011;1;1;01;;Leitzinssätze, Rumänien;Prozent;Weder saisonal noch um Arbeitstage bereinigt;Österreich;Insgesamt;Standard, in Einheiten;6,25;AB003C008
Monat;2011;1;1;01;;Leitzinssätze, Schweden;Prozent;Weder saisonal noch um Arbeitstage bereinigt;Österreich;Insgesamt;Standard, in Einheiten;1,25;AB003C010
Monat;2011;1;1;01;;Leitzinssätze, Vereinigtes Königreich;Prozent;Weder saisonal noch um Arbeitstage bereinigt;Österreich;Insgesamt;Standard, in Einheiten;0,50;AB003C011
Monat;2011;1;1;01;;Leitzinssätze, Norwegen;Prozent;Weder saisonal noch um Arbeitstage bereinigt;Österreich;Insgesamt;Standard, in Einheiten;2,00;AB003C012
Monat;2011;1;1;01;;Leitzinssätze, Schweiz ;Prozent;Weder saisonal noch um Arbeitstage bereinigt;Österreich;Insgesamt;Standard, in Einheiten;0,38;AB003C013
Monat;2011;1;1;01;;Leitzinssätze, USA;Prozent;Weder saisonal noch um Arbeitstage bereinigt;Österreich;Insgesamt;Standard, in Einheiten;0,25;AB003C014
Monat;2011;1;1;01;;Leitzinssätze, Japan;Prozent;Weder saisonal noch um Arbeitstage bereinigt;Österreich;Insgesamt;Standard, in Einheiten;0,10;AB003C015
Monat;2011;1;1;02;;Leitzinssätze, Euroraum-wechselnde Zusammensetzung;Prozent;Weder saisonal noch um Arbeitstage bereinigt;Österreich;Insgesamt;Standard, in Einheiten;1,00;AB003C000
Monat;2011;1;1;02;;Leitzinssätze, Tschechische Republik;Prozent;Weder saisonal noch um Arbeitstage bereinigt;Österreich;Insgesamt;Standard, in Einheiten;0,75;AB003C002
Monat;2011;1;1;02;;Leitzinssätze, Dänemark;Prozent;Weder saisonal noch um Arbeitstage bereinigt;Österreich;Insgesamt;Standard, in Einheiten;1,05;AB003C003
Monat;2011;1;1;02;;Leitzinssätze, Ungarn;Prozent;Weder saisonal noch um Arbeitstage bereinigt;Österreich;Insgesamt;Standard, in Einheiten;6,00;AB003C006
Monat;2011;1;1;02;;Leitzinssätze, Polen;Prozent;Weder saisonal noch um Arbeitstage bereinigt;Österreich;Insgesamt;Standard, in Einheiten;3,75;AB003C007
Monat;2011;1;1;02;;Leitzinssätze, Rumänien;Prozent;Weder saisonal noch um Arbeitstage bereinigt;Österreich;Insgesamt;Standard, in Einheiten;6,25;AB003C008
Monat;2011;1;1;02;;Leitzinssätze, Schweden;Prozent;Weder saisonal noch um Arbeitstage bereinigt;Österreich;Insgesamt;Standard, in Einheiten;1,25;AB003C010
Monat;2011;1;1;02;;Leitzinssätze, Vereinigtes Königreich;Prozent;Weder saisonal noch um Arbeitstage bereinigt;Österreich;Insgesamt;Standard, in Einheiten;0,50;AB003C011
Monat;2011;1;1;02;;Leitzinssätze, Norwegen;Prozent;Weder saisonal noch um Arbeitstage bereinigt;Österreich;Insgesamt;Standard, in Einheiten;2,00;AB003C012
Monat;2011;1;1;02;;Leitzinssätze, Schweiz ;Prozent;Weder saisonal noch um Arbeitstage bereinigt;Österreich;Insgesamt;Standard, in Einheiten;0,38;AB003C013
Monat;2011;1;1;02;;Leitzinssätze, USA;Prozent;Weder saisonal noch um Arbeitstage bereinigt;Österreich;Insgesamt;Standard, in Einheiten;0,25;AB003C014
Monat;2011;1;1;02;;Leitzinssätze, Japan;Prozent;Weder saisonal noch um Arbeitstage bereinigt;Österreich;Insgesamt;Standard, in Einheiten;0,10;AB003C015
Monat;2011;1;1;03;;Leitzinssätze, Euroraum-wechselnde Zusammensetzung;Prozent;Weder saisonal noch um Arbeitstage bereinigt;Österreich;Insgesamt;Standard, in Einheiten;1,00;AB003C000
Monat;2011;1;1;03;;Leitzinssätze, Tschechische Republik;Prozent;Weder saisonal noch um Arbeitstage bereinigt;Österreich;Insgesamt;Standard, in Einheiten;0,75;AB003C002
Monat;2011;1;1;03;;Leitzinssätze, Dänemark;Prozent;Weder saisonal noch um Arbeitstage bereinigt;Österreich;Insgesamt;Standard, in Einheiten;1,05;AB003C003
Monat;2011;1;1;03;;Leitzinssätze, Ungarn;Prozent;Weder saisonal noch um Arbeitstage bereinigt;Österreich;Insgesamt;Standard, in Einheiten;6,00;AB003C006
Monat;2011;1;1;03;;Leitzinssätze, Polen;Prozent;Weder saisonal noch um Arbeitstage bereinigt;Österreich;Insgesamt;Standard, in Einheiten;3,75;AB003C007
Monat;2011;1;1;03;;Leitzinssätze, Rumänien;Prozent;Weder saisonal noch um Arbeitstage bereinigt;Österreich;Insgesamt;Standard, in Einheiten;6,25;AB003C008
Monat;2011;1;1;03;;Leitzinssätze, Schweden;Prozent;Weder saisonal noch um Arbeitstage bereinigt;Österreich;Insgesamt;Standard, in Einheiten;1,50;AB003C010
Monat;2011;1;1;03;;Leitzinssätze, Vereinigtes Königreich;Prozent;Weder saisonal noch um Arbeitstage bereinigt;Österreich;Insgesamt;Standard, in Einheiten;0,50;AB003C011
Monat;2011;1;1;03;;Leitzinssätze, Norwegen;Prozent;Weder saisonal noch um Arbeitstage bereinigt;Österreich;Insgesamt;Standard, in Einheiten;2,00;AB003C012
Monat;2011;1;1;03;;Leitzinssätze, Schweiz ;Prozent;Weder saisonal noch um Arbeitstage bereinigt;Österreich;Insgesamt;Standard, in Einheiten;0,38;AB003C013
Monat;2011;1;1;03;;Leitzinssätze, USA;Prozent;Weder saisonal noch um Arbeitstage bereinigt;Österreich;Insgesamt;Standard, in Einheiten;0,25;AB003C014
Monat;2011;1;1;03;;Leitzinssätze, Japan;Prozent;Weder saisonal noch um Arbeitstage bereinigt;Österreich;Insgesamt;Standard, in Einheiten;0,10;AB003C015
Monat;2011;1;2;04;;Leitzinssätze, Euroraum-wechselnde Zusammensetzung;Prozent;Weder saisonal noch um Arbeitstage bereinigt;Österreich;Insgesamt;Standard, in Einheiten;1,00;AB003C000
Monat;2011;1;2;04;;Leitzinssätze, Tschechische Republik;Prozent;Weder saisonal noch um Arbeitstage bereinigt;Österreich;Insgesamt;Standard, in Einheiten;0,75;AB003C002
Monat;2011;1;2;04;;Leitzinssätze, Dänemark;Prozent;Weder saisonal noch um Arbeitstage bereinigt;Österreich;Insgesamt;Standard, in Einheiten;1,30;AB003C003
Monat;2011;1;2;04;;Leitzinssätze, Ungarn;Prozent;Weder saisonal noch um Arbeitstage bereinigt;Österreich;Insgesamt;Standard, in Einheiten;6,00;AB003C006
Monat;2011;1;2;04;;Leitzinssätze, Polen;Prozent;Weder saisonal noch um Arbeitstage bereinigt;Österreich;Insgesamt;Standard, in Einheiten;4,00;AB003C007
Monat;2011;1;2;04;;Leitzinssätze, Rumänien;Prozent;Weder saisonal noch um Arbeitstage bereinigt;Österreich;Insgesamt;Standard, in Einheiten;6,25;AB003C008
Monat;2011;1;2;04;;Leitzinssätze, Schweden;Prozent;Weder saisonal noch um Arbeitstage bereinigt;Österreich;Insgesamt;Standard, in Einheiten;1,50;AB003C010
Monat;2011;1;2;04;;Leitzinssätze, Vereinigtes Königreich;Prozent;Weder saisonal noch um Arbeitstage bereinigt;Österreich;Insgesamt;Standard, in Einheiten;0,50;AB003C011
Monat;2011;1;2;04;;Leitzinssätze, Norwegen;Prozent;Weder saisonal noch um Arbeitstage bereinigt;Österreich;Insgesamt;Standard, in Einheiten;2,00;AB003C012
Monat;2011;1;2;04;;Leitzinssätze, Schweiz ;Prozent;Weder saisonal noch um Arbeitstage bereinigt;Österreich;Insgesamt;Standard, in Einheiten;0,38;AB003C013
Monat;2011;1;2;04;;Leitzinssätze, USA;Prozent;Weder saisonal noch um Arbeitstage bereinigt;Österreich;Insgesamt;Standard, in Einheiten;0,25;AB003C014
Monat;2011;1;2;04;;Leitzinssätze, Japan;Prozent;Weder saisonal noch um Arbeitstage bereinigt;Österreich;Insgesamt;Standard, in Einheiten;0,10;AB003C015
Monat;2011;1;2;05;;Leitzinssätze, Euroraum-wechselnde Zusammensetzung;Prozent;Weder saisonal noch um Arbeitstage bereinigt;Österreich;Insgesamt;Standard, in Einheiten;1,25;AB003C000
Monat;2011;1;2;05;;Leitzinssätze, Tschechische Republik;Prozent;Weder saisonal noch um Arbeitstage bereinigt;Österreich;Insgesamt;Standard, in Einheiten;0,75;AB003C002
Monat;2011;1;2;05;;Leitzinssätze, Dänemark;Prozent;Weder saisonal noch um Arbeitstage bereinigt;Österreich;Insgesamt;Standard, in Einheiten;1,30;AB003C003
Monat;2011;1;2;05;;Leitzinssätze, Ungarn;Prozent;Weder saisonal noch um Arbeitstage bereinigt;Österreich;Insgesamt;Standard, in Einheiten;6,00;AB003C006
Monat;2011;1;2;05;;Leitzinssätze, Polen;Prozent;Weder saisonal noch um Arbeitstage bereinigt;Österreich;Insgesamt;Standard, in Einheiten;4,25;AB003C007
Monat;2011;1;2;05;;Leitzinssätze, Rumänien;Prozent;Weder saisonal noch um Arbeitstage bereinigt;Österreich;Insgesamt;Standard, in Einheiten;6,25;AB003C008
Monat;2011;1;2;05;;Leitzinssätze, Schweden;Prozent;Weder saisonal noch um Arbeitstage bereinigt;Österreich;Insgesamt;Standard, in Einheiten;1,75;AB003C010
Monat;2011;1;2;05;;Leitzinssätze, Vereinigtes Königreich;Prozent;Weder saisonal noch um Arbeitstage bereinigt;Österreich;Insgesamt;Standard, in Einheiten;0,50;AB003C011
Monat;2011;1;2;05;;Leitzinssätze, Norwegen;Prozent;Weder saisonal noch um Arbeitstage bereinigt;Österreich;Insgesamt;Standard, in Einheiten;2,14;AB003C012
Monat;2011;1;2;05;;Leitzinssätze, Schweiz ;Prozent;Weder saisonal noch um Arbeitstage bereinigt;Österreich;Insgesamt;Standard, in Einheiten;0,38;AB003C013
Monat;2011;1;2;05;;Leitzinssätze, USA;Prozent;Weder saisonal noch um Arbeitstage bereinigt;Österreich;Insgesamt;Standard, in Einheiten;0,25;AB003C014
Monat;2011;1;2;05;;Leitzinssätze, Japan;Prozent;Weder saisonal noch um Arbeitstage bereinigt;Österreich;Insgesamt;Standard, in Einheiten;0,10;AB003C015
Monat;2011;1;2;06;;Leitzinssätze, Euroraum-wechselnde Zusammensetzung;Prozent;Weder saisonal noch um Arbeitstage bereinigt;Österreich;Insgesamt;Standard, in Einheiten;1,25;AB003C000
Monat;2011;1;2;06;;Leitzinssätze, Tschechische Republik;Prozent;Weder saisonal noch um Arbeitstage bereinigt;Österreich;Insgesamt;Standard, in Einheiten;0,75;AB003C002
Monat;2011;1;2;06;;Leitzinssätze, Dänemark;Prozent;Weder saisonal noch um Arbeitstage bereinigt;Österreich;Insgesamt;Standard, in Einheiten;1,30;AB003C003
Monat;2011;1;2;06;;Leitzinssätze, Ungarn;Prozent;Weder saisonal noch um Arbeitstage bereinigt;Österreich;Insgesamt;Standard, in Einheiten;6,00;AB003C006
Monat;2011;1;2;06;;Leitzinssätze, Polen;Prozent;Weder saisonal noch um Arbeitstage bereinigt;Österreich;Insgesamt;Standard, in Einheiten;4,50;AB003C007
Monat;2011;1;2;06;;Leitzinssätze, Rumänien;Prozent;Weder saisonal noch um Arbeitstage bereinigt;Österreich;Insgesamt;Standard, in Einheiten;6,25;AB003C008
Monat;2011;1;2;06;;Leitzinssätze, Schweden;Prozent;Weder saisonal noch um Arbeitstage bereinigt;Österreich;Insgesamt;Standard, in Einheiten;1,75;AB003C010
Monat;2011;1;2;06;;Leitzinssätze, Vereinigtes Königreich;Prozent;Weder saisonal noch um Arbeitstage bereinigt;Österreich;Insgesamt;Standard, in Einheiten;0,50;AB003C011
Monat;2011;1;2;06;;Leitzinssätze, Norwegen;Prozent;Weder saisonal noch um Arbeitstage bereinigt;Österreich;Insgesamt;Standard, in Einheiten;2,25;AB003C012
Monat;2011;1;2;06;;Leitzinssätze, Schweiz ;Prozent;Weder saisonal noch um Arbeitstage bereinigt;Österreich;Insgesamt;Standard, in Einheiten;0,38;AB003C013
Monat;2011;1;2;06;;Leitzinssätze, USA;Prozent;Weder saisonal noch um Arbeitstage bereinigt;Österreich;Insgesamt;Standard, in Einheiten;0,25;AB003C014
Monat;2011;1;2;06;;Leitzinssätze, Japan;Prozent;Weder saisonal noch um Arbeitstage bereinigt;Österreich;Insgesamt;Standard, in Einheiten;0,10;AB003C015
Monat;2011;2;3;07;;Leitzinssätze, Euroraum-wechselnde Zusammensetzung;Prozent;Weder saisonal noch um Arbeitstage bereinigt;Österreich;Insgesamt;Standard, in Einheiten;1,25;AB003C000
Monat;2011;2;3;07;;Leitzinssätze, Tschechische Republik;Prozent;Weder saisonal noch um Arbeitstage bereinigt;Österreich;Insgesamt;Standard, in Einheiten;0,75;AB003C002
Monat;2011;2;3;07;;Leitzinssätze, Dänemark;Prozent;Weder saisonal noch um Arbeitstage bereinigt;Österreich;Insgesamt;Standard, in Einheiten;1,55;AB003C003
Monat;2011;2;3;07;;Leitzinssätze, Ungarn;Prozent;Weder saisonal noch um Arbeitstage bereinigt;Österreich;Insgesamt;Standard, in Einheiten;6,00;AB003C006
Monat;2011;2;3;07;;Leitzinssätze, Polen;Prozent;Weder saisonal noch um Arbeitstage bereinigt;Österreich;Insgesamt;Standard, in Einheiten;4,50;AB003C007
Monat;2011;2;3;07;;Leitzinssätze, Rumänien;Prozent;Weder saisonal noch um Arbeitstage bereinigt;Österreich;Insgesamt;Standard, in Einheiten;6,25;AB003C008
Monat;2011;2;3;07;;Leitzinssätze, Schweden;Prozent;Weder saisonal noch um Arbeitstage bereinigt;Österreich;Insgesamt;Standard, in Einheiten;1,75;AB003C010
Monat;2011;2;3;07;;Leitzinssätze, Vereinigtes Königreich;Prozent;Weder saisonal noch um Arbeitstage bereinigt;Österreich;Insgesamt;Standard, in Einheiten;0,50;AB003C011
Monat;2011;2;3;07;;Leitzinssätze, Norwegen;Prozent;Weder saisonal noch um Arbeitstage bereinigt;Österreich;Insgesamt;Standard, in Einheiten;2,25;AB003C012
Monat;2011;2;3;07;;Leitzinssätze, Schweiz ;Prozent;Weder saisonal noch um Arbeitstage bereinigt;Österreich;Insgesamt;Standard, in Einheiten;0,38;AB003C013
Monat;2011;2;3;07;;Leitzinssätze, USA;Prozent;Weder saisonal noch um Arbeitstage bereinigt;Österreich;Insgesamt;Standard, in Einheiten;0,25;AB003C014
Monat;2011;2;3;07;;Leitzinssätze, Japan;Prozent;Weder saisonal noch um Arbeitstage bereinigt;Österreich;Insgesamt;Standard, in Einheiten;0,10;AB003C015
Monat;2011;2;3;08;;Leitzinssätze, Euroraum-wechselnde Zusammensetzung;Prozent;Weder saisonal noch um Arbeitstage bereinigt;Österreich;Insgesamt;Standard, in Einheiten;1,50;AB003C000
Monat;2011;2;3;08;;Leitzinssätze, Tschechische Republik;Prozent;Weder saisonal noch um Arbeitstage bereinigt;Österreich;Insgesamt;Standard, in Einheiten;0,75;AB003C002
Monat;2011;2;3;08;;Leitzinssätze, Dänemark;Prozent;Weder saisonal noch um Arbeitstage bereinigt;Österreich;Insgesamt;Standard, in Einheiten;1,55;AB003C003
Monat;2011;2;3;08;;Leitzinssätze, Ungarn;Prozent;Weder saisonal noch um Arbeitstage bereinigt;Österreich;Insgesamt;Standard, in Einheiten;6,00;AB003C006
Monat;2011;2;3;08;;Leitzinssätze, Polen;Prozent;Weder saisonal noch um Arbeitstage bereinigt;Österreich;Insgesamt;Standard, in Einheiten;4,50;AB003C007
Monat;2011;2;3;08;;Leitzinssätze, Rumänien;Prozent;Weder saisonal noch um Arbeitstage bereinigt;Österreich;Insgesamt;Standard, in Einheiten;6,25;AB003C008
Monat;2011;2;3;08;;Leitzinssätze, Schweden;Prozent;Weder saisonal noch um Arbeitstage bereinigt;Österreich;Insgesamt;Standard, in Einheiten;2,00;AB003C010
Monat;2011;2;3;08;;Leitzinssätze, Vereinigtes Königreich;Prozent;Weder saisonal noch um Arbeitstage bereinigt;Österreich;Insgesamt;Standard, in Einheiten;0,50;AB003C011
Monat;2011;2;3;08;;Leitzinssätze, Norwegen;Prozent;Weder saisonal noch um Arbeitstage bereinigt;Österreich;Insgesamt;Standard, in Einheiten;2,25;AB003C012
Monat;2011;2;3;08;;Leitzinssätze, Schweiz ;Prozent;Weder saisonal noch um Arbeitstage bereinigt;Österreich;Insgesamt;Standard, in Einheiten;0,13;AB003C013
Monat;2011;2;3;08;;Leitzinssätze, USA;Prozent;Weder saisonal noch um Arbeitstage bereinigt;Österreich;Insgesamt;Standard, in Einheiten;0,25;AB003C014
Monat;2011;2;3;08;;Leitzinssätze, Japan;Prozent;Weder saisonal noch um Arbeitstage bereinigt;Österreich;Insgesamt;Standard, in Einheiten;0,10;AB003C015
Monat;2011;2;3;09;;Leitzinssätze, Euroraum-wechselnde Zusammensetzung;Prozent;Weder saisonal noch um Arbeitstage bereinigt;Österreich;Insgesamt;Standard, in Einheiten;1,50;AB003C000
Monat;2011;2;3;09;;Leitzinssätze, Tschechische Republik;Prozent;Weder saisonal noch um Arbeitstage bereinigt;Österreich;Insgesamt;Standard, in Einheiten;0,75;AB003C002
Monat;2011;2;3;09;;Leitzinssätze, Dänemark;Prozent;Weder saisonal noch um Arbeitstage bereinigt;Österreich;Insgesamt;Standard, in Einheiten;1,55;AB003C003
Monat;2011;2;3;09;;Leitzinssätze, Ungarn;Prozent;Weder saisonal noch um Arbeitstage bereinigt;Österreich;Insgesamt;Standard, in Einheiten;6,00;AB003C006
Monat;2011;2;3;09;;Leitzinssätze, Polen;Prozent;Weder saisonal noch um Arbeitstage bereinigt;Österreich;Insgesamt;Standard, in Einheiten;4,50;AB003C007
Monat;2011;2;3;09;;Leitzinssätze, Rumänien;Prozent;Weder saisonal noch um Arbeitstage bereinigt;Österreich;Insgesamt;Standard, in Einheiten;6,25;AB003C008
Monat;2011;2;3;09;;Leitzinssätze, Schweden;Prozent;Weder saisonal noch um Arbeitstage bereinigt;Österreich;Insgesamt;Standard, in Einheiten;2,00;AB003C010
Monat;2011;2;3;09;;Leitzinssätze, Vereinigtes Königreich;Prozent;Weder saisonal noch um Arbeitstage bereinigt;Österreich;Insgesamt;Standard, in Einheiten;0,50;AB003C011
Monat;2011;2;3;09;;Leitzinssätze, Norwegen;Prozent;Weder saisonal noch um Arbeitstage bereinigt;Österreich;Insgesamt;Standard, in Einheiten;2,25;AB003C012
Monat;2011;2;3;09;;Leitzinssätze, Schweiz ;Prozent;Weder saisonal noch um Arbeitstage bereinigt;Österreich;Insgesamt;Standard, in Einheiten;0,13;AB003C013
Monat;2011;2;3;09;;Leitzinssätze, USA;Prozent;Weder saisonal noch um Arbeitstage bereinigt;Österreich;Insgesamt;Standard, in Einheiten;0,25;AB003C014
Monat;2011;2;3;09;;Leitzinssätze, Japan;Prozent;Weder saisonal noch um Arbeitstage bereinigt;Österreich;Insgesamt;Standard, in Einheiten;0,10;AB003C015
Monat;2011;2;4;10;;Leitzinssätze, Euroraum-wechselnde Zusammensetzung;Prozent;Weder saisonal noch um Arbeitstage bereinigt;Österreich;Insgesamt;Standard, in Einheiten;1,50;AB003C000
Monat;2011;2;4;10;;Leitzinssätze, Tschechische Republik;Prozent;Weder saisonal noch um Arbeitstage bereinigt;Österreich;Insgesamt;Standard, in Einheiten;0,75;AB003C002
Monat;2011;2;4;10;;Leitzinssätze, Dänemark;Prozent;Weder saisonal noch um Arbeitstage bereinigt;Österreich;Insgesamt;Standard, in Einheiten;1,55;AB003C003
Monat;2011;2;4;10;;Leitzinssätze, Ungarn;Prozent;Weder saisonal noch um Arbeitstage bereinigt;Österreich;Insgesamt;Standard, in Einheiten;6,00;AB003C006
Monat;2011;2;4;10;;Leitzinssätze, Polen;Prozent;Weder saisonal noch um Arbeitstage bereinigt;Österreich;Insgesamt;Standard, in Einheiten;4,50;AB003C007
Monat;2011;2;4;10;;Leitzinssätze, Rumänien;Prozent;Weder saisonal noch um Arbeitstage bereinigt;Österreich;Insgesamt;Standard, in Einheiten;6,25;AB003C008
Monat;2011;2;4;10;;Leitzinssätze, Schweden;Prozent;Weder saisonal noch um Arbeitstage bereinigt;Österreich;Insgesamt;Standard, in Einheiten;2,00;AB003C010
Monat;2011;2;4;10;;Leitzinssätze, Vereinigtes Königreich;Prozent;Weder saisonal noch um Arbeitstage bereinigt;Österreich;Insgesamt;Standard, in Einheiten;0,50;AB003C011
Monat;2011;2;4;10;;Leitzinssätze, Norwegen;Prozent;Weder saisonal noch um Arbeitstage bereinigt;Österreich;Insgesamt;Standard, in Einheiten;2,25;AB003C012
Monat;2011;2;4;10;;Leitzinssätze, Schweiz ;Prozent;Weder saisonal noch um Arbeitstage bereinigt;Österreich;Insgesamt;Standard, in Einheiten;0,13;AB003C013
Monat;2011;2;4;10;;Leitzinssätze, USA;Prozent;Weder saisonal noch um Arbeitstage bereinigt;Österreich;Insgesamt;Standard, in Einheiten;0,25;AB003C014
Monat;2011;2;4;10;;Leitzinssätze, Japan;Prozent;Weder saisonal noch um Arbeitstage bereinigt;Österreich;Insgesamt;Standard, in Einheiten;0,10;AB003C015
Monat;2011;2;4;11;;Leitzinssätze, Euroraum-wechselnde Zusammensetzung;Prozent;Weder saisonal noch um Arbeitstage bereinigt;Österreich;Insgesamt;Standard, in Einheiten;1,50;AB003C000
Monat;2011;2;4;11;;Leitzinssätze, Tschechische Republik;Prozent;Weder saisonal noch um Arbeitstage bereinigt;Österreich;Insgesamt;Standard, in Einheiten;0,75;AB003C002
Monat;2011;2;4;11;;Leitzinssätze, Dänemark;Prozent;Weder saisonal noch um Arbeitstage bereinigt;Österreich;Insgesamt;Standard, in Einheiten;1,20;AB003C003
Monat;2011;2;4;11;;Leitzinssätze, Ungarn;Prozent;Weder saisonal noch um Arbeitstage bereinigt;Österreich;Insgesamt;Standard, in Einheiten;6,50;AB003C006
Monat;2011;2;4;11;;Leitzinssätze, Polen;Prozent;Weder saisonal noch um Arbeitstage bereinigt;Österreich;Insgesamt;Standard, in Einheiten;4,50;AB003C007
Monat;2011;2;4;11;;Leitzinssätze, Rumänien;Prozent;Weder saisonal noch um Arbeitstage bereinigt;Österreich;Insgesamt;Standard, in Einheiten;6,00;AB003C008
Monat;2011;2;4;11;;Leitzinssätze, Schweden;Prozent;Weder saisonal noch um Arbeitstage bereinigt;Österreich;Insgesamt;Standard, in Einheiten;2,00;AB003C010
Monat;2011;2;4;11;;Leitzinssätze, Vereinigtes Königreich;Prozent;Weder saisonal noch um Arbeitstage bereinigt;Österreich;Insgesamt;Standard, in Einheiten;0,50;AB003C011
Monat;2011;2;4;11;;Leitzinssätze, Norwegen;Prozent;Weder saisonal noch um Arbeitstage bereinigt;Österreich;Insgesamt;Standard, in Einheiten;2,25;AB003C012
Monat;2011;2;4;11;;Leitzinssätze, Schweiz ;Prozent;Weder saisonal noch um Arbeitstage bereinigt;Österreich;Insgesamt;Standard, in Einheiten;0,13;AB003C013
Monat;2011;2;4;11;;Leitzinssätze, USA;Prozent;Weder saisonal noch um Arbeitstage bereinigt;Österreich;Insgesamt;Standard, in Einheiten;0,25;AB003C014
Monat;2011;2;4;11;;Leitzinssätze, Japan;Prozent;Weder saisonal noch um Arbeitstage bereinigt;Österreich;Insgesamt;Standard, in Einheiten;0,10;AB003C015
Monat;2011;2;4;12;;Leitzinssätze, Euroraum-wechselnde Zusammensetzung;Prozent;Weder saisonal noch um Arbeitstage bereinigt;Österreich;Insgesamt;Standard, in Einheiten;1,25;AB003C000
Monat;2011;2;4;12;;Leitzinssätze, Tschechische Republik;Prozent;Weder saisonal noch um Arbeitstage bereinigt;Österreich;Insgesamt;Standard, in Einheiten;0,75;AB003C002
Monat;2011;2;4;12;;Leitzinssätze, Dänemark;Prozent;Weder saisonal noch um Arbeitstage bereinigt;Österreich;Insgesamt;Standard, in Einheiten;0,70;AB003C003
Monat;2011;2;4;12;;Leitzinssätze, Ungarn;Prozent;Weder saisonal noch um Arbeitstage bereinigt;Österreich;Insgesamt;Standard, in Einheiten;7,00;AB003C006
Monat;2011;2;4;12;;Leitzinssätze, Polen;Prozent;Weder saisonal noch um Arbeitstage bereinigt;Österreich;Insgesamt;Standard, in Einheiten;4,50;AB003C007
Monat;2011;2;4;12;;Leitzinssätze, Rumänien;Prozent;Weder saisonal noch um Arbeitstage bereinigt;Österreich;Insgesamt;Standard, in Einheiten;6,00;AB003C008
Monat;2011;2;4;12;;Leitzinssätze, Schweden;Prozent;Weder saisonal noch um Arbeitstage bereinigt;Österreich;Insgesamt;Standard, in Einheiten;2,00;AB003C010
Monat;2011;2;4;12;;Leitzinssätze, Vereinigtes Königreich;Prozent;Weder saisonal noch um Arbeitstage bereinigt;Österreich;Insgesamt;Standard, in Einheiten;0,50;AB003C011
Monat;2011;2;4;12;;Leitzinssätze, Norwegen;Prozent;Weder saisonal noch um Arbeitstage bereinigt;Österreich;Insgesamt;Standard, in Einheiten;1,99;AB003C012
Monat;2011;2;4;12;;Leitzinssätze, Schweiz ;Prozent;Weder saisonal noch um Arbeitstage bereinigt;Österreich;Insgesamt;Standard, in Einheiten;0,13;AB003C013
Monat;2011;2;4;12;;Leitzinssätze, USA;Prozent;Weder saisonal noch um Arbeitstage bereinigt;Österreich;Insgesamt;Standard, in Einheiten;0,25;AB003C014
Monat;2011;2;4;12;;Leitzinssätze, Japan;Prozent;Weder saisonal noch um Arbeitstage bereinigt;Österreich;Insgesamt;Standard, in Einheiten;0,10;AB003C015
Monat;2012;1;1;01;;Leitzinssätze, Euroraum-wechselnde Zusammensetzung;Prozent;Weder saisonal noch um Arbeitstage bereinigt;Österreich;Insgesamt;Standard, in Einheiten;1,00;AB003C000
Monat;2012;1;1;01;;Leitzinssätze, Tschechische Republik;Prozent;Weder saisonal noch um Arbeitstage bereinigt;Österreich;Insgesamt;Standard, in Einheiten;0,75;AB003C002
Monat;2012;1;1;01;;Leitzinssätze, Dänemark;Prozent;Weder saisonal noch um Arbeitstage bereinigt;Österreich;Insgesamt;Standard, in Einheiten;0,70;AB003C003
Monat;2012;1;1;01;;Leitzinssätze, Ungarn;Prozent;Weder saisonal noch um Arbeitstage bereinigt;Österreich;Insgesamt;Standard, in Einheiten;7,00;AB003C006
Monat;2012;1;1;01;;Leitzinssätze, Polen;Prozent;Weder saisonal noch um Arbeitstage bereinigt;Österreich;Insgesamt;Standard, in Einheiten;4,50;AB003C007
Monat;2012;1;1;01;;Leitzinssätze, Rumänien;Prozent;Weder saisonal noch um Arbeitstage bereinigt;Österreich;Insgesamt;Standard, in Einheiten;5,75;AB003C008
Monat;2012;1;1;01;;Leitzinssätze, Schweden;Prozent;Weder saisonal noch um Arbeitstage bereinigt;Österreich;Insgesamt;Standard, in Einheiten;1,75;AB003C010
Monat;2012;1;1;01;;Leitzinssätze, Vereinigtes Königreich;Prozent;Weder saisonal noch um Arbeitstage bereinigt;Österreich;Insgesamt;Standard, in Einheiten;0,50;AB003C011
Monat;2012;1;1;01;;Leitzinssätze, Norwegen;Prozent;Weder saisonal noch um Arbeitstage bereinigt;Österreich;Insgesamt;Standard, in Einheiten;1,75;AB003C012
Monat;2012;1;1;01;;Leitzinssätze, Schweiz ;Prozent;Weder saisonal noch um Arbeitstage bereinigt;Österreich;Insgesamt;Standard, in Einheiten;0,13;AB003C013
Monat;2012;1;1;01;;Leitzinssätze, USA;Prozent;Weder saisonal noch um Arbeitstage bereinigt;Österreich;Insgesamt;Standard, in Einheiten;0,25;AB003C014
Monat;2012;1;1;01;;Leitzinssätze, Japan;Prozent;Weder saisonal noch um Arbeitstage bereinigt;Österreich;Insgesamt;Standard, in Einheiten;0,10;AB003C015
Monat;2012;1;1;02;;Leitzinssätze, Euroraum-wechselnde Zusammensetzung;Prozent;Weder saisonal noch um Arbeitstage bereinigt;Österreich;Insgesamt;Standard, in Einheiten;1,00;AB003C000
Monat;2012;1;1;02;;Leitzinssätze, Tschechische Republik;Prozent;Weder saisonal noch um Arbeitstage bereinigt;Österreich;Insgesamt;Standard, in Einheiten;0,75;AB003C002
Monat;2012;1;1;02;;Leitzinssätze, Dänemark;Prozent;Weder saisonal noch um Arbeitstage bereinigt;Österreich;Insgesamt;Standard, in Einheiten;0,70;AB003C003
Monat;2012;1;1;02;;Leitzinssätze, Ungarn;Prozent;Weder saisonal noch um Arbeitstage bereinigt;Österreich;Insgesamt;Standard, in Einheiten;7,00;AB003C006
Monat;2012;1;1;02;;Leitzinssätze, Polen;Prozent;Weder saisonal noch um Arbeitstage bereinigt;Österreich;Insgesamt;Standard, in Einheiten;4,50;AB003C007
Monat;2012;1;1;02;;Leitzinssätze, Rumänien;Prozent;Weder saisonal noch um Arbeitstage bereinigt;Österreich;Insgesamt;Standard, in Einheiten;5,50;AB003C008
Monat;2012;1;1;02;;Leitzinssätze, Schweden;Prozent;Weder saisonal noch um Arbeitstage bereinigt;Österreich;Insgesamt;Standard, in Einheiten;1,50;AB003C010
Monat;2012;1;1;02;;Leitzinssätze, Vereinigtes Königreich;Prozent;Weder saisonal noch um Arbeitstage bereinigt;Österreich;Insgesamt;Standard, in Einheiten;0,50;AB003C011
Monat;2012;1;1;02;;Leitzinssätze, Norwegen;Prozent;Weder saisonal noch um Arbeitstage bereinigt;Österreich;Insgesamt;Standard, in Einheiten;1,75;AB003C012
Monat;2012;1;1;02;;Leitzinssätze, Schweiz ;Prozent;Weder saisonal noch um Arbeitstage bereinigt;Österreich;Insgesamt;Standard, in Einheiten;0,13;AB003C013
Monat;2012;1;1;02;;Leitzinssätze, USA;Prozent;Weder saisonal noch um Arbeitstage bereinigt;Österreich;Insgesamt;Standard, in Einheiten;0,25;AB003C014
Monat;2012;1;1;02;;Leitzinssätze, Japan;Prozent;Weder saisonal noch um Arbeitstage bereinigt;Österreich;Insgesamt;Standard, in Einheiten;0,10;AB003C015
Monat;2012;1;1;03;;Leitzinssätze, Euroraum-wechselnde Zusammensetzung;Prozent;Weder saisonal noch um Arbeitstage bereinigt;Österreich;Insgesamt;Standard, in Einheiten;1,00;AB003C000
Monat;2012;1;1;03;;Leitzinssätze, Tschechische Republik;Prozent;Weder saisonal noch um Arbeitstage bereinigt;Österreich;Insgesamt;Standard, in Einheiten;0,75;AB003C002
Monat;2012;1;1;03;;Leitzinssätze, Dänemark;Prozent;Weder saisonal noch um Arbeitstage bereinigt;Österreich;Insgesamt;Standard, in Einheiten;0,70;AB003C003
Monat;2012;1;1;03;;Leitzinssätze, Ungarn;Prozent;Weder saisonal noch um Arbeitstage bereinigt;Österreich;Insgesamt;Standard, in Einheiten;7,00;AB003C006
Monat;2012;1;1;03;;Leitzinssätze, Polen;Prozent;Weder saisonal noch um Arbeitstage bereinigt;Österreich;Insgesamt;Standard, in Einheiten;4,50;AB003C007
Monat;2012;1;1;03;;Leitzinssätze, Rumänien;Prozent;Weder saisonal noch um Arbeitstage bereinigt;Österreich;Insgesamt;Standard, in Einheiten;5,25;AB003C008
Monat;2012;1;1;03;;Leitzinssätze, Schweden;Prozent;Weder saisonal noch um Arbeitstage bereinigt;Österreich;Insgesamt;Standard, in Einheiten;1,50;AB003C010
Monat;2012;1;1;03;;Leitzinssätze, Vereinigtes Königreich;Prozent;Weder saisonal noch um Arbeitstage bereinigt;Österreich;Insgesamt;Standard, in Einheiten;0,50;AB003C011
Monat;2012;1;1;03;;Leitzinssätze, Norwegen;Prozent;Weder saisonal noch um Arbeitstage bereinigt;Österreich;Insgesamt;Standard, in Einheiten;1,50;AB003C012
Monat;2012;1;1;03;;Leitzinssätze, Schweiz ;Prozent;Weder saisonal noch um Arbeitstage bereinigt;Österreich;Insgesamt;Standard, in Einheiten;0,13;AB003C013
Monat;2012;1;1;03;;Leitzinssätze, USA;Prozent;Weder saisonal noch um Arbeitstage bereinigt;Österreich;Insgesamt;Standard, in Einheiten;0,25;AB003C014
Monat;2012;1;1;03;;Leitzinssätze, Japan;Prozent;Weder saisonal noch um Arbeitstage bereinigt;Österreich;Insgesamt;Standard, in Einheiten;0,10;AB003C015
Monat;2012;1;2;04;;Leitzinssätze, Euroraum-wechselnde Zusammensetzung;Prozent;Weder saisonal noch um Arbeitstage bereinigt;Österreich;Insgesamt;Standard, in Einheiten;1,00;AB003C000
Monat;2012;1;2;04;;Leitzinssätze, Tschechische Republik;Prozent;Weder saisonal noch um Arbeitstage bereinigt;Österreich;Insgesamt;Standard, in Einheiten;0,75;AB003C002
Monat;2012;1;2;04;;Leitzinssätze, Dänemark;Prozent;Weder saisonal noch um Arbeitstage bereinigt;Österreich;Insgesamt;Standard, in Einheiten;0,70;AB003C003
Monat;2012;1;2;04;;Leitzinssätze, Ungarn;Prozent;Weder saisonal noch um Arbeitstage bereinigt;Österreich;Insgesamt;Standard, in Einheiten;7,00;AB003C006
Monat;2012;1;2;04;;Leitzinssätze, Polen;Prozent;Weder saisonal noch um Arbeitstage bereinigt;Österreich;Insgesamt;Standard, in Einheiten;4,50;AB003C007
Monat;2012;1;2;04;;Leitzinssätze, Rumänien;Prozent;Weder saisonal noch um Arbeitstage bereinigt;Österreich;Insgesamt;Standard, in Einheiten;5,25;AB003C008
Monat;2012;1;2;04;;Leitzinssätze, Schweden;Prozent;Weder saisonal noch um Arbeitstage bereinigt;Österreich;Insgesamt;Standard, in Einheiten;1,50;AB003C010
Monat;2012;1;2;04;;Leitzinssätze, Vereinigtes Königreich;Prozent;Weder saisonal noch um Arbeitstage bereinigt;Österreich;Insgesamt;Standard, in Einheiten;0,50;AB003C011
Monat;2012;1;2;04;;Leitzinssätze, Norwegen;Prozent;Weder saisonal noch um Arbeitstage bereinigt;Österreich;Insgesamt;Standard, in Einheiten;1,50;AB003C012
Monat;2012;1;2;04;;Leitzinssätze, Schweiz ;Prozent;Weder saisonal noch um Arbeitstage bereinigt;Österreich;Insgesamt;Standard, in Einheiten;0,13;AB003C013
Monat;2012;1;2;04;;Leitzinssätze, USA;Prozent;Weder saisonal noch um Arbeitstage bereinigt;Österreich;Insgesamt;Standard, in Einheiten;0,25;AB003C014
Monat;2012;1;2;04;;Leitzinssätze, Japan;Prozent;Weder saisonal noch um Arbeitstage bereinigt;Österreich;Insgesamt;Standard, in Einheiten;0,10;AB003C015
Monat;2012;1;2;05;;Leitzinssätze, Euroraum-wechselnde Zusammensetzung;Prozent;Weder saisonal noch um Arbeitstage bereinigt;Österreich;Insgesamt;Standard, in Einheiten;1,00;AB003C000
Monat;2012;1;2;05;;Leitzinssätze, Tschechische Republik;Prozent;Weder saisonal noch um Arbeitstage bereinigt;Österreich;Insgesamt;Standard, in Einheiten;0,75;AB003C002
Monat;2012;1;2;05;;Leitzinssätze, Dänemark;Prozent;Weder saisonal noch um Arbeitstage bereinigt;Österreich;Insgesamt;Standard, in Einheiten;0,60;AB003C003
Monat;2012;1;2;05;;Leitzinssätze, Ungarn;Prozent;Weder saisonal noch um Arbeitstage bereinigt;Österreich;Insgesamt;Standard, in Einheiten;7,00;AB003C006
Monat;2012;1;2;05;;Leitzinssätze, Polen;Prozent;Weder saisonal noch um Arbeitstage bereinigt;Österreich;Insgesamt;Standard, in Einheiten;4,75;AB003C007
Monat;2012;1;2;05;;Leitzinssätze, Rumänien;Prozent;Weder saisonal noch um Arbeitstage bereinigt;Österreich;Insgesamt;Standard, in Einheiten;5,25;AB003C008
Monat;2012;1;2;05;;Leitzinssätze, Schweden;Prozent;Weder saisonal noch um Arbeitstage bereinigt;Österreich;Insgesamt;Standard, in Einheiten;1,50;AB003C010
Monat;2012;1;2;05;;Leitzinssätze, Vereinigtes Königreich;Prozent;Weder saisonal noch um Arbeitstage bereinigt;Österreich;Insgesamt;Standard, in Einheiten;0,50;AB003C011
Monat;2012;1;2;05;;Leitzinssätze, Norwegen;Prozent;Weder saisonal noch um Arbeitstage bereinigt;Österreich;Insgesamt;Standard, in Einheiten;1,50;AB003C012
Monat;2012;1;2;05;;Leitzinssätze, Schweiz ;Prozent;Weder saisonal noch um Arbeitstage bereinigt;Österreich;Insgesamt;Standard, in Einheiten;0,13;AB003C013
Monat;2012;1;2;05;;Leitzinssätze, USA;Prozent;Weder saisonal noch um Arbeitstage bereinigt;Österreich;Insgesamt;Standard, in Einheiten;0,25;AB003C014
Monat;2012;1;2;05;;Leitzinssätze, Japan;Prozent;Weder saisonal noch um Arbeitstage bereinigt;Österreich;Insgesamt;Standard, in Einheiten;0,10;AB003C015
Monat;2012;1;2;06;;Leitzinssätze, Euroraum-wechselnde Zusammensetzung;Prozent;Weder saisonal noch um Arbeitstage bereinigt;Österreich;Insgesamt;Standard, in Einheiten;1,00;AB003C000
Monat;2012;1;2;06;;Leitzinssätze, Tschechische Republik;Prozent;Weder saisonal noch um Arbeitstage bereinigt;Österreich;Insgesamt;Standard, in Einheiten;0,50;AB003C002
Monat;2012;1;2;06;;Leitzinssätze, Dänemark;Prozent;Weder saisonal noch um Arbeitstage bereinigt;Österreich;Insgesamt;Standard, in Einheiten;0,45;AB003C003
Monat;2012;1;2;06;;Leitzinssätze, Ungarn;Prozent;Weder saisonal noch um Arbeitstage bereinigt;Österreich;Insgesamt;Standard, in Einheiten;7,00;AB003C006
Monat;2012;1;2;06;;Leitzinssätze, Polen;Prozent;Weder saisonal noch um Arbeitstage bereinigt;Österreich;Insgesamt;Standard, in Einheiten;4,75;AB003C007
Monat;2012;1;2;06;;Leitzinssätze, Rumänien;Prozent;Weder saisonal noch um Arbeitstage bereinigt;Österreich;Insgesamt;Standard, in Einheiten;5,25;AB003C008
Monat;2012;1;2;06;;Leitzinssätze, Schweden;Prozent;Weder saisonal noch um Arbeitstage bereinigt;Österreich;Insgesamt;Standard, in Einheiten;1,50;AB003C010
Monat;2012;1;2;06;;Leitzinssätze, Vereinigtes Königreich;Prozent;Weder saisonal noch um Arbeitstage bereinigt;Österreich;Insgesamt;Standard, in Einheiten;0,50;AB003C011
Monat;2012;1;2;06;;Leitzinssätze, Norwegen;Prozent;Weder saisonal noch um Arbeitstage bereinigt;Österreich;Insgesamt;Standard, in Einheiten;1,50;AB003C012
Monat;2012;1;2;06;;Leitzinssätze, Schweiz ;Prozent;Weder saisonal noch um Arbeitstage bereinigt;Österreich;Insgesamt;Standard, in Einheiten;0,13;AB003C013
Monat;2012;1;2;06;;Leitzinssätze, USA;Prozent;Weder saisonal noch um Arbeitstage bereinigt;Österreich;Insgesamt;Standard, in Einheiten;0,25;AB003C014
Monat;2012;1;2;06;;Leitzinssätze, Japan;Prozent;Weder saisonal noch um Arbeitstage bereinigt;Österreich;Insgesamt;Standard, in Einheiten;0,10;AB003C015
Monat;2012;2;3;07;;Leitzinssätze, Euroraum-wechselnde Zusammensetzung;Prozent;Weder saisonal noch um Arbeitstage bereinigt;Österreich;Insgesamt;Standard, in Einheiten;0,75;AB003C000
Monat;2012;2;3;07;;Leitzinssätze, Tschechische Republik;Prozent;Weder saisonal noch um Arbeitstage bereinigt;Österreich;Insgesamt;Standard, in Einheiten;0,50;AB003C002
Monat;2012;2;3;07;;Leitzinssätze, Dänemark;Prozent;Weder saisonal noch um Arbeitstage bereinigt;Österreich;Insgesamt;Standard, in Einheiten;0,20;AB003C003
Monat;2012;2;3;07;;Leitzinssätze, Ungarn;Prozent;Weder saisonal noch um Arbeitstage bereinigt;Österreich;Insgesamt;Standard, in Einheiten;7,00;AB003C006
Monat;2012;2;3;07;;Leitzinssätze, Polen;Prozent;Weder saisonal noch um Arbeitstage bereinigt;Österreich;Insgesamt;Standard, in Einheiten;4,75;AB003C007
Monat;2012;2;3;07;;Leitzinssätze, Rumänien;Prozent;Weder saisonal noch um Arbeitstage bereinigt;Österreich;Insgesamt;Standard, in Einheiten;5,25;AB003C008
Monat;2012;2;3;07;;Leitzinssätze, Schweden;Prozent;Weder saisonal noch um Arbeitstage bereinigt;Österreich;Insgesamt;Standard, in Einheiten;1,50;AB003C010
Monat;2012;2;3;07;;Leitzinssätze, Vereinigtes Königreich;Prozent;Weder saisonal noch um Arbeitstage bereinigt;Österreich;Insgesamt;Standard, in Einheiten;0,50;AB003C011
Monat;2012;2;3;07;;Leitzinssätze, Norwegen;Prozent;Weder saisonal noch um Arbeitstage bereinigt;Österreich;Insgesamt;Standard, in Einheiten;1,50;AB003C012
Monat;2012;2;3;07;;Leitzinssätze, Schweiz ;Prozent;Weder saisonal noch um Arbeitstage bereinigt;Österreich;Insgesamt;Standard, in Einheiten;0,13;AB003C013
Monat;2012;2;3;07;;Leitzinssätze, USA;Prozent;Weder saisonal noch um Arbeitstage bereinigt;Österreich;Insgesamt;Standard, in Einheiten;0,25;AB003C014
Monat;2012;2;3;07;;Leitzinssätze, Japan;Prozent;Weder saisonal noch um Arbeitstage bereinigt;Österreich;Insgesamt;Standard, in Einheiten;0,10;AB003C015
Monat;2012;2;3;08;;Leitzinssätze, Euroraum-wechselnde Zusammensetzung;Prozent;Weder saisonal noch um Arbeitstage bereinigt;Österreich;Insgesamt;Standard, in Einheiten;0,75;AB003C000
Monat;2012;2;3;08;;Leitzinssätze, Tschechische Republik;Prozent;Weder saisonal noch um Arbeitstage bereinigt;Österreich;Insgesamt;Standard, in Einheiten;0,50;AB003C002
Monat;2012;2;3;08;;Leitzinssätze, Dänemark;Prozent;Weder saisonal noch um Arbeitstage bereinigt;Österreich;Insgesamt;Standard, in Einheiten;0,20;AB003C003
Monat;2012;2;3;08;;Leitzinssätze, Ungarn;Prozent;Weder saisonal noch um Arbeitstage bereinigt;Österreich;Insgesamt;Standard, in Einheiten;6,75;AB003C006
Monat;2012;2;3;08;;Leitzinssätze, Polen;Prozent;Weder saisonal noch um Arbeitstage bereinigt;Österreich;Insgesamt;Standard, in Einheiten;4,75;AB003C007
Monat;2012;2;3;08;;Leitzinssätze, Rumänien;Prozent;Weder saisonal noch um Arbeitstage bereinigt;Österreich;Insgesamt;Standard, in Einheiten;5,25;AB003C008
Monat;2012;2;3;08;;Leitzinssätze, Schweden;Prozent;Weder saisonal noch um Arbeitstage bereinigt;Österreich;Insgesamt;Standard, in Einheiten;1,50;AB003C010
Monat;2012;2;3;08;;Leitzinssätze, Vereinigtes Königreich;Prozent;Weder saisonal noch um Arbeitstage bereinigt;Österreich;Insgesamt;Standard, in Einheiten;0,50;AB003C011
Monat;2012;2;3;08;;Leitzinssätze, Norwegen;Prozent;Weder saisonal noch um Arbeitstage bereinigt;Österreich;Insgesamt;Standard, in Einheiten;1,50;AB003C012
Monat;2012;2;3;08;;Leitzinssätze, Schweiz ;Prozent;Weder saisonal noch um Arbeitstage bereinigt;Österreich;Insgesamt;Standard, in Einheiten;0,13;AB003C013
Monat;2012;2;3;08;;Leitzinssätze, USA;Prozent;Weder saisonal noch um Arbeitstage bereinigt;Österreich;Insgesamt;Standard, in Einheiten;0,25;AB003C014
Monat;2012;2;3;08;;Leitzinssätze, Japan;Prozent;Weder saisonal noch um Arbeitstage bereinigt;Österreich;Insgesamt;Standard, in Einheiten;0,10;AB003C015
Monat;2012;2;3;09;;Leitzinssätze, Euroraum-wechselnde Zusammensetzung;Prozent;Weder saisonal noch um Arbeitstage bereinigt;Österreich;Insgesamt;Standard, in Einheiten;0,75;AB003C000
Monat;2012;2;3;09;;Leitzinssätze, Tschechische Republik;Prozent;Weder saisonal noch um Arbeitstage bereinigt;Österreich;Insgesamt;Standard, in Einheiten;0,25;AB003C002
Monat;2012;2;3;09;;Leitzinssätze, Dänemark;Prozent;Weder saisonal noch um Arbeitstage bereinigt;Österreich;Insgesamt;Standard, in Einheiten;0,20;AB003C003
Monat;2012;2;3;09;;Leitzinssätze, Ungarn;Prozent;Weder saisonal noch um Arbeitstage bereinigt;Österreich;Insgesamt;Standard, in Einheiten;6,50;AB003C006
Monat;2012;2;3;09;;Leitzinssätze, Polen;Prozent;Weder saisonal noch um Arbeitstage bereinigt;Österreich;Insgesamt;Standard, in Einheiten;4,75;AB003C007
Monat;2012;2;3;09;;Leitzinssätze, Rumänien;Prozent;Weder saisonal noch um Arbeitstage bereinigt;Österreich;Insgesamt;Standard, in Einheiten;5,25;AB003C008
Monat;2012;2;3;09;;Leitzinssätze, Schweden;Prozent;Weder saisonal noch um Arbeitstage bereinigt;Österreich;Insgesamt;Standard, in Einheiten;1,25;AB003C010
Monat;2012;2;3;09;;Leitzinssätze, Vereinigtes Königreich;Prozent;Weder saisonal noch um Arbeitstage bereinigt;Österreich;Insgesamt;Standard, in Einheiten;0,50;AB003C011
Monat;2012;2;3;09;;Leitzinssätze, Norwegen;Prozent;Weder saisonal noch um Arbeitstage bereinigt;Österreich;Insgesamt;Standard, in Einheiten;1,50;AB003C012
Monat;2012;2;3;09;;Leitzinssätze, Schweiz ;Prozent;Weder saisonal noch um Arbeitstage bereinigt;Österreich;Insgesamt;Standard, in Einheiten;0,13;AB003C013
Monat;2012;2;3;09;;Leitzinssätze, USA;Prozent;Weder saisonal noch um Arbeitstage bereinigt;Österreich;Insgesamt;Standard, in Einheiten;0,25;AB003C014
Monat;2012;2;3;09;;Leitzinssätze, Japan;Prozent;Weder saisonal noch um Arbeitstage bereinigt;Österreich;Insgesamt;Standard, in Einheiten;0,10;AB003C015
Monat;2012;2;4;10;;Leitzinssätze, Euroraum-wechselnde Zusammensetzung;Prozent;Weder saisonal noch um Arbeitstage bereinigt;Österreich;Insgesamt;Standard, in Einheiten;0,75;AB003C000
Monat;2012;2;4;10;;Leitzinssätze, Tschechische Republik;Prozent;Weder saisonal noch um Arbeitstage bereinigt;Österreich;Insgesamt;Standard, in Einheiten;0,25;AB003C002
Monat;2012;2;4;10;;Leitzinssätze, Dänemark;Prozent;Weder saisonal noch um Arbeitstage bereinigt;Österreich;Insgesamt;Standard, in Einheiten;0,20;AB003C003
Monat;2012;2;4;10;;Leitzinssätze, Ungarn;Prozent;Weder saisonal noch um Arbeitstage bereinigt;Österreich;Insgesamt;Standard, in Einheiten;6,25;AB003C006
Monat;2012;2;4;10;;Leitzinssätze, Polen;Prozent;Weder saisonal noch um Arbeitstage bereinigt;Österreich;Insgesamt;Standard, in Einheiten;4,75;AB003C007
Monat;2012;2;4;10;;Leitzinssätze, Rumänien;Prozent;Weder saisonal noch um Arbeitstage bereinigt;Österreich;Insgesamt;Standard, in Einheiten;5,25;AB003C008
Monat;2012;2;4;10;;Leitzinssätze, Schweden;Prozent;Weder saisonal noch um Arbeitstage bereinigt;Österreich;Insgesamt;Standard, in Einheiten;1,25;AB003C010
Monat;2012;2;4;10;;Leitzinssätze, Vereinigtes Königreich;Prozent;Weder saisonal noch um Arbeitstage bereinigt;Österreich;Insgesamt;Standard, in Einheiten;0,50;AB003C011
Monat;2012;2;4;10;;Leitzinssätze, Norwegen;Prozent;Weder saisonal noch um Arbeitstage bereinigt;Österreich;Insgesamt;Standard, in Einheiten;1,50;AB003C012
Monat;2012;2;4;10;;Leitzinssätze, Schweiz ;Prozent;Weder saisonal noch um Arbeitstage bereinigt;Österreich;Insgesamt;Standard, in Einheiten;0,13;AB003C013
Monat;2012;2;4;10;;Leitzinssätze, USA;Prozent;Weder saisonal noch um Arbeitstage bereinigt;Österreich;Insgesamt;Standard, in Einheiten;0,25;AB003C014
Monat;2012;2;4;10;;Leitzinssätze, Japan;Prozent;Weder saisonal noch um Arbeitstage bereinigt;Österreich;Insgesamt;Standard, in Einheiten;0,10;AB003C015
Monat;2012;2;4;11;;Leitzinssätze, Euroraum-wechselnde Zusammensetzung;Prozent;Weder saisonal noch um Arbeitstage bereinigt;Österreich;Insgesamt;Standard, in Einheiten;0,75;AB003C000
Monat;2012;2;4;11;;Leitzinssätze, Tschechische Republik;Prozent;Weder saisonal noch um Arbeitstage bereinigt;Österreich;Insgesamt;Standard, in Einheiten;0,05;AB003C002
Monat;2012;2;4;11;;Leitzinssätze, Dänemark;Prozent;Weder saisonal noch um Arbeitstage bereinigt;Österreich;Insgesamt;Standard, in Einheiten;0,20;AB003C003
Monat;2012;2;4;11;;Leitzinssätze, Ungarn;Prozent;Weder saisonal noch um Arbeitstage bereinigt;Österreich;Insgesamt;Standard, in Einheiten;6,00;AB003C006
Monat;2012;2;4;11;;Leitzinssätze, Polen;Prozent;Weder saisonal noch um Arbeitstage bereinigt;Österreich;Insgesamt;Standard, in Einheiten;4,50;AB003C007
Monat;2012;2;4;11;;Leitzinssätze, Rumänien;Prozent;Weder saisonal noch um Arbeitstage bereinigt;Österreich;Insgesamt;Standard, in Einheiten;5,25;AB003C008
Monat;2012;2;4;11;;Leitzinssätze, Schweden;Prozent;Weder saisonal noch um Arbeitstage bereinigt;Österreich;Insgesamt;Standard, in Einheiten;1,25;AB003C010
Monat;2012;2;4;11;;Leitzinssätze, Vereinigtes Königreich;Prozent;Weder saisonal noch um Arbeitstage bereinigt;Österreich;Insgesamt;Standard, in Einheiten;0,50;AB003C011
Monat;2012;2;4;11;;Leitzinssätze, Norwegen;Prozent;Weder saisonal noch um Arbeitstage bereinigt;Österreich;Insgesamt;Standard, in Einheiten;1,50;AB003C012
Monat;2012;2;4;11;;Leitzinssätze, Schweiz ;Prozent;Weder saisonal noch um Arbeitstage bereinigt;Österreich;Insgesamt;Standard, in Einheiten;0,13;AB003C013
Monat;2012;2;4;11;;Leitzinssätze, USA;Prozent;Weder saisonal noch um Arbeitstage bereinigt;Österreich;Insgesamt;Standard, in Einheiten;0,25;AB003C014
Monat;2012;2;4;11;;Leitzinssätze, Japan;Prozent;Weder saisonal noch um Arbeitstage bereinigt;Österreich;Insgesamt;Standard, in Einheiten;0,10;AB003C015
Monat;2012;2;4;12;;Leitzinssätze, Euroraum-wechselnde Zusammensetzung;Prozent;Weder saisonal noch um Arbeitstage bereinigt;Österreich;Insgesamt;Standard, in Einheiten;0,75;AB003C000
Monat;2012;2;4;12;;Leitzinssätze, Tschechische Republik;Prozent;Weder saisonal noch um Arbeitstage bereinigt;Österreich;Insgesamt;Standard, in Einheiten;0,05;AB003C002
Monat;2012;2;4;12;;Leitzinssätze, Dänemark;Prozent;Weder saisonal noch um Arbeitstage bereinigt;Österreich;Insgesamt;Standard, in Einheiten;0,20;AB003C003
Monat;2012;2;4;12;;Leitzinssätze, Ungarn;Prozent;Weder saisonal noch um Arbeitstage bereinigt;Österreich;Insgesamt;Standard, in Einheiten;5,75;AB003C006
Monat;2012;2;4;12;;Leitzinssätze, Polen;Prozent;Weder saisonal noch um Arbeitstage bereinigt;Österreich;Insgesamt;Standard, in Einheiten;4,25;AB003C007
Monat;2012;2;4;12;;Leitzinssätze, Rumänien;Prozent;Weder saisonal noch um Arbeitstage bereinigt;Österreich;Insgesamt;Standard, in Einheiten;5,25;AB003C008
Monat;2012;2;4;12;;Leitzinssätze, Schweden;Prozent;Weder saisonal noch um Arbeitstage bereinigt;Österreich;Insgesamt;Standard, in Einheiten;1,00;AB003C010
Monat;2012;2;4;12;;Leitzinssätze, Vereinigtes Königreich;Prozent;Weder saisonal noch um Arbeitstage bereinigt;Österreich;Insgesamt;Standard, in Einheiten;0,50;AB003C011
Monat;2012;2;4;12;;Leitzinssätze, Norwegen;Prozent;Weder saisonal noch um Arbeitstage bereinigt;Österreich;Insgesamt;Standard, in Einheiten;1,50;AB003C012
Monat;2012;2;4;12;;Leitzinssätze, Schweiz ;Prozent;Weder saisonal noch um Arbeitstage bereinigt;Österreich;Insgesamt;Standard, in Einheiten;0,13;AB003C013
Monat;2012;2;4;12;;Leitzinssätze, USA;Prozent;Weder saisonal noch um Arbeitstage bereinigt;Österreich;Insgesamt;Standard, in Einheiten;0,25;AB003C014
Monat;2012;2;4;12;;Leitzinssätze, Japan;Prozent;Weder saisonal noch um Arbeitstage bereinigt;Österreich;Insgesamt;Standard, in Einheiten;0,10;AB003C015
Monat;2013;1;1;01;;Leitzinssätze, Euroraum-wechselnde Zusammensetzung;Prozent;Weder saisonal noch um Arbeitstage bereinigt;Österreich;Insgesamt;Standard, in Einheiten;0,75;AB003C000
Monat;2013;1;1;01;;Leitzinssätze, Tschechische Republik;Prozent;Weder saisonal noch um Arbeitstage bereinigt;Österreich;Insgesamt;Standard, in Einheiten;0,05;AB003C002
Monat;2013;1;1;01;;Leitzinssätze, Dänemark;Prozent;Weder saisonal noch um Arbeitstage bereinigt;Österreich;Insgesamt;Standard, in Einheiten;0,30;AB003C003
Monat;2013;1;1;01;;Leitzinssätze, Ungarn;Prozent;Weder saisonal noch um Arbeitstage bereinigt;Österreich;Insgesamt;Standard, in Einheiten;5,50;AB003C006
Monat;2013;1;1;01;;Leitzinssätze, Polen;Prozent;Weder saisonal noch um Arbeitstage bereinigt;Österreich;Insgesamt;Standard, in Einheiten;4,00;AB003C007
Monat;2013;1;1;01;;Leitzinssätze, Rumänien;Prozent;Weder saisonal noch um Arbeitstage bereinigt;Österreich;Insgesamt;Standard, in Einheiten;5,25;AB003C008
Monat;2013;1;1;01;;Leitzinssätze, Schweden;Prozent;Weder saisonal noch um Arbeitstage bereinigt;Österreich;Insgesamt;Standard, in Einheiten;1,00;AB003C010
Monat;2013;1;1;01;;Leitzinssätze, Vereinigtes Königreich;Prozent;Weder saisonal noch um Arbeitstage bereinigt;Österreich;Insgesamt;Standard, in Einheiten;0,50;AB003C011
Monat;2013;1;1;01;;Leitzinssätze, Norwegen;Prozent;Weder saisonal noch um Arbeitstage bereinigt;Österreich;Insgesamt;Standard, in Einheiten;1,50;AB003C012
Monat;2013;1;1;01;;Leitzinssätze, Schweiz ;Prozent;Weder saisonal noch um Arbeitstage bereinigt;Österreich;Insgesamt;Standard, in Einheiten;0,13;AB003C013
Monat;2013;1;1;01;;Leitzinssätze, USA;Prozent;Weder saisonal noch um Arbeitstage bereinigt;Österreich;Insgesamt;Standard, in Einheiten;0,25;AB003C014
Monat;2013;1;1;01;;Leitzinssätze, Japan;Prozent;Weder saisonal noch um Arbeitstage bereinigt;Österreich;Insgesamt;Standard, in Einheiten;0,10;AB003C015
Monat;2013;1;1;02;;Leitzinssätze, Euroraum-wechselnde Zusammensetzung;Prozent;Weder saisonal noch um Arbeitstage bereinigt;Österreich;Insgesamt;Standard, in Einheiten;0,75;AB003C000
Monat;2013;1;1;02;;Leitzinssätze, Tschechische Republik;Prozent;Weder saisonal noch um Arbeitstage bereinigt;Österreich;Insgesamt;Standard, in Einheiten;0,05;AB003C002
Monat;2013;1;1;02;;Leitzinssätze, Dänemark;Prozent;Weder saisonal noch um Arbeitstage bereinigt;Österreich;Insgesamt;Standard, in Einheiten;0,30;AB003C003
Monat;2013;1;1;02;;Leitzinssätze, Ungarn;Prozent;Weder saisonal noch um Arbeitstage bereinigt;Österreich;Insgesamt;Standard, in Einheiten;5,25;AB003C006
Monat;2013;1;1;02;;Leitzinssätze, Polen;Prozent;Weder saisonal noch um Arbeitstage bereinigt;Österreich;Insgesamt;Standard, in Einheiten;3,75;AB003C007
Monat;2013;1;1;02;;Leitzinssätze, Rumänien;Prozent;Weder saisonal noch um Arbeitstage bereinigt;Österreich;Insgesamt;Standard, in Einheiten;5,25;AB003C008
Monat;2013;1;1;02;;Leitzinssätze, Schweden;Prozent;Weder saisonal noch um Arbeitstage bereinigt;Österreich;Insgesamt;Standard, in Einheiten;1,00;AB003C010
Monat;2013;1;1;02;;Leitzinssätze, Vereinigtes Königreich;Prozent;Weder saisonal noch um Arbeitstage bereinigt;Österreich;Insgesamt;Standard, in Einheiten;0,50;AB003C011
Monat;2013;1;1;02;;Leitzinssätze, Norwegen;Prozent;Weder saisonal noch um Arbeitstage bereinigt;Österreich;Insgesamt;Standard, in Einheiten;1,50;AB003C012
Monat;2013;1;1;02;;Leitzinssätze, Schweiz ;Prozent;Weder saisonal noch um Arbeitstage bereinigt;Österreich;Insgesamt;Standard, in Einheiten;0,13;AB003C013
Monat;2013;1;1;02;;Leitzinssätze, USA;Prozent;Weder saisonal noch um Arbeitstage bereinigt;Österreich;Insgesamt;Standard, in Einheiten;0,25;AB003C014
Monat;2013;1;1;02;;Leitzinssätze, Japan;Prozent;Weder saisonal noch um Arbeitstage bereinigt;Österreich;Insgesamt;Standard, in Einheiten;0,10;AB003C015
Monat;2013;1;1;03;;Leitzinssätze, Euroraum-wechselnde Zusammensetzung;Prozent;Weder saisonal noch um Arbeitstage bereinigt;Österreich;Insgesamt;Standard, in Einheiten;0,75;AB003C000
Monat;2013;1;1;03;;Leitzinssätze, Tschechische Republik;Prozent;Weder saisonal noch um Arbeitstage bereinigt;Österreich;Insgesamt;Standard, in Einheiten;0,05;AB003C002
Monat;2013;1;1;03;;Leitzinssätze, Dänemark;Prozent;Weder saisonal noch um Arbeitstage bereinigt;Österreich;Insgesamt;Standard, in Einheiten;0,30;AB003C003
Monat;2013;1;1;03;;Leitzinssätze, Ungarn;Prozent;Weder saisonal noch um Arbeitstage bereinigt;Österreich;Insgesamt;Standard, in Einheiten;5,00;AB003C006
Monat;2013;1;1;03;;Leitzinssätze, Polen;Prozent;Weder saisonal noch um Arbeitstage bereinigt;Österreich;Insgesamt;Standard, in Einheiten;3,25;AB003C007
Monat;2013;1;1;03;;Leitzinssätze, Rumänien;Prozent;Weder saisonal noch um Arbeitstage bereinigt;Österreich;Insgesamt;Standard, in Einheiten;5,25;AB003C008
Monat;2013;1;1;03;;Leitzinssätze, Schweden;Prozent;Weder saisonal noch um Arbeitstage bereinigt;Österreich;Insgesamt;Standard, in Einheiten;1,00;AB003C010
Monat;2013;1;1;03;;Leitzinssätze, Vereinigtes Königreich;Prozent;Weder saisonal noch um Arbeitstage bereinigt;Österreich;Insgesamt;Standard, in Einheiten;0,50;AB003C011
Monat;2013;1;1;03;;Leitzinssätze, Norwegen;Prozent;Weder saisonal noch um Arbeitstage bereinigt;Österreich;Insgesamt;Standard, in Einheiten;1,50;AB003C012
Monat;2013;1;1;03;;Leitzinssätze, Schweiz ;Prozent;Weder saisonal noch um Arbeitstage bereinigt;Österreich;Insgesamt;Standard, in Einheiten;0,13;AB003C013
Monat;2013;1;1;03;;Leitzinssätze, USA;Prozent;Weder saisonal noch um Arbeitstage bereinigt;Österreich;Insgesamt;Standard, in Einheiten;0,25;AB003C014
Monat;2013;1;1;03;;Leitzinssätze, Japan;Prozent;Weder saisonal noch um Arbeitstage bereinigt;Österreich;Insgesamt;Standard, in Einheiten;0,10;AB003C015
Monat;2013;1;2;04;;Leitzinssätze, Euroraum-wechselnde Zusammensetzung;Prozent;Weder saisonal noch um Arbeitstage bereinigt;Österreich;Insgesamt;Standard, in Einheiten;0,75;AB003C000
Monat;2013;1;2;04;;Leitzinssätze, Tschechische Republik;Prozent;Weder saisonal noch um Arbeitstage bereinigt;Österreich;Insgesamt;Standard, in Einheiten;0,05;AB003C002
Monat;2013;1;2;04;;Leitzinssätze, Dänemark;Prozent;Weder saisonal noch um Arbeitstage bereinigt;Österreich;Insgesamt;Standard, in Einheiten;0,30;AB003C003
Monat;2013;1;2;04;;Leitzinssätze, Ungarn;Prozent;Weder saisonal noch um Arbeitstage bereinigt;Österreich;Insgesamt;Standard, in Einheiten;4,75;AB003C006
Monat;2013;1;2;04;;Leitzinssätze, Polen;Prozent;Weder saisonal noch um Arbeitstage bereinigt;Österreich;Insgesamt;Standard, in Einheiten;3,25;AB003C007
Monat;2013;1;2;04;;Leitzinssätze, Rumänien;Prozent;Weder saisonal noch um Arbeitstage bereinigt;Österreich;Insgesamt;Standard, in Einheiten;5,25;AB003C008
Monat;2013;1;2;04;;Leitzinssätze, Schweden;Prozent;Weder saisonal noch um Arbeitstage bereinigt;Österreich;Insgesamt;Standard, in Einheiten;1,00;AB003C010
Monat;2013;1;2;04;;Leitzinssätze, Vereinigtes Königreich;Prozent;Weder saisonal noch um Arbeitstage bereinigt;Österreich;Insgesamt;Standard, in Einheiten;0,50;AB003C011
Monat;2013;1;2;04;;Leitzinssätze, Norwegen;Prozent;Weder saisonal noch um Arbeitstage bereinigt;Österreich;Insgesamt;Standard, in Einheiten;1,50;AB003C012
Monat;2013;1;2;04;;Leitzinssätze, Schweiz ;Prozent;Weder saisonal noch um Arbeitstage bereinigt;Österreich;Insgesamt;Standard, in Einheiten;0,13;AB003C013
Monat;2013;1;2;04;;Leitzinssätze, USA;Prozent;Weder saisonal noch um Arbeitstage bereinigt;Österreich;Insgesamt;Standard, in Einheiten;0,25;AB003C014
Monat;2013;1;2;04;;Leitzinssätze, Japan;Prozent;Weder saisonal noch um Arbeitstage bereinigt;Österreich;Insgesamt;Standard, in Einheiten;0,10;AB003C015
Monat;2013;1;2;05;;Leitzinssätze, Euroraum-wechselnde Zusammensetzung;Prozent;Weder saisonal noch um Arbeitstage bereinigt;Österreich;Insgesamt;Standard, in Einheiten;0,50;AB003C000
Monat;2013;1;2;05;;Leitzinssätze, Tschechische Republik;Prozent;Weder saisonal noch um Arbeitstage bereinigt;Österreich;Insgesamt;Standard, in Einheiten;0,05;AB003C002
Monat;2013;1;2;05;;Leitzinssätze, Dänemark;Prozent;Weder saisonal noch um Arbeitstage bereinigt;Österreich;Insgesamt;Standard, in Einheiten;0,20;AB003C003
Monat;2013;1;2;05;;Leitzinssätze, Ungarn;Prozent;Weder saisonal noch um Arbeitstage bereinigt;Österreich;Insgesamt;Standard, in Einheiten;4,50;AB003C006
Monat;2013;1;2;05;;Leitzinssätze, Polen;Prozent;Weder saisonal noch um Arbeitstage bereinigt;Österreich;Insgesamt;Standard, in Einheiten;3,00;AB003C007
Monat;2013;1;2;05;;Leitzinssätze, Rumänien;Prozent;Weder saisonal noch um Arbeitstage bereinigt;Österreich;Insgesamt;Standard, in Einheiten;5,25;AB003C008
Monat;2013;1;2;05;;Leitzinssätze, Schweden;Prozent;Weder saisonal noch um Arbeitstage bereinigt;Österreich;Insgesamt;Standard, in Einheiten;1,00;AB003C010
Monat;2013;1;2;05;;Leitzinssätze, Vereinigtes Königreich;Prozent;Weder saisonal noch um Arbeitstage bereinigt;Österreich;Insgesamt;Standard, in Einheiten;0,50;AB003C011
Monat;2013;1;2;05;;Leitzinssätze, Norwegen;Prozent;Weder saisonal noch um Arbeitstage bereinigt;Österreich;Insgesamt;Standard, in Einheiten;1,50;AB003C012
Monat;2013;1;2;05;;Leitzinssätze, Schweiz ;Prozent;Weder saisonal noch um Arbeitstage bereinigt;Österreich;Insgesamt;Standard, in Einheiten;0,13;AB003C013
Monat;2013;1;2;05;;Leitzinssätze, USA;Prozent;Weder saisonal noch um Arbeitstage bereinigt;Österreich;Insgesamt;Standard, in Einheiten;0,25;AB003C014
Monat;2013;1;2;05;;Leitzinssätze, Japan;Prozent;Weder saisonal noch um Arbeitstage bereinigt;Österreich;Insgesamt;Standard, in Einheiten;0,10;AB003C015
Monat;2013;1;2;06;;Leitzinssätze, Euroraum-wechselnde Zusammensetzung;Prozent;Weder saisonal noch um Arbeitstage bereinigt;Österreich;Insgesamt;Standard, in Einheiten;0,50;AB003C000
Monat;2013;1;2;06;;Leitzinssätze, Tschechische Republik;Prozent;Weder saisonal noch um Arbeitstage bereinigt;Österreich;Insgesamt;Standard, in Einheiten;0,05;AB003C002
Monat;2013;1;2;06;;Leitzinssätze, Dänemark;Prozent;Weder saisonal noch um Arbeitstage bereinigt;Österreich;Insgesamt;Standard, in Einheiten;0,20;AB003C003
Monat;2013;1;2;06;;Leitzinssätze, Ungarn;Prozent;Weder saisonal noch um Arbeitstage bereinigt;Österreich;Insgesamt;Standard, in Einheiten;4,25;AB003C006
Monat;2013;1;2;06;;Leitzinssätze, Polen;Prozent;Weder saisonal noch um Arbeitstage bereinigt;Österreich;Insgesamt;Standard, in Einheiten;2,75;AB003C007
Monat;2013;1;2;06;;Leitzinssätze, Rumänien;Prozent;Weder saisonal noch um Arbeitstage bereinigt;Österreich;Insgesamt;Standard, in Einheiten;5,25;AB003C008
Monat;2013;1;2;06;;Leitzinssätze, Schweden;Prozent;Weder saisonal noch um Arbeitstage bereinigt;Österreich;Insgesamt;Standard, in Einheiten;1,00;AB003C010
Monat;2013;1;2;06;;Leitzinssätze, Vereinigtes Königreich;Prozent;Weder saisonal noch um Arbeitstage bereinigt;Österreich;Insgesamt;Standard, in Einheiten;0,50;AB003C011
Monat;2013;1;2;06;;Leitzinssätze, Norwegen;Prozent;Weder saisonal noch um Arbeitstage bereinigt;Österreich;Insgesamt;Standard, in Einheiten;1,50;AB003C012
Monat;2013;1;2;06;;Leitzinssätze, Schweiz ;Prozent;Weder saisonal noch um Arbeitstage bereinigt;Österreich;Insgesamt;Standard, in Einheiten;0,13;AB003C013
Monat;2013;1;2;06;;Leitzinssätze, USA;Prozent;Weder saisonal noch um Arbeitstage bereinigt;Österreich;Insgesamt;Standard, in Einheiten;0,25;AB003C014
Monat;2013;1;2;06;;Leitzinssätze, Japan;Prozent;Weder saisonal noch um Arbeitstage bereinigt;Österreich;Insgesamt;Standard, in Einheiten;0,10;AB003C015
Monat;2013;2;3;07;;Leitzinssätze, Euroraum-wechselnde Zusammensetzung;Prozent;Weder saisonal noch um Arbeitstage bereinigt;Österreich;Insgesamt;Standard, in Einheiten;0,50;AB003C000
Monat;2013;2;3;07;;Leitzinssätze, Tschechische Republik;Prozent;Weder saisonal noch um Arbeitstage bereinigt;Österreich;Insgesamt;Standard, in Einheiten;0,05;AB003C002
Monat;2013;2;3;07;;Leitzinssätze, Dänemark;Prozent;Weder saisonal noch um Arbeitstage bereinigt;Österreich;Insgesamt;Standard, in Einheiten;0,20;AB003C003
Monat;2013;2;3;07;;Leitzinssätze, Ungarn;Prozent;Weder saisonal noch um Arbeitstage bereinigt;Österreich;Insgesamt;Standard, in Einheiten;4,00;AB003C006
Monat;2013;2;3;07;;Leitzinssätze, Polen;Prozent;Weder saisonal noch um Arbeitstage bereinigt;Österreich;Insgesamt;Standard, in Einheiten;2,50;AB003C007
Monat;2013;2;3;07;;Leitzinssätze, Rumänien;Prozent;Weder saisonal noch um Arbeitstage bereinigt;Österreich;Insgesamt;Standard, in Einheiten;5,00;AB003C008
Monat;2013;2;3;07;;Leitzinssätze, Schweden;Prozent;Weder saisonal noch um Arbeitstage bereinigt;Österreich;Insgesamt;Standard, in Einheiten;1,00;AB003C010
Monat;2013;2;3;07;;Leitzinssätze, Vereinigtes Königreich;Prozent;Weder saisonal noch um Arbeitstage bereinigt;Österreich;Insgesamt;Standard, in Einheiten;0,50;AB003C011
Monat;2013;2;3;07;;Leitzinssätze, Norwegen;Prozent;Weder saisonal noch um Arbeitstage bereinigt;Österreich;Insgesamt;Standard, in Einheiten;1,50;AB003C012
Monat;2013;2;3;07;;Leitzinssätze, Schweiz ;Prozent;Weder saisonal noch um Arbeitstage bereinigt;Österreich;Insgesamt;Standard, in Einheiten;0,13;AB003C013
Monat;2013;2;3;07;;Leitzinssätze, USA;Prozent;Weder saisonal noch um Arbeitstage bereinigt;Österreich;Insgesamt;Standard, in Einheiten;0,25;AB003C014
Monat;2013;2;3;07;;Leitzinssätze, Japan;Prozent;Weder saisonal noch um Arbeitstage bereinigt;Österreich;Insgesamt;Standard, in Einheiten;0,10;AB003C015
Monat;2013;2;3;08;;Leitzinssätze, Euroraum-wechselnde Zusammensetzung;Prozent;Weder saisonal noch um Arbeitstage bereinigt;Österreich;Insgesamt;Standard, in Einheiten;0,50;AB003C000
Monat;2013;2;3;08;;Leitzinssätze, Tschechische Republik;Prozent;Weder saisonal noch um Arbeitstage bereinigt;Österreich;Insgesamt;Standard, in Einheiten;0,05;AB003C002
Monat;2013;2;3;08;;Leitzinssätze, Dänemark;Prozent;Weder saisonal noch um Arbeitstage bereinigt;Österreich;Insgesamt;Standard, in Einheiten;0,20;AB003C003
Monat;2013;2;3;08;;Leitzinssätze, Ungarn;Prozent;Weder saisonal noch um Arbeitstage bereinigt;Österreich;Insgesamt;Standard, in Einheiten;3,80;AB003C006
Monat;2013;2;3;08;;Leitzinssätze, Polen;Prozent;Weder saisonal noch um Arbeitstage bereinigt;Österreich;Insgesamt;Standard, in Einheiten;2,50;AB003C007
Monat;2013;2;3;08;;Leitzinssätze, Rumänien;Prozent;Weder saisonal noch um Arbeitstage bereinigt;Österreich;Insgesamt;Standard, in Einheiten;4,50;AB003C008
Monat;2013;2;3;08;;Leitzinssätze, Schweden;Prozent;Weder saisonal noch um Arbeitstage bereinigt;Österreich;Insgesamt;Standard, in Einheiten;1,00;AB003C010
Monat;2013;2;3;08;;Leitzinssätze, Vereinigtes Königreich;Prozent;Weder saisonal noch um Arbeitstage bereinigt;Österreich;Insgesamt;Standard, in Einheiten;0,50;AB003C011
Monat;2013;2;3;08;;Leitzinssätze, Norwegen;Prozent;Weder saisonal noch um Arbeitstage bereinigt;Österreich;Insgesamt;Standard, in Einheiten;1,50;AB003C012
Monat;2013;2;3;08;;Leitzinssätze, Schweiz ;Prozent;Weder saisonal noch um Arbeitstage bereinigt;Österreich;Insgesamt;Standard, in Einheiten;0,13;AB003C013
Monat;2013;2;3;08;;Leitzinssätze, USA;Prozent;Weder saisonal noch um Arbeitstage bereinigt;Österreich;Insgesamt;Standard, in Einheiten;0,25;AB003C014
Monat;2013;2;3;08;;Leitzinssätze, Japan;Prozent;Weder saisonal noch um Arbeitstage bereinigt;Österreich;Insgesamt;Standard, in Einheiten;0,10;AB003C015
Monat;2013;2;3;09;;Leitzinssätze, Euroraum-wechselnde Zusammensetzung;Prozent;Weder saisonal noch um Arbeitstage bereinigt;Österreich;Insgesamt;Standard, in Einheiten;0,50;AB003C000
Monat;2013;2;3;09;;Leitzinssätze, Tschechische Republik;Prozent;Weder saisonal noch um Arbeitstage bereinigt;Österreich;Insgesamt;Standard, in Einheiten;0,05;AB003C002
Monat;2013;2;3;09;;Leitzinssätze, Dänemark;Prozent;Weder saisonal noch um Arbeitstage bereinigt;Österreich;Insgesamt;Standard, in Einheiten;0,20;AB003C003
Monat;2013;2;3;09;;Leitzinssätze, Ungarn;Prozent;Weder saisonal noch um Arbeitstage bereinigt;Österreich;Insgesamt;Standard, in Einheiten;3,60;AB003C006
Monat;2013;2;3;09;;Leitzinssätze, Polen;Prozent;Weder saisonal noch um Arbeitstage bereinigt;Österreich;Insgesamt;Standard, in Einheiten;2,50;AB003C007
Monat;2013;2;3;09;;Leitzinssätze, Rumänien;Prozent;Weder saisonal noch um Arbeitstage bereinigt;Österreich;Insgesamt;Standard, in Einheiten;4,50;AB003C008
Monat;2013;2;3;09;;Leitzinssätze, Schweden;Prozent;Weder saisonal noch um Arbeitstage bereinigt;Österreich;Insgesamt;Standard, in Einheiten;1,00;AB003C010
Monat;2013;2;3;09;;Leitzinssätze, Vereinigtes Königreich;Prozent;Weder saisonal noch um Arbeitstage bereinigt;Österreich;Insgesamt;Standard, in Einheiten;0,50;AB003C011
Monat;2013;2;3;09;;Leitzinssätze, Norwegen;Prozent;Weder saisonal noch um Arbeitstage bereinigt;Österreich;Insgesamt;Standard, in Einheiten;1,50;AB003C012
Monat;2013;2;3;09;;Leitzinssätze, Schweiz ;Prozent;Weder saisonal noch um Arbeitstage bereinigt;Österreich;Insgesamt;Standard, in Einheiten;0,13;AB003C013
Monat;2013;2;3;09;;Leitzinssätze, USA;Prozent;Weder saisonal noch um Arbeitstage bereinigt;Österreich;Insgesamt;Standard, in Einheiten;0,25;AB003C014
Monat;2013;2;3;09;;Leitzinssätze, Japan;Prozent;Weder saisonal noch um Arbeitstage bereinigt;Österreich;Insgesamt;Standard, in Einheiten;0,10;AB003C015
Monat;2013;2;4;10;;Leitzinssätze, Euroraum-wechselnde Zusammensetzung;Prozent;Weder saisonal noch um Arbeitstage bereinigt;Österreich;Insgesamt;Standard, in Einheiten;0,50;AB003C000
Monat;2013;2;4;10;;Leitzinssätze, Tschechische Republik;Prozent;Weder saisonal noch um Arbeitstage bereinigt;Österreich;Insgesamt;Standard, in Einheiten;0,05;AB003C002
Monat;2013;2;4;10;;Leitzinssätze, Dänemark;Prozent;Weder saisonal noch um Arbeitstage bereinigt;Österreich;Insgesamt;Standard, in Einheiten;0,20;AB003C003
Monat;2013;2;4;10;;Leitzinssätze, Ungarn;Prozent;Weder saisonal noch um Arbeitstage bereinigt;Österreich;Insgesamt;Standard, in Einheiten;3,40;AB003C006
Monat;2013;2;4;10;;Leitzinssätze, Polen;Prozent;Weder saisonal noch um Arbeitstage bereinigt;Österreich;Insgesamt;Standard, in Einheiten;2,50;AB003C007
Monat;2013;2;4;10;;Leitzinssätze, Rumänien;Prozent;Weder saisonal noch um Arbeitstage bereinigt;Österreich;Insgesamt;Standard, in Einheiten;4,25;AB003C008
Monat;2013;2;4;10;;Leitzinssätze, Schweden;Prozent;Weder saisonal noch um Arbeitstage bereinigt;Österreich;Insgesamt;Standard, in Einheiten;1,00;AB003C010
Monat;2013;2;4;10;;Leitzinssätze, Vereinigtes Königreich;Prozent;Weder saisonal noch um Arbeitstage bereinigt;Österreich;Insgesamt;Standard, in Einheiten;0,50;AB003C011
Monat;2013;2;4;10;;Leitzinssätze, Norwegen;Prozent;Weder saisonal noch um Arbeitstage bereinigt;Österreich;Insgesamt;Standard, in Einheiten;1,50;AB003C012
Monat;2013;2;4;10;;Leitzinssätze, Schweiz ;Prozent;Weder saisonal noch um Arbeitstage bereinigt;Österreich;Insgesamt;Standard, in Einheiten;0,13;AB003C013
Monat;2013;2;4;10;;Leitzinssätze, USA;Prozent;Weder saisonal noch um Arbeitstage bereinigt;Österreich;Insgesamt;Standard, in Einheiten;0,25;AB003C014
Monat;2013;2;4;10;;Leitzinssätze, Japan;Prozent;Weder saisonal noch um Arbeitstage bereinigt;Österreich;Insgesamt;Standard, in Einheiten;0,10;AB003C015
Monat;2013;2;4;11;;Leitzinssätze, Euroraum-wechselnde Zusammensetzung;Prozent;Weder saisonal noch um Arbeitstage bereinigt;Österreich;Insgesamt;Standard, in Einheiten;0,25;AB003C000
Monat;2013;2;4;11;;Leitzinssätze, Tschechische Republik;Prozent;Weder saisonal noch um Arbeitstage bereinigt;Österreich;Insgesamt;Standard, in Einheiten;0,05;AB003C002
Monat;2013;2;4;11;;Leitzinssätze, Dänemark;Prozent;Weder saisonal noch um Arbeitstage bereinigt;Österreich;Insgesamt;Standard, in Einheiten;0,20;AB003C003
Monat;2013;2;4;11;;Leitzinssätze, Ungarn;Prozent;Weder saisonal noch um Arbeitstage bereinigt;Österreich;Insgesamt;Standard, in Einheiten;3,20;AB003C006
Monat;2013;2;4;11;;Leitzinssätze, Polen;Prozent;Weder saisonal noch um Arbeitstage bereinigt;Österreich;Insgesamt;Standard, in Einheiten;2,50;AB003C007
Monat;2013;2;4;11;;Leitzinssätze, Rumänien;Prozent;Weder saisonal noch um Arbeitstage bereinigt;Österreich;Insgesamt;Standard, in Einheiten;4,00;AB003C008
Monat;2013;2;4;11;;Leitzinssätze, Schweden;Prozent;Weder saisonal noch um Arbeitstage bereinigt;Österreich;Insgesamt;Standard, in Einheiten;1,00;AB003C010
Monat;2013;2;4;11;;Leitzinssätze, Vereinigtes Königreich;Prozent;Weder saisonal noch um Arbeitstage bereinigt;Österreich;Insgesamt;Standard, in Einheiten;0,50;AB003C011
Monat;2013;2;4;11;;Leitzinssätze, Norwegen;Prozent;Weder saisonal noch um Arbeitstage bereinigt;Österreich;Insgesamt;Standard, in Einheiten;1,50;AB003C012
Monat;2013;2;4;11;;Leitzinssätze, Schweiz ;Prozent;Weder saisonal noch um Arbeitstage bereinigt;Österreich;Insgesamt;Standard, in Einheiten;0,13;AB003C013
Monat;2013;2;4;11;;Leitzinssätze, USA;Prozent;Weder saisonal noch um Arbeitstage bereinigt;Österreich;Insgesamt;Standard, in Einheiten;0,25;AB003C014
Monat;2013;2;4;11;;Leitzinssätze, Japan;Prozent;Weder saisonal noch um Arbeitstage bereinigt;Österreich;Insgesamt;Standard, in Einheiten;0,10;AB003C015
Monat;2013;2;4;12;;Leitzinssätze, Euroraum-wechselnde Zusammensetzung;Prozent;Weder saisonal noch um Arbeitstage bereinigt;Österreich;Insgesamt;Standard, in Einheiten;0,25;AB003C000
Monat;2013;2;4;12;;Leitzinssätze, Tschechische Republik;Prozent;Weder saisonal noch um Arbeitstage bereinigt;Österreich;Insgesamt;Standard, in Einheiten;0,05;AB003C002
Monat;2013;2;4;12;;Leitzinssätze, Dänemark;Prozent;Weder saisonal noch um Arbeitstage bereinigt;Österreich;Insgesamt;Standard, in Einheiten;0,20;AB003C003
Monat;2013;2;4;12;;Leitzinssätze, Ungarn;Prozent;Weder saisonal noch um Arbeitstage bereinigt;Österreich;Insgesamt;Standard, in Einheiten;3,00;AB003C006
Monat;2013;2;4;12;;Leitzinssätze, Polen;Prozent;Weder saisonal noch um Arbeitstage bereinigt;Österreich;Insgesamt;Standard, in Einheiten;2,50;AB003C007
Monat;2013;2;4;12;;Leitzinssätze, Rumänien;Prozent;Weder saisonal noch um Arbeitstage bereinigt;Österreich;Insgesamt;Standard, in Einheiten;4,00;AB003C008
Monat;2013;2;4;12;;Leitzinssätze, Schweden;Prozent;Weder saisonal noch um Arbeitstage bereinigt;Österreich;Insgesamt;Standard, in Einheiten;0,75;AB003C010
Monat;2013;2;4;12;;Leitzinssätze, Vereinigtes Königreich;Prozent;Weder saisonal noch um Arbeitstage bereinigt;Österreich;Insgesamt;Standard, in Einheiten;0,50;AB003C011
Monat;2013;2;4;12;;Leitzinssätze, Norwegen;Prozent;Weder saisonal noch um Arbeitstage bereinigt;Österreich;Insgesamt;Standard, in Einheiten;1,50;AB003C012
Monat;2013;2;4;12;;Leitzinssätze, Schweiz ;Prozent;Weder saisonal noch um Arbeitstage bereinigt;Österreich;Insgesamt;Standard, in Einheiten;0,13;AB003C013
Monat;2013;2;4;12;;Leitzinssätze, USA;Prozent;Weder saisonal noch um Arbeitstage bereinigt;Österreich;Insgesamt;Standard, in Einheiten;0,25;AB003C014
Monat;2013;2;4;12;;Leitzinssätze, Japan;Prozent;Weder saisonal noch um Arbeitstage bereinigt;Österreich;Insgesamt;Standard, in Einheiten;0,10;AB003C015
Monat;2014;1;1;01;;Leitzinssätze, Euroraum-wechselnde Zusammensetzung;Prozent;Weder saisonal noch um Arbeitstage bereinigt;Österreich;Insgesamt;Standard, in Einheiten;0,25;AB003C000
Monat;2014;1;1;01;;Leitzinssätze, Tschechische Republik;Prozent;Weder saisonal noch um Arbeitstage bereinigt;Österreich;Insgesamt;Standard, in Einheiten;0,05;AB003C002
Monat;2014;1;1;01;;Leitzinssätze, Dänemark;Prozent;Weder saisonal noch um Arbeitstage bereinigt;Österreich;Insgesamt;Standard, in Einheiten;0,20;AB003C003
Monat;2014;1;1;01;;Leitzinssätze, Ungarn;Prozent;Weder saisonal noch um Arbeitstage bereinigt;Österreich;Insgesamt;Standard, in Einheiten;2,85;AB003C006
Monat;2014;1;1;01;;Leitzinssätze, Polen;Prozent;Weder saisonal noch um Arbeitstage bereinigt;Österreich;Insgesamt;Standard, in Einheiten;2,50;AB003C007
Monat;2014;1;1;01;;Leitzinssätze, Rumänien;Prozent;Weder saisonal noch um Arbeitstage bereinigt;Österreich;Insgesamt;Standard, in Einheiten;3,75;AB003C008
Monat;2014;1;1;01;;Leitzinssätze, Schweden;Prozent;Weder saisonal noch um Arbeitstage bereinigt;Österreich;Insgesamt;Standard, in Einheiten;0,75;AB003C010
Monat;2014;1;1;01;;Leitzinssätze, Vereinigtes Königreich;Prozent;Weder saisonal noch um Arbeitstage bereinigt;Österreich;Insgesamt;Standard, in Einheiten;0,50;AB003C011
Monat;2014;1;1;01;;Leitzinssätze, Norwegen;Prozent;Weder saisonal noch um Arbeitstage bereinigt;Österreich;Insgesamt;Standard, in Einheiten;1,50;AB003C012
Monat;2014;1;1;01;;Leitzinssätze, Schweiz ;Prozent;Weder saisonal noch um Arbeitstage bereinigt;Österreich;Insgesamt;Standard, in Einheiten;0,13;AB003C013
Monat;2014;1;1;01;;Leitzinssätze, USA;Prozent;Weder saisonal noch um Arbeitstage bereinigt;Österreich;Insgesamt;Standard, in Einheiten;0,25;AB003C014
Monat;2014;1;1;01;;Leitzinssätze, Japan;Prozent;Weder saisonal noch um Arbeitstage bereinigt;Österreich;Insgesamt;Standard, in Einheiten;0,10;AB003C015
Monat;2014;1;1;02;;Leitzinssätze, Euroraum-wechselnde Zusammensetzung;Prozent;Weder saisonal noch um Arbeitstage bereinigt;Österreich;Insgesamt;Standard, in Einheiten;0,25;AB003C000
Monat;2014;1;1;02;;Leitzinssätze, Tschechische Republik;Prozent;Weder saisonal noch um Arbeitstage bereinigt;Österreich;Insgesamt;Standard, in Einheiten;0,05;AB003C002
Monat;2014;1;1;02;;Leitzinssätze, Dänemark;Prozent;Weder saisonal noch um Arbeitstage bereinigt;Österreich;Insgesamt;Standard, in Einheiten;0,20;AB003C003
Monat;2014;1;1;02;;Leitzinssätze, Ungarn;Prozent;Weder saisonal noch um Arbeitstage bereinigt;Österreich;Insgesamt;Standard, in Einheiten;2,70;AB003C006
Monat;2014;1;1;02;;Leitzinssätze, Polen;Prozent;Weder saisonal noch um Arbeitstage bereinigt;Österreich;Insgesamt;Standard, in Einheiten;2,50;AB003C007
Monat;2014;1;1;02;;Leitzinssätze, Rumänien;Prozent;Weder saisonal noch um Arbeitstage bereinigt;Österreich;Insgesamt;Standard, in Einheiten;3,50;AB003C008
Monat;2014;1;1;02;;Leitzinssätze, Schweden;Prozent;Weder saisonal noch um Arbeitstage bereinigt;Österreich;Insgesamt;Standard, in Einheiten;0,75;AB003C010
Monat;2014;1;1;02;;Leitzinssätze, Vereinigtes Königreich;Prozent;Weder saisonal noch um Arbeitstage bereinigt;Österreich;Insgesamt;Standard, in Einheiten;0,50;AB003C011
Monat;2014;1;1;02;;Leitzinssätze, Norwegen;Prozent;Weder saisonal noch um Arbeitstage bereinigt;Österreich;Insgesamt;Standard, in Einheiten;1,50;AB003C012
Monat;2014;1;1;02;;Leitzinssätze, Schweiz ;Prozent;Weder saisonal noch um Arbeitstage bereinigt;Österreich;Insgesamt;Standard, in Einheiten;0,13;AB003C013
Monat;2014;1;1;02;;Leitzinssätze, USA;Prozent;Weder saisonal noch um Arbeitstage bereinigt;Österreich;Insgesamt;Standard, in Einheiten;0,25;AB003C014
Monat;2014;1;1;02;;Leitzinssätze, Japan;Prozent;Weder saisonal noch um Arbeitstage bereinigt;Österreich;Insgesamt;Standard, in Einheiten;0,10;AB003C015
Monat;2014;1;1;03;;Leitzinssätze, Euroraum-wechselnde Zusammensetzung;Prozent;Weder saisonal noch um Arbeitstage bereinigt;Österreich;Insgesamt;Standard, in Einheiten;0,25;AB003C000
Monat;2014;1;1;03;;Leitzinssätze, Tschechische Republik;Prozent;Weder saisonal noch um Arbeitstage bereinigt;Österreich;Insgesamt;Standard, in Einheiten;0,05;AB003C002
Monat;2014;1;1;03;;Leitzinssätze, Dänemark;Prozent;Weder saisonal noch um Arbeitstage bereinigt;Österreich;Insgesamt;Standard, in Einheiten;0,20;AB003C003
Monat;2014;1;1;03;;Leitzinssätze, Ungarn;Prozent;Weder saisonal noch um Arbeitstage bereinigt;Österreich;Insgesamt;Standard, in Einheiten;2,60;AB003C006
Monat;2014;1;1;03;;Leitzinssätze, Polen;Prozent;Weder saisonal noch um Arbeitstage bereinigt;Österreich;Insgesamt;Standard, in Einheiten;2,50;AB003C007
Monat;2014;1;1;03;;Leitzinssätze, Rumänien;Prozent;Weder saisonal noch um Arbeitstage bereinigt;Österreich;Insgesamt;Standard, in Einheiten;3,50;AB003C008
Monat;2014;1;1;03;;Leitzinssätze, Schweden;Prozent;Weder saisonal noch um Arbeitstage bereinigt;Österreich;Insgesamt;Standard, in Einheiten;0,75;AB003C010
Monat;2014;1;1;03;;Leitzinssätze, Vereinigtes Königreich;Prozent;Weder saisonal noch um Arbeitstage bereinigt;Österreich;Insgesamt;Standard, in Einheiten;0,50;AB003C011
Monat;2014;1;1;03;;Leitzinssätze, Norwegen;Prozent;Weder saisonal noch um Arbeitstage bereinigt;Österreich;Insgesamt;Standard, in Einheiten;1,50;AB003C012
Monat;2014;1;1;03;;Leitzinssätze, Schweiz ;Prozent;Weder saisonal noch um Arbeitstage bereinigt;Österreich;Insgesamt;Standard, in Einheiten;0,13;AB003C013
Monat;2014;1;1;03;;Leitzinssätze, USA;Prozent;Weder saisonal noch um Arbeitstage bereinigt;Österreich;Insgesamt;Standard, in Einheiten;0,25;AB003C014
Monat;2014;1;1;03;;Leitzinssätze, Japan;Prozent;Weder saisonal noch um Arbeitstage bereinigt;Österreich;Insgesamt;Standard, in Einheiten;0,10;AB003C015
Monat;2014;1;2;04;;Leitzinssätze, Euroraum-wechselnde Zusammensetzung;Prozent;Weder saisonal noch um Arbeitstage bereinigt;Österreich;Insgesamt;Standard, in Einheiten;0,25;AB003C000
Monat;2014;1;2;04;;Leitzinssätze, Tschechische Republik;Prozent;Weder saisonal noch um Arbeitstage bereinigt;Österreich;Insgesamt;Standard, in Einheiten;0,05;AB003C002
Monat;2014;1;2;04;;Leitzinssätze, Dänemark;Prozent;Weder saisonal noch um Arbeitstage bereinigt;Österreich;Insgesamt;Standard, in Einheiten;0,20;AB003C003
Monat;2014;1;2;04;;Leitzinssätze, Ungarn;Prozent;Weder saisonal noch um Arbeitstage bereinigt;Österreich;Insgesamt;Standard, in Einheiten;2,50;AB003C006
Monat;2014;1;2;04;;Leitzinssätze, Polen;Prozent;Weder saisonal noch um Arbeitstage bereinigt;Österreich;Insgesamt;Standard, in Einheiten;2,50;AB003C007
Monat;2014;1;2;04;;Leitzinssätze, Rumänien;Prozent;Weder saisonal noch um Arbeitstage bereinigt;Österreich;Insgesamt;Standard, in Einheiten;3,50;AB003C008
Monat;2014;1;2;04;;Leitzinssätze, Schweden;Prozent;Weder saisonal noch um Arbeitstage bereinigt;Österreich;Insgesamt;Standard, in Einheiten;0,75;AB003C010
Monat;2014;1;2;04;;Leitzinssätze, Vereinigtes Königreich;Prozent;Weder saisonal noch um Arbeitstage bereinigt;Österreich;Insgesamt;Standard, in Einheiten;0,50;AB003C011
Monat;2014;1;2;04;;Leitzinssätze, Norwegen;Prozent;Weder saisonal noch um Arbeitstage bereinigt;Österreich;Insgesamt;Standard, in Einheiten;1,50;AB003C012
Monat;2014;1;2;04;;Leitzinssätze, Schweiz ;Prozent;Weder saisonal noch um Arbeitstage bereinigt;Österreich;Insgesamt;Standard, in Einheiten;0,13;AB003C013
Monat;2014;1;2;04;;Leitzinssätze, USA;Prozent;Weder saisonal noch um Arbeitstage bereinigt;Österreich;Insgesamt;Standard, in Einheiten;0,25;AB003C014
Monat;2014;1;2;04;;Leitzinssätze, Japan;Prozent;Weder saisonal noch um Arbeitstage bereinigt;Österreich;Insgesamt;Standard, in Einheiten;0,10;AB003C015
Monat;2014;1;2;05;;Leitzinssätze, Euroraum-wechselnde Zusammensetzung;Prozent;Weder saisonal noch um Arbeitstage bereinigt;Österreich;Insgesamt;Standard, in Einheiten;0,25;AB003C000
Monat;2014;1;2;05;;Leitzinssätze, Tschechische Republik;Prozent;Weder saisonal noch um Arbeitstage bereinigt;Österreich;Insgesamt;Standard, in Einheiten;0,05;AB003C002
Monat;2014;1;2;05;;Leitzinssätze, Dänemark;Prozent;Weder saisonal noch um Arbeitstage bereinigt;Österreich;Insgesamt;Standard, in Einheiten;0,20;AB003C003
Monat;2014;1;2;05;;Leitzinssätze, Ungarn;Prozent;Weder saisonal noch um Arbeitstage bereinigt;Österreich;Insgesamt;Standard, in Einheiten;2,40;AB003C006
Monat;2014;1;2;05;;Leitzinssätze, Polen;Prozent;Weder saisonal noch um Arbeitstage bereinigt;Österreich;Insgesamt;Standard, in Einheiten;2,50;AB003C007
Monat;2014;1;2;05;;Leitzinssätze, Rumänien;Prozent;Weder saisonal noch um Arbeitstage bereinigt;Österreich;Insgesamt;Standard, in Einheiten;3,50;AB003C008
Monat;2014;1;2;05;;Leitzinssätze, Schweden;Prozent;Weder saisonal noch um Arbeitstage bereinigt;Österreich;Insgesamt;Standard, in Einheiten;0,75;AB003C010
Monat;2014;1;2;05;;Leitzinssätze, Vereinigtes Königreich;Prozent;Weder saisonal noch um Arbeitstage bereinigt;Österreich;Insgesamt;Standard, in Einheiten;0,50;AB003C011
Monat;2014;1;2;05;;Leitzinssätze, Norwegen;Prozent;Weder saisonal noch um Arbeitstage bereinigt;Österreich;Insgesamt;Standard, in Einheiten;1,50;AB003C012
Monat;2014;1;2;05;;Leitzinssätze, Schweiz ;Prozent;Weder saisonal noch um Arbeitstage bereinigt;Österreich;Insgesamt;Standard, in Einheiten;0,13;AB003C013
Monat;2014;1;2;05;;Leitzinssätze, USA;Prozent;Weder saisonal noch um Arbeitstage bereinigt;Österreich;Insgesamt;Standard, in Einheiten;0,25;AB003C014
Monat;2014;1;2;05;;Leitzinssätze, Japan;Prozent;Weder saisonal noch um Arbeitstage bereinigt;Österreich;Insgesamt;Standard, in Einheiten;0,10;AB003C015
Monat;2014;1;2;06;;Leitzinssätze, Euroraum-wechselnde Zusammensetzung;Prozent;Weder saisonal noch um Arbeitstage bereinigt;Österreich;Insgesamt;Standard, in Einheiten;0,15;AB003C000
Monat;2014;1;2;06;;Leitzinssätze, Tschechische Republik;Prozent;Weder saisonal noch um Arbeitstage bereinigt;Österreich;Insgesamt;Standard, in Einheiten;0,05;AB003C002
Monat;2014;1;2;06;;Leitzinssätze, Dänemark;Prozent;Weder saisonal noch um Arbeitstage bereinigt;Österreich;Insgesamt;Standard, in Einheiten;0,20;AB003C003
Monat;2014;1;2;06;;Leitzinssätze, Ungarn;Prozent;Weder saisonal noch um Arbeitstage bereinigt;Österreich;Insgesamt;Standard, in Einheiten;2,30;AB003C006
Monat;2014;1;2;06;;Leitzinssätze, Polen;Prozent;Weder saisonal noch um Arbeitstage bereinigt;Österreich;Insgesamt;Standard, in Einheiten;2,50;AB003C007
Monat;2014;1;2;06;;Leitzinssätze, Rumänien;Prozent;Weder saisonal noch um Arbeitstage bereinigt;Österreich;Insgesamt;Standard, in Einheiten;3,50;AB003C008
Monat;2014;1;2;06;;Leitzinssätze, Schweden;Prozent;Weder saisonal noch um Arbeitstage bereinigt;Österreich;Insgesamt;Standard, in Einheiten;0,75;AB003C010
Monat;2014;1;2;06;;Leitzinssätze, Vereinigtes Königreich;Prozent;Weder saisonal noch um Arbeitstage bereinigt;Österreich;Insgesamt;Standard, in Einheiten;0,50;AB003C011
Monat;2014;1;2;06;;Leitzinssätze, Norwegen;Prozent;Weder saisonal noch um Arbeitstage bereinigt;Österreich;Insgesamt;Standard, in Einheiten;1,50;AB003C012
Monat;2014;1;2;06;;Leitzinssätze, Schweiz ;Prozent;Weder saisonal noch um Arbeitstage bereinigt;Österreich;Insgesamt;Standard, in Einheiten;0,13;AB003C013
Monat;2014;1;2;06;;Leitzinssätze, USA;Prozent;Weder saisonal noch um Arbeitstage bereinigt;Österreich;Insgesamt;Standard, in Einheiten;0,25;AB003C014
Monat;2014;1;2;06;;Leitzinssätze, Japan;Prozent;Weder saisonal noch um Arbeitstage bereinigt;Österreich;Insgesamt;Standard, in Einheiten;0,10;AB003C015
Monat;2014;2;3;07;;Leitzinssätze, Euroraum-wechselnde Zusammensetzung;Prozent;Weder saisonal noch um Arbeitstage bereinigt;Österreich;Insgesamt;Standard, in Einheiten;0,15;AB003C000
Monat;2014;2;3;07;;Leitzinssätze, Tschechische Republik;Prozent;Weder saisonal noch um Arbeitstage bereinigt;Österreich;Insgesamt;Standard, in Einheiten;0,05;AB003C002
Monat;2014;2;3;07;;Leitzinssätze, Dänemark;Prozent;Weder saisonal noch um Arbeitstage bereinigt;Österreich;Insgesamt;Standard, in Einheiten;0,20;AB003C003
Monat;2014;2;3;07;;Leitzinssätze, Ungarn;Prozent;Weder saisonal noch um Arbeitstage bereinigt;Österreich;Insgesamt;Standard, in Einheiten;2,10;AB003C006
Monat;2014;2;3;07;;Leitzinssätze, Polen;Prozent;Weder saisonal noch um Arbeitstage bereinigt;Österreich;Insgesamt;Standard, in Einheiten;2,50;AB003C007
Monat;2014;2;3;07;;Leitzinssätze, Rumänien;Prozent;Weder saisonal noch um Arbeitstage bereinigt;Österreich;Insgesamt;Standard, in Einheiten;3,50;AB003C008
Monat;2014;2;3;07;;Leitzinssätze, Schweden;Prozent;Weder saisonal noch um Arbeitstage bereinigt;Österreich;Insgesamt;Standard, in Einheiten;0,25;AB003C010
Monat;2014;2;3;07;;Leitzinssätze, Vereinigtes Königreich;Prozent;Weder saisonal noch um Arbeitstage bereinigt;Österreich;Insgesamt;Standard, in Einheiten;0,50;AB003C011
Monat;2014;2;3;07;;Leitzinssätze, Norwegen;Prozent;Weder saisonal noch um Arbeitstage bereinigt;Österreich;Insgesamt;Standard, in Einheiten;1,50;AB003C012
Monat;2014;2;3;07;;Leitzinssätze, Schweiz ;Prozent;Weder saisonal noch um Arbeitstage bereinigt;Österreich;Insgesamt;Standard, in Einheiten;0,13;AB003C013
Monat;2014;2;3;07;;Leitzinssätze, USA;Prozent;Weder saisonal noch um Arbeitstage bereinigt;Österreich;Insgesamt;Standard, in Einheiten;0,25;AB003C014
Monat;2014;2;3;07;;Leitzinssätze, Japan;Prozent;Weder saisonal noch um Arbeitstage bereinigt;Österreich;Insgesamt;Standard, in Einheiten;0,10;AB003C015
Monat;2014;2;3;08;;Leitzinssätze, Euroraum-wechselnde Zusammensetzung;Prozent;Weder saisonal noch um Arbeitstage bereinigt;Österreich;Insgesamt;Standard, in Einheiten;0,15;AB003C000
Monat;2014;2;3;08;;Leitzinssätze, Tschechische Republik;Prozent;Weder saisonal noch um Arbeitstage bereinigt;Österreich;Insgesamt;Standard, in Einheiten;0,05;AB003C002
Monat;2014;2;3;08;;Leitzinssätze, Dänemark;Prozent;Weder saisonal noch um Arbeitstage bereinigt;Österreich;Insgesamt;Standard, in Einheiten;0,20;AB003C003
Monat;2014;2;3;08;;Leitzinssätze, Ungarn;Prozent;Weder saisonal noch um Arbeitstage bereinigt;Österreich;Insgesamt;Standard, in Einheiten;2,10;AB003C006
Monat;2014;2;3;08;;Leitzinssätze, Polen;Prozent;Weder saisonal noch um Arbeitstage bereinigt;Österreich;Insgesamt;Standard, in Einheiten;2,50;AB003C007
Monat;2014;2;3;08;;Leitzinssätze, Rumänien;Prozent;Weder saisonal noch um Arbeitstage bereinigt;Österreich;Insgesamt;Standard, in Einheiten;3,25;AB003C008
Monat;2014;2;3;08;;Leitzinssätze, Schweden;Prozent;Weder saisonal noch um Arbeitstage bereinigt;Österreich;Insgesamt;Standard, in Einheiten;0,25;AB003C010
Monat;2014;2;3;08;;Leitzinssätze, Vereinigtes Königreich;Prozent;Weder saisonal noch um Arbeitstage bereinigt;Österreich;Insgesamt;Standard, in Einheiten;0,50;AB003C011
Monat;2014;2;3;08;;Leitzinssätze, Norwegen;Prozent;Weder saisonal noch um Arbeitstage bereinigt;Österreich;Insgesamt;Standard, in Einheiten;1,50;AB003C012
Monat;2014;2;3;08;;Leitzinssätze, Schweiz ;Prozent;Weder saisonal noch um Arbeitstage bereinigt;Österreich;Insgesamt;Standard, in Einheiten;0,13;AB003C013
Monat;2014;2;3;08;;Leitzinssätze, USA;Prozent;Weder saisonal noch um Arbeitstage bereinigt;Österreich;Insgesamt;Standard, in Einheiten;0,25;AB003C014
Monat;2014;2;3;08;;Leitzinssätze, Japan;Prozent;Weder saisonal noch um Arbeitstage bereinigt;Österreich;Insgesamt;Standard, in Einheiten;0,10;AB003C015
Monat;2014;2;3;09;;Leitzinssätze, Euroraum-wechselnde Zusammensetzung;Prozent;Weder saisonal noch um Arbeitstage bereinigt;Österreich;Insgesamt;Standard, in Einheiten;0,05;AB003C000
Monat;2014;2;3;09;;Leitzinssätze, Tschechische Republik;Prozent;Weder saisonal noch um Arbeitstage bereinigt;Österreich;Insgesamt;Standard, in Einheiten;0,05;AB003C002
Monat;2014;2;3;09;;Leitzinssätze, Dänemark;Prozent;Weder saisonal noch um Arbeitstage bereinigt;Österreich;Insgesamt;Standard, in Einheiten;0,20;AB003C003
Monat;2014;2;3;09;;Leitzinssätze, Ungarn;Prozent;Weder saisonal noch um Arbeitstage bereinigt;Österreich;Insgesamt;Standard, in Einheiten;2,10;AB003C006
Monat;2014;2;3;09;;Leitzinssätze, Polen;Prozent;Weder saisonal noch um Arbeitstage bereinigt;Österreich;Insgesamt;Standard, in Einheiten;2,50;AB003C007
Monat;2014;2;3;09;;Leitzinssätze, Rumänien;Prozent;Weder saisonal noch um Arbeitstage bereinigt;Österreich;Insgesamt;Standard, in Einheiten;3,25;AB003C008
Monat;2014;2;3;09;;Leitzinssätze, Schweden;Prozent;Weder saisonal noch um Arbeitstage bereinigt;Österreich;Insgesamt;Standard, in Einheiten;0,25;AB003C010
Monat;2014;2;3;09;;Leitzinssätze, Vereinigtes Königreich;Prozent;Weder saisonal noch um Arbeitstage bereinigt;Österreich;Insgesamt;Standard, in Einheiten;0,50;AB003C011
Monat;2014;2;3;09;;Leitzinssätze, Norwegen;Prozent;Weder saisonal noch um Arbeitstage bereinigt;Österreich;Insgesamt;Standard, in Einheiten;1,50;AB003C012
Monat;2014;2;3;09;;Leitzinssätze, Schweiz ;Prozent;Weder saisonal noch um Arbeitstage bereinigt;Österreich;Insgesamt;Standard, in Einheiten;0,13;AB003C013
Monat;2014;2;3;09;;Leitzinssätze, USA;Prozent;Weder saisonal noch um Arbeitstage bereinigt;Österreich;Insgesamt;Standard, in Einheiten;0,25;AB003C014
Monat;2014;2;3;09;;Leitzinssätze, Japan;Prozent;Weder saisonal noch um Arbeitstage bereinigt;Österreich;Insgesamt;Standard, in Einheiten;0,10;AB003C015
Monat;2014;2;4;10;;Leitzinssätze, Euroraum-wechselnde Zusammensetzung;Prozent;Weder saisonal noch um Arbeitstage bereinigt;Österreich;Insgesamt;Standard, in Einheiten;0,05;AB003C000
Monat;2014;2;4;10;;Leitzinssätze, Tschechische Republik;Prozent;Weder saisonal noch um Arbeitstage bereinigt;Österreich;Insgesamt;Standard, in Einheiten;0,05;AB003C002
Monat;2014;2;4;10;;Leitzinssätze, Dänemark;Prozent;Weder saisonal noch um Arbeitstage bereinigt;Österreich;Insgesamt;Standard, in Einheiten;0,20;AB003C003
Monat;2014;2;4;10;;Leitzinssätze, Ungarn;Prozent;Weder saisonal noch um Arbeitstage bereinigt;Österreich;Insgesamt;Standard, in Einheiten;2,10;AB003C006
Monat;2014;2;4;10;;Leitzinssätze, Polen;Prozent;Weder saisonal noch um Arbeitstage bereinigt;Österreich;Insgesamt;Standard, in Einheiten;2,00;AB003C007
Monat;2014;2;4;10;;Leitzinssätze, Rumänien;Prozent;Weder saisonal noch um Arbeitstage bereinigt;Österreich;Insgesamt;Standard, in Einheiten;3,00;AB003C008
Monat;2014;2;4;10;;Leitzinssätze, Schweden;Prozent;Weder saisonal noch um Arbeitstage bereinigt;Österreich;Insgesamt;Standard, in Einheiten;0,00;AB003C010
Monat;2014;2;4;10;;Leitzinssätze, Vereinigtes Königreich;Prozent;Weder saisonal noch um Arbeitstage bereinigt;Österreich;Insgesamt;Standard, in Einheiten;0,50;AB003C011
Monat;2014;2;4;10;;Leitzinssätze, Norwegen;Prozent;Weder saisonal noch um Arbeitstage bereinigt;Österreich;Insgesamt;Standard, in Einheiten;1,50;AB003C012
Monat;2014;2;4;10;;Leitzinssätze, Schweiz ;Prozent;Weder saisonal noch um Arbeitstage bereinigt;Österreich;Insgesamt;Standard, in Einheiten;0,13;AB003C013
Monat;2014;2;4;10;;Leitzinssätze, USA;Prozent;Weder saisonal noch um Arbeitstage bereinigt;Österreich;Insgesamt;Standard, in Einheiten;0,25;AB003C014
Monat;2014;2;4;10;;Leitzinssätze, Japan;Prozent;Weder saisonal noch um Arbeitstage bereinigt;Österreich;Insgesamt;Standard, in Einheiten;0,10;AB003C015
Monat;2014;2;4;11;;Leitzinssätze, Euroraum-wechselnde Zusammensetzung;Prozent;Weder saisonal noch um Arbeitstage bereinigt;Österreich;Insgesamt;Standard, in Einheiten;0,05;AB003C000
Monat;2014;2;4;11;;Leitzinssätze, Tschechische Republik;Prozent;Weder saisonal noch um Arbeitstage bereinigt;Österreich;Insgesamt;Standard, in Einheiten;0,05;AB003C002
Monat;2014;2;4;11;;Leitzinssätze, Dänemark;Prozent;Weder saisonal noch um Arbeitstage bereinigt;Österreich;Insgesamt;Standard, in Einheiten;0,20;AB003C003
Monat;2014;2;4;11;;Leitzinssätze, Ungarn;Prozent;Weder saisonal noch um Arbeitstage bereinigt;Österreich;Insgesamt;Standard, in Einheiten;2,10;AB003C006
Monat;2014;2;4;11;;Leitzinssätze, Polen;Prozent;Weder saisonal noch um Arbeitstage bereinigt;Österreich;Insgesamt;Standard, in Einheiten;2,00;AB003C007
Monat;2014;2;4;11;;Leitzinssätze, Rumänien;Prozent;Weder saisonal noch um Arbeitstage bereinigt;Österreich;Insgesamt;Standard, in Einheiten;2,75;AB003C008
Monat;2014;2;4;11;;Leitzinssätze, Schweden;Prozent;Weder saisonal noch um Arbeitstage bereinigt;Österreich;Insgesamt;Standard, in Einheiten;0,00;AB003C010
Monat;2014;2;4;11;;Leitzinssätze, Vereinigtes Königreich;Prozent;Weder saisonal noch um Arbeitstage bereinigt;Österreich;Insgesamt;Standard, in Einheiten;0,50;AB003C011
Monat;2014;2;4;11;;Leitzinssätze, Norwegen;Prozent;Weder saisonal noch um Arbeitstage bereinigt;Österreich;Insgesamt;Standard, in Einheiten;1,50;AB003C012
Monat;2014;2;4;11;;Leitzinssätze, Schweiz ;Prozent;Weder saisonal noch um Arbeitstage bereinigt;Österreich;Insgesamt;Standard, in Einheiten;0,13;AB003C013
Monat;2014;2;4;11;;Leitzinssätze, USA;Prozent;Weder saisonal noch um Arbeitstage bereinigt;Österreich;Insgesamt;Standard, in Einheiten;0,25;AB003C014
Monat;2014;2;4;11;;Leitzinssätze, Japan;Prozent;Weder saisonal noch um Arbeitstage bereinigt;Österreich;Insgesamt;Standard, in Einheiten;0,10;AB003C015
Monat;2014;2;4;12;;Leitzinssätze, Euroraum-wechselnde Zusammensetzung;Prozent;Weder saisonal noch um Arbeitstage bereinigt;Österreich;Insgesamt;Standard, in Einheiten;0,05;AB003C000
Monat;2014;2;4;12;;Leitzinssätze, Tschechische Republik;Prozent;Weder saisonal noch um Arbeitstage bereinigt;Österreich;Insgesamt;Standard, in Einheiten;0,05;AB003C002
Monat;2014;2;4;12;;Leitzinssätze, Dänemark;Prozent;Weder saisonal noch um Arbeitstage bereinigt;Österreich;Insgesamt;Standard, in Einheiten;0,20;AB003C003
Monat;2014;2;4;12;;Leitzinssätze, Ungarn;Prozent;Weder saisonal noch um Arbeitstage bereinigt;Österreich;Insgesamt;Standard, in Einheiten;2,10;AB003C006
Monat;2014;2;4;12;;Leitzinssätze, Polen;Prozent;Weder saisonal noch um Arbeitstage bereinigt;Österreich;Insgesamt;Standard, in Einheiten;2,00;AB003C007
Monat;2014;2;4;12;;Leitzinssätze, Rumänien;Prozent;Weder saisonal noch um Arbeitstage bereinigt;Österreich;Insgesamt;Standard, in Einheiten;2,75;AB003C008
Monat;2014;2;4;12;;Leitzinssätze, Schweden;Prozent;Weder saisonal noch um Arbeitstage bereinigt;Österreich;Insgesamt;Standard, in Einheiten;0,00;AB003C010
Monat;2014;2;4;12;;Leitzinssätze, Vereinigtes Königreich;Prozent;Weder saisonal noch um Arbeitstage bereinigt;Österreich;Insgesamt;Standard, in Einheiten;0,50;AB003C011
Monat;2014;2;4;12;;Leitzinssätze, Norwegen;Prozent;Weder saisonal noch um Arbeitstage bereinigt;Österreich;Insgesamt;Standard, in Einheiten;1,25;AB003C012
Monat;2014;2;4;12;;Leitzinssätze, Schweiz ;Prozent;Weder saisonal noch um Arbeitstage bereinigt;Österreich;Insgesamt;Standard, in Einheiten;-0,25;AB003C013
Monat;2014;2;4;12;;Leitzinssätze, USA;Prozent;Weder saisonal noch um Arbeitstage bereinigt;Österreich;Insgesamt;Standard, in Einheiten;0,25;AB003C014
Monat;2014;2;4;12;;Leitzinssätze, Japan;Prozent;Weder saisonal noch um Arbeitstage bereinigt;Österreich;Insgesamt;Standard, in Einheiten;0,10;AB003C015
Monat;2015;1;1;01;;Leitzinssätze, Euroraum-wechselnde Zusammensetzung;Prozent;Weder saisonal noch um Arbeitstage bereinigt;Österreich;Insgesamt;Standard, in Einheiten;0,05;AB003C000
Monat;2015;1;1;01;;Leitzinssätze, Tschechische Republik;Prozent;Weder saisonal noch um Arbeitstage bereinigt;Österreich;Insgesamt;Standard, in Einheiten;0,05;AB003C002
Monat;2015;1;1;01;;Leitzinssätze, Dänemark;Prozent;Weder saisonal noch um Arbeitstage bereinigt;Österreich;Insgesamt;Standard, in Einheiten;0,05;AB003C003
Monat;2015;1;1;01;;Leitzinssätze, Ungarn;Prozent;Weder saisonal noch um Arbeitstage bereinigt;Österreich;Insgesamt;Standard, in Einheiten;2,10;AB003C006
Monat;2015;1;1;01;;Leitzinssätze, Polen;Prozent;Weder saisonal noch um Arbeitstage bereinigt;Österreich;Insgesamt;Standard, in Einheiten;2,00;AB003C007
Monat;2015;1;1;01;;Leitzinssätze, Rumänien;Prozent;Weder saisonal noch um Arbeitstage bereinigt;Österreich;Insgesamt;Standard, in Einheiten;2,50;AB003C008
Monat;2015;1;1;01;;Leitzinssätze, Schweden;Prozent;Weder saisonal noch um Arbeitstage bereinigt;Österreich;Insgesamt;Standard, in Einheiten;0,00;AB003C010
Monat;2015;1;1;01;;Leitzinssätze, Vereinigtes Königreich;Prozent;Weder saisonal noch um Arbeitstage bereinigt;Österreich;Insgesamt;Standard, in Einheiten;0,50;AB003C011
Monat;2015;1;1;01;;Leitzinssätze, Norwegen;Prozent;Weder saisonal noch um Arbeitstage bereinigt;Österreich;Insgesamt;Standard, in Einheiten;1,25;AB003C012
Monat;2015;1;1;01;;Leitzinssätze, Schweiz ;Prozent;Weder saisonal noch um Arbeitstage bereinigt;Österreich;Insgesamt;Standard, in Einheiten;-0,75;AB003C013
Monat;2015;1;1;01;;Leitzinssätze, USA;Prozent;Weder saisonal noch um Arbeitstage bereinigt;Österreich;Insgesamt;Standard, in Einheiten;0,25;AB003C014
Monat;2015;1;1;01;;Leitzinssätze, Japan;Prozent;Weder saisonal noch um Arbeitstage bereinigt;Österreich;Insgesamt;Standard, in Einheiten;0,10;AB003C015
Monat;2015;1;1;02;;Leitzinssätze, Euroraum-wechselnde Zusammensetzung;Prozent;Weder saisonal noch um Arbeitstage bereinigt;Österreich;Insgesamt;Standard, in Einheiten;0,05;AB003C000
Monat;2015;1;1;02;;Leitzinssätze, Tschechische Republik;Prozent;Weder saisonal noch um Arbeitstage bereinigt;Österreich;Insgesamt;Standard, in Einheiten;0,05;AB003C002
Monat;2015;1;1;02;;Leitzinssätze, Dänemark;Prozent;Weder saisonal noch um Arbeitstage bereinigt;Österreich;Insgesamt;Standard, in Einheiten;0,05;AB003C003
Monat;2015;1;1;02;;Leitzinssätze, Ungarn;Prozent;Weder saisonal noch um Arbeitstage bereinigt;Österreich;Insgesamt;Standard, in Einheiten;2,10;AB003C006
Monat;2015;1;1;02;;Leitzinssätze, Polen;Prozent;Weder saisonal noch um Arbeitstage bereinigt;Österreich;Insgesamt;Standard, in Einheiten;2,00;AB003C007
Monat;2015;1;1;02;;Leitzinssätze, Rumänien;Prozent;Weder saisonal noch um Arbeitstage bereinigt;Österreich;Insgesamt;Standard, in Einheiten;2,25;AB003C008
Monat;2015;1;1;02;;Leitzinssätze, Schweden;Prozent;Weder saisonal noch um Arbeitstage bereinigt;Österreich;Insgesamt;Standard, in Einheiten;-0,10;AB003C010
Monat;2015;1;1;02;;Leitzinssätze, Vereinigtes Königreich;Prozent;Weder saisonal noch um Arbeitstage bereinigt;Österreich;Insgesamt;Standard, in Einheiten;0,50;AB003C011
Monat;2015;1;1;02;;Leitzinssätze, Norwegen;Prozent;Weder saisonal noch um Arbeitstage bereinigt;Österreich;Insgesamt;Standard, in Einheiten;1,25;AB003C012
Monat;2015;1;1;02;;Leitzinssätze, Schweiz ;Prozent;Weder saisonal noch um Arbeitstage bereinigt;Österreich;Insgesamt;Standard, in Einheiten;-0,75;AB003C013
Monat;2015;1;1;02;;Leitzinssätze, USA;Prozent;Weder saisonal noch um Arbeitstage bereinigt;Österreich;Insgesamt;Standard, in Einheiten;0,25;AB003C014
Monat;2015;1;1;02;;Leitzinssätze, Japan;Prozent;Weder saisonal noch um Arbeitstage bereinigt;Österreich;Insgesamt;Standard, in Einheiten;0,10;AB003C015
Monat;2015;1;1;03;;Leitzinssätze, Euroraum-wechselnde Zusammensetzung;Prozent;Weder saisonal noch um Arbeitstage bereinigt;Österreich;Insgesamt;Standard, in Einheiten;0,05;AB003C000
Monat;2015;1;1;03;;Leitzinssätze, Tschechische Republik;Prozent;Weder saisonal noch um Arbeitstage bereinigt;Österreich;Insgesamt;Standard, in Einheiten;0,05;AB003C002
Monat;2015;1;1;03;;Leitzinssätze, Dänemark;Prozent;Weder saisonal noch um Arbeitstage bereinigt;Österreich;Insgesamt;Standard, in Einheiten;0,05;AB003C003
Monat;2015;1;1;03;;Leitzinssätze, Ungarn;Prozent;Weder saisonal noch um Arbeitstage bereinigt;Österreich;Insgesamt;Standard, in Einheiten;1,95;AB003C006
Monat;2015;1;1;03;;Leitzinssätze, Polen;Prozent;Weder saisonal noch um Arbeitstage bereinigt;Österreich;Insgesamt;Standard, in Einheiten;1,50;AB003C007
Monat;2015;1;1;03;;Leitzinssätze, Rumänien;Prozent;Weder saisonal noch um Arbeitstage bereinigt;Österreich;Insgesamt;Standard, in Einheiten;2,25;AB003C008
Monat;2015;1;1;03;;Leitzinssätze, Schweden;Prozent;Weder saisonal noch um Arbeitstage bereinigt;Österreich;Insgesamt;Standard, in Einheiten;-0,25;AB003C010
Monat;2015;1;1;03;;Leitzinssätze, Vereinigtes Königreich;Prozent;Weder saisonal noch um Arbeitstage bereinigt;Österreich;Insgesamt;Standard, in Einheiten;0,50;AB003C011
Monat;2015;1;1;03;;Leitzinssätze, Norwegen;Prozent;Weder saisonal noch um Arbeitstage bereinigt;Österreich;Insgesamt;Standard, in Einheiten;1,25;AB003C012
Monat;2015;1;1;03;;Leitzinssätze, Schweiz ;Prozent;Weder saisonal noch um Arbeitstage bereinigt;Österreich;Insgesamt;Standard, in Einheiten;-0,75;AB003C013
Monat;2015;1;1;03;;Leitzinssätze, USA;Prozent;Weder saisonal noch um Arbeitstage bereinigt;Österreich;Insgesamt;Standard, in Einheiten;0,25;AB003C014
Monat;2015;1;1;03;;Leitzinssätze, Japan;Prozent;Weder saisonal noch um Arbeitstage bereinigt;Österreich;Insgesamt;Standard, in Einheiten;0,10;AB003C015
Monat;2015;1;2;04;;Leitzinssätze, Euroraum-wechselnde Zusammensetzung;Prozent;Weder saisonal noch um Arbeitstage bereinigt;Österreich;Insgesamt;Standard, in Einheiten;0,05;AB003C000
Monat;2015;1;2;04;;Leitzinssätze, Tschechische Republik;Prozent;Weder saisonal noch um Arbeitstage bereinigt;Österreich;Insgesamt;Standard, in Einheiten;0,05;AB003C002
Monat;2015;1;2;04;;Leitzinssätze, Dänemark;Prozent;Weder saisonal noch um Arbeitstage bereinigt;Österreich;Insgesamt;Standard, in Einheiten;0,05;AB003C003
Monat;2015;1;2;04;;Leitzinssätze, Ungarn;Prozent;Weder saisonal noch um Arbeitstage bereinigt;Österreich;Insgesamt;Standard, in Einheiten;1,80;AB003C006
Monat;2015;1;2;04;;Leitzinssätze, Polen;Prozent;Weder saisonal noch um Arbeitstage bereinigt;Österreich;Insgesamt;Standard, in Einheiten;1,50;AB003C007
Monat;2015;1;2;04;;Leitzinssätze, Rumänien;Prozent;Weder saisonal noch um Arbeitstage bereinigt;Österreich;Insgesamt;Standard, in Einheiten;2,00;AB003C008
Monat;2015;1;2;04;;Leitzinssätze, Schweden;Prozent;Weder saisonal noch um Arbeitstage bereinigt;Österreich;Insgesamt;Standard, in Einheiten;-0,25;AB003C010
Monat;2015;1;2;04;;Leitzinssätze, Vereinigtes Königreich;Prozent;Weder saisonal noch um Arbeitstage bereinigt;Österreich;Insgesamt;Standard, in Einheiten;0,50;AB003C011
Monat;2015;1;2;04;;Leitzinssätze, Norwegen;Prozent;Weder saisonal noch um Arbeitstage bereinigt;Österreich;Insgesamt;Standard, in Einheiten;1,25;AB003C012
Monat;2015;1;2;04;;Leitzinssätze, Schweiz ;Prozent;Weder saisonal noch um Arbeitstage bereinigt;Österreich;Insgesamt;Standard, in Einheiten;-0,75;AB003C013
Monat;2015;1;2;04;;Leitzinssätze, USA;Prozent;Weder saisonal noch um Arbeitstage bereinigt;Österreich;Insgesamt;Standard, in Einheiten;0,25;AB003C014
Monat;2015;1;2;04;;Leitzinssätze, Japan;Prozent;Weder saisonal noch um Arbeitstage bereinigt;Österreich;Insgesamt;Standard, in Einheiten;0,10;AB003C015
Monat;2015;1;2;05;;Leitzinssätze, Euroraum-wechselnde Zusammensetzung;Prozent;Weder saisonal noch um Arbeitstage bereinigt;Österreich;Insgesamt;Standard, in Einheiten;0,05;AB003C000
Monat;2015;1;2;05;;Leitzinssätze, Tschechische Republik;Prozent;Weder saisonal noch um Arbeitstage bereinigt;Österreich;Insgesamt;Standard, in Einheiten;0,05;AB003C002
Monat;2015;1;2;05;;Leitzinssätze, Dänemark;Prozent;Weder saisonal noch um Arbeitstage bereinigt;Österreich;Insgesamt;Standard, in Einheiten;0,05;AB003C003
Monat;2015;1;2;05;;Leitzinssätze, Ungarn;Prozent;Weder saisonal noch um Arbeitstage bereinigt;Österreich;Insgesamt;Standard, in Einheiten;1,65;AB003C006
Monat;2015;1;2;05;;Leitzinssätze, Polen;Prozent;Weder saisonal noch um Arbeitstage bereinigt;Österreich;Insgesamt;Standard, in Einheiten;1,50;AB003C007
Monat;2015;1;2;05;;Leitzinssätze, Rumänien;Prozent;Weder saisonal noch um Arbeitstage bereinigt;Österreich;Insgesamt;Standard, in Einheiten;1,75;AB003C008
Monat;2015;1;2;05;;Leitzinssätze, Schweden;Prozent;Weder saisonal noch um Arbeitstage bereinigt;Österreich;Insgesamt;Standard, in Einheiten;-0,25;AB003C010
Monat;2015;1;2;05;;Leitzinssätze, Vereinigtes Königreich;Prozent;Weder saisonal noch um Arbeitstage bereinigt;Österreich;Insgesamt;Standard, in Einheiten;0,50;AB003C011
Monat;2015;1;2;05;;Leitzinssätze, Norwegen;Prozent;Weder saisonal noch um Arbeitstage bereinigt;Österreich;Insgesamt;Standard, in Einheiten;1,25;AB003C012
Monat;2015;1;2;05;;Leitzinssätze, Schweiz ;Prozent;Weder saisonal noch um Arbeitstage bereinigt;Österreich;Insgesamt;Standard, in Einheiten;-0,75;AB003C013
Monat;2015;1;2;05;;Leitzinssätze, USA;Prozent;Weder saisonal noch um Arbeitstage bereinigt;Österreich;Insgesamt;Standard, in Einheiten;0,25;AB003C014
Monat;2015;1;2;05;;Leitzinssätze, Japan;Prozent;Weder saisonal noch um Arbeitstage bereinigt;Österreich;Insgesamt;Standard, in Einheiten;0,10;AB003C015
Monat;2015;1;2;06;;Leitzinssätze, Euroraum-wechselnde Zusammensetzung;Prozent;Weder saisonal noch um Arbeitstage bereinigt;Österreich;Insgesamt;Standard, in Einheiten;0,05;AB003C000
Monat;2015;1;2;06;;Leitzinssätze, Tschechische Republik;Prozent;Weder saisonal noch um Arbeitstage bereinigt;Österreich;Insgesamt;Standard, in Einheiten;0,05;AB003C002
Monat;2015;1;2;06;;Leitzinssätze, Dänemark;Prozent;Weder saisonal noch um Arbeitstage bereinigt;Österreich;Insgesamt;Standard, in Einheiten;0,05;AB003C003
Monat;2015;1;2;06;;Leitzinssätze, Ungarn;Prozent;Weder saisonal noch um Arbeitstage bereinigt;Österreich;Insgesamt;Standard, in Einheiten;1,50;AB003C006
Monat;2015;1;2;06;;Leitzinssätze, Polen;Prozent;Weder saisonal noch um Arbeitstage bereinigt;Österreich;Insgesamt;Standard, in Einheiten;1,50;AB003C007
Monat;2015;1;2;06;;Leitzinssätze, Rumänien;Prozent;Weder saisonal noch um Arbeitstage bereinigt;Österreich;Insgesamt;Standard, in Einheiten;1,75;AB003C008
Monat;2015;1;2;06;;Leitzinssätze, Schweden;Prozent;Weder saisonal noch um Arbeitstage bereinigt;Österreich;Insgesamt;Standard, in Einheiten;-0,25;AB003C010
Monat;2015;1;2;06;;Leitzinssätze, Vereinigtes Königreich;Prozent;Weder saisonal noch um Arbeitstage bereinigt;Österreich;Insgesamt;Standard, in Einheiten;0,50;AB003C011
Monat;2015;1;2;06;;Leitzinssätze, Norwegen;Prozent;Weder saisonal noch um Arbeitstage bereinigt;Österreich;Insgesamt;Standard, in Einheiten;1,00;AB003C012
Monat;2015;1;2;06;;Leitzinssätze, Schweiz ;Prozent;Weder saisonal noch um Arbeitstage bereinigt;Österreich;Insgesamt;Standard, in Einheiten;-0,75;AB003C013
Monat;2015;1;2;06;;Leitzinssätze, USA;Prozent;Weder saisonal noch um Arbeitstage bereinigt;Österreich;Insgesamt;Standard, in Einheiten;0,25;AB003C014
Monat;2015;1;2;06;;Leitzinssätze, Japan;Prozent;Weder saisonal noch um Arbeitstage bereinigt;Österreich;Insgesamt;Standard, in Einheiten;0,10;AB003C015
Monat;2015;2;3;07;;Leitzinssätze, Euroraum-wechselnde Zusammensetzung;Prozent;Weder saisonal noch um Arbeitstage bereinigt;Österreich;Insgesamt;Standard, in Einheiten;0,05;AB003C000
Monat;2015;2;3;07;;Leitzinssätze, Tschechische Republik;Prozent;Weder saisonal noch um Arbeitstage bereinigt;Österreich;Insgesamt;Standard, in Einheiten;0,05;AB003C002
Monat;2015;2;3;07;;Leitzinssätze, Dänemark;Prozent;Weder saisonal noch um Arbeitstage bereinigt;Österreich;Insgesamt;Standard, in Einheiten;0,05;AB003C003
Monat;2015;2;3;07;;Leitzinssätze, Ungarn;Prozent;Weder saisonal noch um Arbeitstage bereinigt;Österreich;Insgesamt;Standard, in Einheiten;1,35;AB003C006
Monat;2015;2;3;07;;Leitzinssätze, Polen;Prozent;Weder saisonal noch um Arbeitstage bereinigt;Österreich;Insgesamt;Standard, in Einheiten;1,50;AB003C007
Monat;2015;2;3;07;;Leitzinssätze, Rumänien;Prozent;Weder saisonal noch um Arbeitstage bereinigt;Österreich;Insgesamt;Standard, in Einheiten;1,75;AB003C008
Monat;2015;2;3;07;;Leitzinssätze, Schweden;Prozent;Weder saisonal noch um Arbeitstage bereinigt;Österreich;Insgesamt;Standard, in Einheiten;-0,35;AB003C010
Monat;2015;2;3;07;;Leitzinssätze, Vereinigtes Königreich;Prozent;Weder saisonal noch um Arbeitstage bereinigt;Österreich;Insgesamt;Standard, in Einheiten;0,50;AB003C011
Monat;2015;2;3;07;;Leitzinssätze, Norwegen;Prozent;Weder saisonal noch um Arbeitstage bereinigt;Österreich;Insgesamt;Standard, in Einheiten;1,00;AB003C012
Monat;2015;2;3;07;;Leitzinssätze, Schweiz ;Prozent;Weder saisonal noch um Arbeitstage bereinigt;Österreich;Insgesamt;Standard, in Einheiten;-0,75;AB003C013
Monat;2015;2;3;07;;Leitzinssätze, USA;Prozent;Weder saisonal noch um Arbeitstage bereinigt;Österreich;Insgesamt;Standard, in Einheiten;0,25;AB003C014
Monat;2015;2;3;07;;Leitzinssätze, Japan;Prozent;Weder saisonal noch um Arbeitstage bereinigt;Österreich;Insgesamt;Standard, in Einheiten;0,10;AB003C015
Monat;2015;2;3;08;;Leitzinssätze, Euroraum-wechselnde Zusammensetzung;Prozent;Weder saisonal noch um Arbeitstage bereinigt;Österreich;Insgesamt;Standard, in Einheiten;0,05;AB003C000
Monat;2015;2;3;08;;Leitzinssätze, Tschechische Republik;Prozent;Weder saisonal noch um Arbeitstage bereinigt;Österreich;Insgesamt;Standard, in Einheiten;0,05;AB003C002
Monat;2015;2;3;08;;Leitzinssätze, Dänemark;Prozent;Weder saisonal noch um Arbeitstage bereinigt;Österreich;Insgesamt;Standard, in Einheiten;0,05;AB003C003
Monat;2015;2;3;08;;Leitzinssätze, Ungarn;Prozent;Weder saisonal noch um Arbeitstage bereinigt;Österreich;Insgesamt;Standard, in Einheiten;1,35;AB003C006
Monat;2015;2;3;08;;Leitzinssätze, Polen;Prozent;Weder saisonal noch um Arbeitstage bereinigt;Österreich;Insgesamt;Standard, in Einheiten;1,50;AB003C007
Monat;2015;2;3;08;;Leitzinssätze, Rumänien;Prozent;Weder saisonal noch um Arbeitstage bereinigt;Österreich;Insgesamt;Standard, in Einheiten;1,75;AB003C008
Monat;2015;2;3;08;;Leitzinssätze, Schweden;Prozent;Weder saisonal noch um Arbeitstage bereinigt;Österreich;Insgesamt;Standard, in Einheiten;-0,35;AB003C010
Monat;2015;2;3;08;;Leitzinssätze, Vereinigtes Königreich;Prozent;Weder saisonal noch um Arbeitstage bereinigt;Österreich;Insgesamt;Standard, in Einheiten;0,50;AB003C011
Monat;2015;2;3;08;;Leitzinssätze, Norwegen;Prozent;Weder saisonal noch um Arbeitstage bereinigt;Österreich;Insgesamt;Standard, in Einheiten;1,00;AB003C012
Monat;2015;2;3;08;;Leitzinssätze, Schweiz ;Prozent;Weder saisonal noch um Arbeitstage bereinigt;Österreich;Insgesamt;Standard, in Einheiten;-0,75;AB003C013
Monat;2015;2;3;08;;Leitzinssätze, USA;Prozent;Weder saisonal noch um Arbeitstage bereinigt;Österreich;Insgesamt;Standard, in Einheiten;0,25;AB003C014
Monat;2015;2;3;08;;Leitzinssätze, Japan;Prozent;Weder saisonal noch um Arbeitstage bereinigt;Österreich;Insgesamt;Standard, in Einheiten;0,10;AB003C015
Monat;2015;2;3;09;;Leitzinssätze, Euroraum-wechselnde Zusammensetzung;Prozent;Weder saisonal noch um Arbeitstage bereinigt;Österreich;Insgesamt;Standard, in Einheiten;0,05;AB003C000
Monat;2015;2;3;09;;Leitzinssätze, Tschechische Republik;Prozent;Weder saisonal noch um Arbeitstage bereinigt;Österreich;Insgesamt;Standard, in Einheiten;0,05;AB003C002
Monat;2015;2;3;09;;Leitzinssätze, Dänemark;Prozent;Weder saisonal noch um Arbeitstage bereinigt;Österreich;Insgesamt;Standard, in Einheiten;0,05;AB003C003
Monat;2015;2;3;09;;Leitzinssätze, Ungarn;Prozent;Weder saisonal noch um Arbeitstage bereinigt;Österreich;Insgesamt;Standard, in Einheiten;1,35;AB003C006
Monat;2015;2;3;09;;Leitzinssätze, Polen;Prozent;Weder saisonal noch um Arbeitstage bereinigt;Österreich;Insgesamt;Standard, in Einheiten;1,50;AB003C007
Monat;2015;2;3;09;;Leitzinssätze, Rumänien;Prozent;Weder saisonal noch um Arbeitstage bereinigt;Österreich;Insgesamt;Standard, in Einheiten;1,75;AB003C008
Monat;2015;2;3;09;;Leitzinssätze, Schweden;Prozent;Weder saisonal noch um Arbeitstage bereinigt;Österreich;Insgesamt;Standard, in Einheiten;-0,35;AB003C010
Monat;2015;2;3;09;;Leitzinssätze, Vereinigtes Königreich;Prozent;Weder saisonal noch um Arbeitstage bereinigt;Österreich;Insgesamt;Standard, in Einheiten;0,50;AB003C011
Monat;2015;2;3;09;;Leitzinssätze, Norwegen;Prozent;Weder saisonal noch um Arbeitstage bereinigt;Österreich;Insgesamt;Standard, in Einheiten;0,75;AB003C012
Monat;2015;2;3;09;;Leitzinssätze, Schweiz ;Prozent;Weder saisonal noch um Arbeitstage bereinigt;Österreich;Insgesamt;Standard, in Einheiten;-0,75;AB003C013
Monat;2015;2;3;09;;Leitzinssätze, USA;Prozent;Weder saisonal noch um Arbeitstage bereinigt;Österreich;Insgesamt;Standard, in Einheiten;0,25;AB003C014
Monat;2015;2;3;09;;Leitzinssätze, Japan;Prozent;Weder saisonal noch um Arbeitstage bereinigt;Österreich;Insgesamt;Standard, in Einheiten;0,10;AB003C015
Monat;2015;2;4;10;;Leitzinssätze, Euroraum-wechselnde Zusammensetzung;Prozent;Weder saisonal noch um Arbeitstage bereinigt;Österreich;Insgesamt;Standard, in Einheiten;0,05;AB003C000
Monat;2015;2;4;10;;Leitzinssätze, Tschechische Republik;Prozent;Weder saisonal noch um Arbeitstage bereinigt;Österreich;Insgesamt;Standard, in Einheiten;0,05;AB003C002
Monat;2015;2;4;10;;Leitzinssätze, Dänemark;Prozent;Weder saisonal noch um Arbeitstage bereinigt;Österreich;Insgesamt;Standard, in Einheiten;0,05;AB003C003
Monat;2015;2;4;10;;Leitzinssätze, Ungarn;Prozent;Weder saisonal noch um Arbeitstage bereinigt;Österreich;Insgesamt;Standard, in Einheiten;1,35;AB003C006
Monat;2015;2;4;10;;Leitzinssätze, Polen;Prozent;Weder saisonal noch um Arbeitstage bereinigt;Österreich;Insgesamt;Standard, in Einheiten;1,50;AB003C007
Monat;2015;2;4;10;;Leitzinssätze, Rumänien;Prozent;Weder saisonal noch um Arbeitstage bereinigt;Österreich;Insgesamt;Standard, in Einheiten;1,75;AB003C008
Monat;2015;2;4;10;;Leitzinssätze, Schweden;Prozent;Weder saisonal noch um Arbeitstage bereinigt;Österreich;Insgesamt;Standard, in Einheiten;-0,35;AB003C010
Monat;2015;2;4;10;;Leitzinssätze, Vereinigtes Königreich;Prozent;Weder saisonal noch um Arbeitstage bereinigt;Österreich;Insgesamt;Standard, in Einheiten;0,50;AB003C011
Monat;2015;2;4;10;;Leitzinssätze, Norwegen;Prozent;Weder saisonal noch um Arbeitstage bereinigt;Österreich;Insgesamt;Standard, in Einheiten;0,75;AB003C012
Monat;2015;2;4;10;;Leitzinssätze, Schweiz ;Prozent;Weder saisonal noch um Arbeitstage bereinigt;Österreich;Insgesamt;Standard, in Einheiten;-0,75;AB003C013
Monat;2015;2;4;10;;Leitzinssätze, USA;Prozent;Weder saisonal noch um Arbeitstage bereinigt;Österreich;Insgesamt;Standard, in Einheiten;0,25;AB003C014
Monat;2015;2;4;10;;Leitzinssätze, Japan;Prozent;Weder saisonal noch um Arbeitstage bereinigt;Österreich;Insgesamt;Standard, in Einheiten;0,10;AB003C015
Monat;2015;2;4;11;;Leitzinssätze, Euroraum-wechselnde Zusammensetzung;Prozent;Weder saisonal noch um Arbeitstage bereinigt;Österreich;Insgesamt;Standard, in Einheiten;0,05;AB003C000
Monat;2015;2;4;11;;Leitzinssätze, Tschechische Republik;Prozent;Weder saisonal noch um Arbeitstage bereinigt;Österreich;Insgesamt;Standard, in Einheiten;0,05;AB003C002
Monat;2015;2;4;11;;Leitzinssätze, Dänemark;Prozent;Weder saisonal noch um Arbeitstage bereinigt;Österreich;Insgesamt;Standard, in Einheiten;0,05;AB003C003
Monat;2015;2;4;11;;Leitzinssätze, Ungarn;Prozent;Weder saisonal noch um Arbeitstage bereinigt;Österreich;Insgesamt;Standard, in Einheiten;1,35;AB003C006
Monat;2015;2;4;11;;Leitzinssätze, Polen;Prozent;Weder saisonal noch um Arbeitstage bereinigt;Österreich;Insgesamt;Standard, in Einheiten;1,50;AB003C007
Monat;2015;2;4;11;;Leitzinssätze, Rumänien;Prozent;Weder saisonal noch um Arbeitstage bereinigt;Österreich;Insgesamt;Standard, in Einheiten;1,75;AB003C008
Monat;2015;2;4;11;;Leitzinssätze, Schweden;Prozent;Weder saisonal noch um Arbeitstage bereinigt;Österreich;Insgesamt;Standard, in Einheiten;-0,35;AB003C010
Monat;2015;2;4;11;;Leitzinssätze, Vereinigtes Königreich;Prozent;Weder saisonal noch um Arbeitstage bereinigt;Österreich;Insgesamt;Standard, in Einheiten;0,50;AB003C011
Monat;2015;2;4;11;;Leitzinssätze, Norwegen;Prozent;Weder saisonal noch um Arbeitstage bereinigt;Österreich;Insgesamt;Standard, in Einheiten;0,75;AB003C012
Monat;2015;2;4;11;;Leitzinssätze, Schweiz ;Prozent;Weder saisonal noch um Arbeitstage bereinigt;Österreich;Insgesamt;Standard, in Einheiten;-0,75;AB003C013
Monat;2015;2;4;11;;Leitzinssätze, USA;Prozent;Weder saisonal noch um Arbeitstage bereinigt;Österreich;Insgesamt;Standard, in Einheiten;0,25;AB003C014
Monat;2015;2;4;11;;Leitzinssätze, Japan;Prozent;Weder saisonal noch um Arbeitstage bereinigt;Österreich;Insgesamt;Standard, in Einheiten;0,10;AB003C015
Monat;2015;2;4;12;;Leitzinssätze, Euroraum-wechselnde Zusammensetzung;Prozent;Weder saisonal noch um Arbeitstage bereinigt;Österreich;Insgesamt;Standard, in Einheiten;0,05;AB003C000
Monat;2015;2;4;12;;Leitzinssätze, Tschechische Republik;Prozent;Weder saisonal noch um Arbeitstage bereinigt;Österreich;Insgesamt;Standard, in Einheiten;0,05;AB003C002
Monat;2015;2;4;12;;Leitzinssätze, Dänemark;Prozent;Weder saisonal noch um Arbeitstage bereinigt;Österreich;Insgesamt;Standard, in Einheiten;0,05;AB003C003
Monat;2015;2;4;12;;Leitzinssätze, Ungarn;Prozent;Weder saisonal noch um Arbeitstage bereinigt;Österreich;Insgesamt;Standard, in Einheiten;1,35;AB003C006
Monat;2015;2;4;12;;Leitzinssätze, Polen;Prozent;Weder saisonal noch um Arbeitstage bereinigt;Österreich;Insgesamt;Standard, in Einheiten;1,50;AB003C007
Monat;2015;2;4;12;;Leitzinssätze, Rumänien;Prozent;Weder saisonal noch um Arbeitstage bereinigt;Österreich;Insgesamt;Standard, in Einheiten;1,75;AB003C008
Monat;2015;2;4;12;;Leitzinssätze, Schweden;Prozent;Weder saisonal noch um Arbeitstage bereinigt;Österreich;Insgesamt;Standard, in Einheiten;-0,35;AB003C010
Monat;2015;2;4;12;;Leitzinssätze, Vereinigtes Königreich;Prozent;Weder saisonal noch um Arbeitstage bereinigt;Österreich;Insgesamt;Standard, in Einheiten;0,50;AB003C011
Monat;2015;2;4;12;;Leitzinssätze, Norwegen;Prozent;Weder saisonal noch um Arbeitstage bereinigt;Österreich;Insgesamt;Standard, in Einheiten;0,75;AB003C012
Monat;2015;2;4;12;;Leitzinssätze, Schweiz ;Prozent;Weder saisonal noch um Arbeitstage bereinigt;Österreich;Insgesamt;Standard, in Einheiten;-0,75;AB003C013
Monat;2015;2;4;12;;Leitzinssätze, USA;Prozent;Weder saisonal noch um Arbeitstage bereinigt;Österreich;Insgesamt;Standard, in Einheiten;0,50;AB003C014
Monat;2015;2;4;12;;Leitzinssätze, Japan;Prozent;Weder saisonal noch um Arbeitstage bereinigt;Österreich;Insgesamt;Standard, in Einheiten;0,10;AB003C015
Monat;2016;1;1;01;;Leitzinssätze, Euroraum-wechselnde Zusammensetzung;Prozent;Weder saisonal noch um Arbeitstage bereinigt;Österreich;Insgesamt;Standard, in Einheiten;0,05;AB003C000
Monat;2016;1;1;01;;Leitzinssätze, Tschechische Republik;Prozent;Weder saisonal noch um Arbeitstage bereinigt;Österreich;Insgesamt;Standard, in Einheiten;0,05;AB003C002
Monat;2016;1;1;01;;Leitzinssätze, Dänemark;Prozent;Weder saisonal noch um Arbeitstage bereinigt;Österreich;Insgesamt;Standard, in Einheiten;0,05;AB003C003
Monat;2016;1;1;01;;Leitzinssätze, Ungarn;Prozent;Weder saisonal noch um Arbeitstage bereinigt;Österreich;Insgesamt;Standard, in Einheiten;1,35;AB003C006
Monat;2016;1;1;01;;Leitzinssätze, Polen;Prozent;Weder saisonal noch um Arbeitstage bereinigt;Österreich;Insgesamt;Standard, in Einheiten;1,50;AB003C007
Monat;2016;1;1;01;;Leitzinssätze, Rumänien;Prozent;Weder saisonal noch um Arbeitstage bereinigt;Österreich;Insgesamt;Standard, in Einheiten;1,75;AB003C008
Monat;2016;1;1;01;;Leitzinssätze, Schweden;Prozent;Weder saisonal noch um Arbeitstage bereinigt;Österreich;Insgesamt;Standard, in Einheiten;-0,35;AB003C010
Monat;2016;1;1;01;;Leitzinssätze, Vereinigtes Königreich;Prozent;Weder saisonal noch um Arbeitstage bereinigt;Österreich;Insgesamt;Standard, in Einheiten;0,50;AB003C011
Monat;2016;1;1;01;;Leitzinssätze, Norwegen;Prozent;Weder saisonal noch um Arbeitstage bereinigt;Österreich;Insgesamt;Standard, in Einheiten;0,75;AB003C012
Monat;2016;1;1;01;;Leitzinssätze, Schweiz ;Prozent;Weder saisonal noch um Arbeitstage bereinigt;Österreich;Insgesamt;Standard, in Einheiten;-0,75;AB003C013
Monat;2016;1;1;01;;Leitzinssätze, USA;Prozent;Weder saisonal noch um Arbeitstage bereinigt;Österreich;Insgesamt;Standard, in Einheiten;0,50;AB003C014
Monat;2016;1;1;01;;Leitzinssätze, Japan;Prozent;Weder saisonal noch um Arbeitstage bereinigt;Österreich;Insgesamt;Standard, in Einheiten;-0,10;AB003C015
Monat;2016;1;1;02;;Leitzinssätze, Euroraum-wechselnde Zusammensetzung;Prozent;Weder saisonal noch um Arbeitstage bereinigt;Österreich;Insgesamt;Standard, in Einheiten;0,05;AB003C000
Monat;2016;1;1;02;;Leitzinssätze, Tschechische Republik;Prozent;Weder saisonal noch um Arbeitstage bereinigt;Österreich;Insgesamt;Standard, in Einheiten;0,05;AB003C002
Monat;2016;1;1;02;;Leitzinssätze, Dänemark;Prozent;Weder saisonal noch um Arbeitstage bereinigt;Österreich;Insgesamt;Standard, in Einheiten;0,05;AB003C003
Monat;2016;1;1;02;;Leitzinssätze, Ungarn;Prozent;Weder saisonal noch um Arbeitstage bereinigt;Österreich;Insgesamt;Standard, in Einheiten;1,35;AB003C006
Monat;2016;1;1;02;;Leitzinssätze, Polen;Prozent;Weder saisonal noch um Arbeitstage bereinigt;Österreich;Insgesamt;Standard, in Einheiten;1,50;AB003C007
Monat;2016;1;1;02;;Leitzinssätze, Rumänien;Prozent;Weder saisonal noch um Arbeitstage bereinigt;Österreich;Insgesamt;Standard, in Einheiten;1,75;AB003C008
Monat;2016;1;1;02;;Leitzinssätze, Schweden;Prozent;Weder saisonal noch um Arbeitstage bereinigt;Österreich;Insgesamt;Standard, in Einheiten;-0,50;AB003C010
Monat;2016;1;1;02;;Leitzinssätze, Vereinigtes Königreich;Prozent;Weder saisonal noch um Arbeitstage bereinigt;Österreich;Insgesamt;Standard, in Einheiten;0,50;AB003C011
Monat;2016;1;1;02;;Leitzinssätze, Norwegen;Prozent;Weder saisonal noch um Arbeitstage bereinigt;Österreich;Insgesamt;Standard, in Einheiten;0,75;AB003C012
Monat;2016;1;1;02;;Leitzinssätze, Schweiz ;Prozent;Weder saisonal noch um Arbeitstage bereinigt;Österreich;Insgesamt;Standard, in Einheiten;-0,75;AB003C013
Monat;2016;1;1;02;;Leitzinssätze, USA;Prozent;Weder saisonal noch um Arbeitstage bereinigt;Österreich;Insgesamt;Standard, in Einheiten;0,50;AB003C014
Monat;2016;1;1;02;;Leitzinssätze, Japan;Prozent;Weder saisonal noch um Arbeitstage bereinigt;Österreich;Insgesamt;Standard, in Einheiten;-0,10;AB003C015
Monat;2016;1;1;03;;Leitzinssätze, Euroraum-wechselnde Zusammensetzung;Prozent;Weder saisonal noch um Arbeitstage bereinigt;Österreich;Insgesamt;Standard, in Einheiten;0,00;AB003C000
Monat;2016;1;1;03;;Leitzinssätze, Tschechische Republik;Prozent;Weder saisonal noch um Arbeitstage bereinigt;Österreich;Insgesamt;Standard, in Einheiten;0,05;AB003C002
Monat;2016;1;1;03;;Leitzinssätze, Dänemark;Prozent;Weder saisonal noch um Arbeitstage bereinigt;Österreich;Insgesamt;Standard, in Einheiten;0,05;AB003C003
Monat;2016;1;1;03;;Leitzinssätze, Ungarn;Prozent;Weder saisonal noch um Arbeitstage bereinigt;Österreich;Insgesamt;Standard, in Einheiten;1,20;AB003C006
Monat;2016;1;1;03;;Leitzinssätze, Polen;Prozent;Weder saisonal noch um Arbeitstage bereinigt;Österreich;Insgesamt;Standard, in Einheiten;1,50;AB003C007
Monat;2016;1;1;03;;Leitzinssätze, Rumänien;Prozent;Weder saisonal noch um Arbeitstage bereinigt;Österreich;Insgesamt;Standard, in Einheiten;1,75;AB003C008
Monat;2016;1;1;03;;Leitzinssätze, Schweden;Prozent;Weder saisonal noch um Arbeitstage bereinigt;Österreich;Insgesamt;Standard, in Einheiten;-0,50;AB003C010
Monat;2016;1;1;03;;Leitzinssätze, Vereinigtes Königreich;Prozent;Weder saisonal noch um Arbeitstage bereinigt;Österreich;Insgesamt;Standard, in Einheiten;0,50;AB003C011
Monat;2016;1;1;03;;Leitzinssätze, Norwegen;Prozent;Weder saisonal noch um Arbeitstage bereinigt;Österreich;Insgesamt;Standard, in Einheiten;0,50;AB003C012
Monat;2016;1;1;03;;Leitzinssätze, Schweiz ;Prozent;Weder saisonal noch um Arbeitstage bereinigt;Österreich;Insgesamt;Standard, in Einheiten;-0,75;AB003C013
Monat;2016;1;1;03;;Leitzinssätze, USA;Prozent;Weder saisonal noch um Arbeitstage bereinigt;Österreich;Insgesamt;Standard, in Einheiten;0,50;AB003C014
Monat;2016;1;1;03;;Leitzinssätze, Japan;Prozent;Weder saisonal noch um Arbeitstage bereinigt;Österreich;Insgesamt;Standard, in Einheiten;-0,10;AB003C015
Monat;2016;1;2;04;;Leitzinssätze, Euroraum-wechselnde Zusammensetzung;Prozent;Weder saisonal noch um Arbeitstage bereinigt;Österreich;Insgesamt;Standard, in Einheiten;0,00;AB003C000
Monat;2016;1;2;04;;Leitzinssätze, Tschechische Republik;Prozent;Weder saisonal noch um Arbeitstage bereinigt;Österreich;Insgesamt;Standard, in Einheiten;0,05;AB003C002
Monat;2016;1;2;04;;Leitzinssätze, Dänemark;Prozent;Weder saisonal noch um Arbeitstage bereinigt;Österreich;Insgesamt;Standard, in Einheiten;0,05;AB003C003
Monat;2016;1;2;04;;Leitzinssätze, Ungarn;Prozent;Weder saisonal noch um Arbeitstage bereinigt;Österreich;Insgesamt;Standard, in Einheiten;1,05;AB003C006
Monat;2016;1;2;04;;Leitzinssätze, Polen;Prozent;Weder saisonal noch um Arbeitstage bereinigt;Österreich;Insgesamt;Standard, in Einheiten;1,50;AB003C007
Monat;2016;1;2;04;;Leitzinssätze, Rumänien;Prozent;Weder saisonal noch um Arbeitstage bereinigt;Österreich;Insgesamt;Standard, in Einheiten;1,75;AB003C008
Monat;2016;1;2;04;;Leitzinssätze, Schweden;Prozent;Weder saisonal noch um Arbeitstage bereinigt;Österreich;Insgesamt;Standard, in Einheiten;-0,50;AB003C010
Monat;2016;1;2;04;;Leitzinssätze, Vereinigtes Königreich;Prozent;Weder saisonal noch um Arbeitstage bereinigt;Österreich;Insgesamt;Standard, in Einheiten;0,50;AB003C011
Monat;2016;1;2;04;;Leitzinssätze, Norwegen;Prozent;Weder saisonal noch um Arbeitstage bereinigt;Österreich;Insgesamt;Standard, in Einheiten;0,50;AB003C012
Monat;2016;1;2;04;;Leitzinssätze, Schweiz ;Prozent;Weder saisonal noch um Arbeitstage bereinigt;Österreich;Insgesamt;Standard, in Einheiten;-0,75;AB003C013
Monat;2016;1;2;04;;Leitzinssätze, USA;Prozent;Weder saisonal noch um Arbeitstage bereinigt;Österreich;Insgesamt;Standard, in Einheiten;0,50;AB003C014
Monat;2016;1;2;04;;Leitzinssätze, Japan;Prozent;Weder saisonal noch um Arbeitstage bereinigt;Österreich;Insgesamt;Standard, in Einheiten;-0,10;AB003C015
Monat;2016;1;2;05;;Leitzinssätze, Euroraum-wechselnde Zusammensetzung;Prozent;Weder saisonal noch um Arbeitstage bereinigt;Österreich;Insgesamt;Standard, in Einheiten;0,00;AB003C000
Monat;2016;1;2;05;;Leitzinssätze, Tschechische Republik;Prozent;Weder saisonal noch um Arbeitstage bereinigt;Österreich;Insgesamt;Standard, in Einheiten;0,05;AB003C002
Monat;2016;1;2;05;;Leitzinssätze, Dänemark;Prozent;Weder saisonal noch um Arbeitstage bereinigt;Österreich;Insgesamt;Standard, in Einheiten;0,05;AB003C003
Monat;2016;1;2;05;;Leitzinssätze, Ungarn;Prozent;Weder saisonal noch um Arbeitstage bereinigt;Österreich;Insgesamt;Standard, in Einheiten;0,90;AB003C006
Monat;2016;1;2;05;;Leitzinssätze, Polen;Prozent;Weder saisonal noch um Arbeitstage bereinigt;Österreich;Insgesamt;Standard, in Einheiten;1,50;AB003C007
Monat;2016;1;2;05;;Leitzinssätze, Rumänien;Prozent;Weder saisonal noch um Arbeitstage bereinigt;Österreich;Insgesamt;Standard, in Einheiten;1,75;AB003C008
Monat;2016;1;2;05;;Leitzinssätze, Schweden;Prozent;Weder saisonal noch um Arbeitstage bereinigt;Österreich;Insgesamt;Standard, in Einheiten;-0,50;AB003C010
Monat;2016;1;2;05;;Leitzinssätze, Vereinigtes Königreich;Prozent;Weder saisonal noch um Arbeitstage bereinigt;Österreich;Insgesamt;Standard, in Einheiten;0,50;AB003C011
Monat;2016;1;2;05;;Leitzinssätze, Norwegen;Prozent;Weder saisonal noch um Arbeitstage bereinigt;Österreich;Insgesamt;Standard, in Einheiten;0,50;AB003C012
Monat;2016;1;2;05;;Leitzinssätze, Schweiz ;Prozent;Weder saisonal noch um Arbeitstage bereinigt;Österreich;Insgesamt;Standard, in Einheiten;-0,75;AB003C013
Monat;2016;1;2;05;;Leitzinssätze, USA;Prozent;Weder saisonal noch um Arbeitstage bereinigt;Österreich;Insgesamt;Standard, in Einheiten;0,50;AB003C014
Monat;2016;1;2;05;;Leitzinssätze, Japan;Prozent;Weder saisonal noch um Arbeitstage bereinigt;Österreich;Insgesamt;Standard, in Einheiten;-0,10;AB003C015
Monat;2016;1;2;06;;Leitzinssätze, Euroraum-wechselnde Zusammensetzung;Prozent;Weder saisonal noch um Arbeitstage bereinigt;Österreich;Insgesamt;Standard, in Einheiten;0,00;AB003C000
Monat;2016;1;2;06;;Leitzinssätze, Tschechische Republik;Prozent;Weder saisonal noch um Arbeitstage bereinigt;Österreich;Insgesamt;Standard, in Einheiten;0,05;AB003C002
Monat;2016;1;2;06;;Leitzinssätze, Dänemark;Prozent;Weder saisonal noch um Arbeitstage bereinigt;Österreich;Insgesamt;Standard, in Einheiten;0,05;AB003C003
Monat;2016;1;2;06;;Leitzinssätze, Ungarn;Prozent;Weder saisonal noch um Arbeitstage bereinigt;Österreich;Insgesamt;Standard, in Einheiten;0,90;AB003C006
Monat;2016;1;2;06;;Leitzinssätze, Polen;Prozent;Weder saisonal noch um Arbeitstage bereinigt;Österreich;Insgesamt;Standard, in Einheiten;1,50;AB003C007
Monat;2016;1;2;06;;Leitzinssätze, Rumänien;Prozent;Weder saisonal noch um Arbeitstage bereinigt;Österreich;Insgesamt;Standard, in Einheiten;1,75;AB003C008
Monat;2016;1;2;06;;Leitzinssätze, Schweden;Prozent;Weder saisonal noch um Arbeitstage bereinigt;Österreich;Insgesamt;Standard, in Einheiten;-0,50;AB003C010
Monat;2016;1;2;06;;Leitzinssätze, Vereinigtes Königreich;Prozent;Weder saisonal noch um Arbeitstage bereinigt;Österreich;Insgesamt;Standard, in Einheiten;0,50;AB003C011
Monat;2016;1;2;06;;Leitzinssätze, Norwegen;Prozent;Weder saisonal noch um Arbeitstage bereinigt;Österreich;Insgesamt;Standard, in Einheiten;0,50;AB003C012
Monat;2016;1;2;06;;Leitzinssätze, Schweiz ;Prozent;Weder saisonal noch um Arbeitstage bereinigt;Österreich;Insgesamt;Standard, in Einheiten;-0,75;AB003C013
Monat;2016;1;2;06;;Leitzinssätze, USA;Prozent;Weder saisonal noch um Arbeitstage bereinigt;Österreich;Insgesamt;Standard, in Einheiten;0,50;AB003C014
Monat;2016;1;2;06;;Leitzinssätze, Japan;Prozent;Weder saisonal noch um Arbeitstage bereinigt;Österreich;Insgesamt;Standard, in Einheiten;-0,10;AB003C015
Monat;2016;2;3;07;;Leitzinssätze, Euroraum-wechselnde Zusammensetzung;Prozent;Weder saisonal noch um Arbeitstage bereinigt;Österreich;Insgesamt;Standard, in Einheiten;0,00;AB003C000
Monat;2016;2;3;07;;Leitzinssätze, Tschechische Republik;Prozent;Weder saisonal noch um Arbeitstage bereinigt;Österreich;Insgesamt;Standard, in Einheiten;0,05;AB003C002
Monat;2016;2;3;07;;Leitzinssätze, Dänemark;Prozent;Weder saisonal noch um Arbeitstage bereinigt;Österreich;Insgesamt;Standard, in Einheiten;0,05;AB003C003
Monat;2016;2;3;07;;Leitzinssätze, Ungarn;Prozent;Weder saisonal noch um Arbeitstage bereinigt;Österreich;Insgesamt;Standard, in Einheiten;0,90;AB003C006
Monat;2016;2;3;07;;Leitzinssätze, Polen;Prozent;Weder saisonal noch um Arbeitstage bereinigt;Österreich;Insgesamt;Standard, in Einheiten;1,50;AB003C007
Monat;2016;2;3;07;;Leitzinssätze, Rumänien;Prozent;Weder saisonal noch um Arbeitstage bereinigt;Österreich;Insgesamt;Standard, in Einheiten;1,75;AB003C008
Monat;2016;2;3;07;;Leitzinssätze, Schweden;Prozent;Weder saisonal noch um Arbeitstage bereinigt;Österreich;Insgesamt;Standard, in Einheiten;-0,50;AB003C010
Monat;2016;2;3;07;;Leitzinssätze, Vereinigtes Königreich;Prozent;Weder saisonal noch um Arbeitstage bereinigt;Österreich;Insgesamt;Standard, in Einheiten;0,50;AB003C011
Monat;2016;2;3;07;;Leitzinssätze, Norwegen;Prozent;Weder saisonal noch um Arbeitstage bereinigt;Österreich;Insgesamt;Standard, in Einheiten;0,50;AB003C012
Monat;2016;2;3;07;;Leitzinssätze, Schweiz ;Prozent;Weder saisonal noch um Arbeitstage bereinigt;Österreich;Insgesamt;Standard, in Einheiten;-0,75;AB003C013
Monat;2016;2;3;07;;Leitzinssätze, USA;Prozent;Weder saisonal noch um Arbeitstage bereinigt;Österreich;Insgesamt;Standard, in Einheiten;0,50;AB003C014
Monat;2016;2;3;07;;Leitzinssätze, Japan;Prozent;Weder saisonal noch um Arbeitstage bereinigt;Österreich;Insgesamt;Standard, in Einheiten;-0,10;AB003C015
Monat;2016;2;3;08;;Leitzinssätze, Euroraum-wechselnde Zusammensetzung;Prozent;Weder saisonal noch um Arbeitstage bereinigt;Österreich;Insgesamt;Standard, in Einheiten;0,00;AB003C000
Monat;2016;2;3;08;;Leitzinssätze, Tschechische Republik;Prozent;Weder saisonal noch um Arbeitstage bereinigt;Österreich;Insgesamt;Standard, in Einheiten;0,05;AB003C002
Monat;2016;2;3;08;;Leitzinssätze, Dänemark;Prozent;Weder saisonal noch um Arbeitstage bereinigt;Österreich;Insgesamt;Standard, in Einheiten;0,05;AB003C003
Monat;2016;2;3;08;;Leitzinssätze, Ungarn;Prozent;Weder saisonal noch um Arbeitstage bereinigt;Österreich;Insgesamt;Standard, in Einheiten;0,90;AB003C006
Monat;2016;2;3;08;;Leitzinssätze, Polen;Prozent;Weder saisonal noch um Arbeitstage bereinigt;Österreich;Insgesamt;Standard, in Einheiten;1,50;AB003C007
Monat;2016;2;3;08;;Leitzinssätze, Rumänien;Prozent;Weder saisonal noch um Arbeitstage bereinigt;Österreich;Insgesamt;Standard, in Einheiten;1,75;AB003C008
Monat;2016;2;3;08;;Leitzinssätze, Schweden;Prozent;Weder saisonal noch um Arbeitstage bereinigt;Österreich;Insgesamt;Standard, in Einheiten;-0,50;AB003C010
Monat;2016;2;3;08;;Leitzinssätze, Vereinigtes Königreich;Prozent;Weder saisonal noch um Arbeitstage bereinigt;Österreich;Insgesamt;Standard, in Einheiten;0,25;AB003C011
Monat;2016;2;3;08;;Leitzinssätze, Norwegen;Prozent;Weder saisonal noch um Arbeitstage bereinigt;Österreich;Insgesamt;Standard, in Einheiten;0,50;AB003C012
Monat;2016;2;3;08;;Leitzinssätze, Schweiz ;Prozent;Weder saisonal noch um Arbeitstage bereinigt;Österreich;Insgesamt;Standard, in Einheiten;-0,75;AB003C013
Monat;2016;2;3;08;;Leitzinssätze, USA;Prozent;Weder saisonal noch um Arbeitstage bereinigt;Österreich;Insgesamt;Standard, in Einheiten;0,50;AB003C014
Monat;2016;2;3;08;;Leitzinssätze, Japan;Prozent;Weder saisonal noch um Arbeitstage bereinigt;Österreich;Insgesamt;Standard, in Einheiten;-0,10;AB003C015
Monat;2016;2;3;09;;Leitzinssätze, Euroraum-wechselnde Zusammensetzung;Prozent;Weder saisonal noch um Arbeitstage bereinigt;Österreich;Insgesamt;Standard, in Einheiten;0,00;AB003C000
Monat;2016;2;3;09;;Leitzinssätze, Tschechische Republik;Prozent;Weder saisonal noch um Arbeitstage bereinigt;Österreich;Insgesamt;Standard, in Einheiten;0,05;AB003C002
Monat;2016;2;3;09;;Leitzinssätze, Dänemark;Prozent;Weder saisonal noch um Arbeitstage bereinigt;Österreich;Insgesamt;Standard, in Einheiten;0,05;AB003C003
Monat;2016;2;3;09;;Leitzinssätze, Ungarn;Prozent;Weder saisonal noch um Arbeitstage bereinigt;Österreich;Insgesamt;Standard, in Einheiten;0,90;AB003C006
Monat;2016;2;3;09;;Leitzinssätze, Polen;Prozent;Weder saisonal noch um Arbeitstage bereinigt;Österreich;Insgesamt;Standard, in Einheiten;1,50;AB003C007
Monat;2016;2;3;09;;Leitzinssätze, Rumänien;Prozent;Weder saisonal noch um Arbeitstage bereinigt;Österreich;Insgesamt;Standard, in Einheiten;1,75;AB003C008
Monat;2016;2;3;09;;Leitzinssätze, Schweden;Prozent;Weder saisonal noch um Arbeitstage bereinigt;Österreich;Insgesamt;Standard, in Einheiten;-0,50;AB003C010
Monat;2016;2;3;09;;Leitzinssätze, Vereinigtes Königreich;Prozent;Weder saisonal noch um Arbeitstage bereinigt;Österreich;Insgesamt;Standard, in Einheiten;0,25;AB003C011
Monat;2016;2;3;09;;Leitzinssätze, Norwegen;Prozent;Weder saisonal noch um Arbeitstage bereinigt;Österreich;Insgesamt;Standard, in Einheiten;0,50;AB003C012
Monat;2016;2;3;09;;Leitzinssätze, Schweiz ;Prozent;Weder saisonal noch um Arbeitstage bereinigt;Österreich;Insgesamt;Standard, in Einheiten;-0,75;AB003C013
Monat;2016;2;3;09;;Leitzinssätze, USA;Prozent;Weder saisonal noch um Arbeitstage bereinigt;Österreich;Insgesamt;Standard, in Einheiten;0,50;AB003C014
Monat;2016;2;3;09;;Leitzinssätze, Japan;Prozent;Weder saisonal noch um Arbeitstage bereinigt;Österreich;Insgesamt;Standard, in Einheiten;-0,10;AB003C015
Monat;2016;2;4;10;;Leitzinssätze, Euroraum-wechselnde Zusammensetzung;Prozent;Weder saisonal noch um Arbeitstage bereinigt;Österreich;Insgesamt;Standard, in Einheiten;0,00;AB003C000
Monat;2016;2;4;10;;Leitzinssätze, Tschechische Republik;Prozent;Weder saisonal noch um Arbeitstage bereinigt;Österreich;Insgesamt;Standard, in Einheiten;0,05;AB003C002
Monat;2016;2;4;10;;Leitzinssätze, Dänemark;Prozent;Weder saisonal noch um Arbeitstage bereinigt;Österreich;Insgesamt;Standard, in Einheiten;0,05;AB003C003
Monat;2016;2;4;10;;Leitzinssätze, Ungarn;Prozent;Weder saisonal noch um Arbeitstage bereinigt;Österreich;Insgesamt;Standard, in Einheiten;0,90;AB003C006
Monat;2016;2;4;10;;Leitzinssätze, Polen;Prozent;Weder saisonal noch um Arbeitstage bereinigt;Österreich;Insgesamt;Standard, in Einheiten;1,50;AB003C007
Monat;2016;2;4;10;;Leitzinssätze, Rumänien;Prozent;Weder saisonal noch um Arbeitstage bereinigt;Österreich;Insgesamt;Standard, in Einheiten;1,75;AB003C008
Monat;2016;2;4;10;;Leitzinssätze, Schweden;Prozent;Weder saisonal noch um Arbeitstage bereinigt;Österreich;Insgesamt;Standard, in Einheiten;-0,50;AB003C010
Monat;2016;2;4;10;;Leitzinssätze, Vereinigtes Königreich;Prozent;Weder saisonal noch um Arbeitstage bereinigt;Österreich;Insgesamt;Standard, in Einheiten;0,25;AB003C011
Monat;2016;2;4;10;;Leitzinssätze, Norwegen;Prozent;Weder saisonal noch um Arbeitstage bereinigt;Österreich;Insgesamt;Standard, in Einheiten;0,50;AB003C012
Monat;2016;2;4;10;;Leitzinssätze, Schweiz ;Prozent;Weder saisonal noch um Arbeitstage bereinigt;Österreich;Insgesamt;Standard, in Einheiten;-0,75;AB003C013
Monat;2016;2;4;10;;Leitzinssätze, USA;Prozent;Weder saisonal noch um Arbeitstage bereinigt;Österreich;Insgesamt;Standard, in Einheiten;0,50;AB003C014
Monat;2016;2;4;10;;Leitzinssätze, Japan;Prozent;Weder saisonal noch um Arbeitstage bereinigt;Österreich;Insgesamt;Standard, in Einheiten;-0,10;AB003C015
Monat;2016;2;4;11;;Leitzinssätze, Euroraum-wechselnde Zusammensetzung;Prozent;Weder saisonal noch um Arbeitstage bereinigt;Österreich;Insgesamt;Standard, in Einheiten;0,00;AB003C000
Monat;2016;2;4;11;;Leitzinssätze, Tschechische Republik;Prozent;Weder saisonal noch um Arbeitstage bereinigt;Österreich;Insgesamt;Standard, in Einheiten;0,05;AB003C002
Monat;2016;2;4;11;;Leitzinssätze, Dänemark;Prozent;Weder saisonal noch um Arbeitstage bereinigt;Österreich;Insgesamt;Standard, in Einheiten;0,05;AB003C003
Monat;2016;2;4;11;;Leitzinssätze, Ungarn;Prozent;Weder saisonal noch um Arbeitstage bereinigt;Österreich;Insgesamt;Standard, in Einheiten;0,90;AB003C006
Monat;2016;2;4;11;;Leitzinssätze, Polen;Prozent;Weder saisonal noch um Arbeitstage bereinigt;Österreich;Insgesamt;Standard, in Einheiten;1,50;AB003C007
Monat;2016;2;4;11;;Leitzinssätze, Rumänien;Prozent;Weder saisonal noch um Arbeitstage bereinigt;Österreich;Insgesamt;Standard, in Einheiten;1,75;AB003C008
Monat;2016;2;4;11;;Leitzinssätze, Schweden;Prozent;Weder saisonal noch um Arbeitstage bereinigt;Österreich;Insgesamt;Standard, in Einheiten;-0,50;AB003C010
Monat;2016;2;4;11;;Leitzinssätze, Vereinigtes Königreich;Prozent;Weder saisonal noch um Arbeitstage bereinigt;Österreich;Insgesamt;Standard, in Einheiten;0,25;AB003C011
Monat;2016;2;4;11;;Leitzinssätze, Norwegen;Prozent;Weder saisonal noch um Arbeitstage bereinigt;Österreich;Insgesamt;Standard, in Einheiten;0,50;AB003C012
Monat;2016;2;4;11;;Leitzinssätze, Schweiz ;Prozent;Weder saisonal noch um Arbeitstage bereinigt;Österreich;Insgesamt;Standard, in Einheiten;-0,75;AB003C013
Monat;2016;2;4;11;;Leitzinssätze, USA;Prozent;Weder saisonal noch um Arbeitstage bereinigt;Österreich;Insgesamt;Standard, in Einheiten;0,50;AB003C014
Monat;2016;2;4;11;;Leitzinssätze, Japan;Prozent;Weder saisonal noch um Arbeitstage bereinigt;Österreich;Insgesamt;Standard, in Einheiten;-0,10;AB003C015
Monat;2016;2;4;12;;Leitzinssätze, Euroraum-wechselnde Zusammensetzung;Prozent;Weder saisonal noch um Arbeitstage bereinigt;Österreich;Insgesamt;Standard, in Einheiten;0,00;AB003C000
Monat;2016;2;4;12;;Leitzinssätze, Tschechische Republik;Prozent;Weder saisonal noch um Arbeitstage bereinigt;Österreich;Insgesamt;Standard, in Einheiten;0,05;AB003C002
Monat;2016;2;4;12;;Leitzinssätze, Dänemark;Prozent;Weder saisonal noch um Arbeitstage bereinigt;Österreich;Insgesamt;Standard, in Einheiten;0,05;AB003C003
Monat;2016;2;4;12;;Leitzinssätze, Ungarn;Prozent;Weder saisonal noch um Arbeitstage bereinigt;Österreich;Insgesamt;Standard, in Einheiten;0,90;AB003C006
Monat;2016;2;4;12;;Leitzinssätze, Polen;Prozent;Weder saisonal noch um Arbeitstage bereinigt;Österreich;Insgesamt;Standard, in Einheiten;1,50;AB003C007
Monat;2016;2;4;12;;Leitzinssätze, Rumänien;Prozent;Weder saisonal noch um Arbeitstage bereinigt;Österreich;Insgesamt;Standard, in Einheiten;1,75;AB003C008
Monat;2016;2;4;12;;Leitzinssätze, Schweden;Prozent;Weder saisonal noch um Arbeitstage bereinigt;Österreich;Insgesamt;Standard, in Einheiten;-0,50;AB003C010
Monat;2016;2;4;12;;Leitzinssätze, Vereinigtes Königreich;Prozent;Weder saisonal noch um Arbeitstage bereinigt;Österreich;Insgesamt;Standard, in Einheiten;0,25;AB003C011
Monat;2016;2;4;12;;Leitzinssätze, Norwegen;Prozent;Weder saisonal noch um Arbeitstage bereinigt;Österreich;Insgesamt;Standard, in Einheiten;0,50;AB003C012
Monat;2016;2;4;12;;Leitzinssätze, Schweiz ;Prozent;Weder saisonal noch um Arbeitstage bereinigt;Österreich;Insgesamt;Standard, in Einheiten;-0,75;AB003C013
Monat;2016;2;4;12;;Leitzinssätze, USA;Prozent;Weder saisonal noch um Arbeitstage bereinigt;Österreich;Insgesamt;Standard, in Einheiten;0,75;AB003C014
Monat;2016;2;4;12;;Leitzinssätze, Japan;Prozent;Weder saisonal noch um Arbeitstage bereinigt;Österreich;Insgesamt;Standard, in Einheiten;-0,10;AB003C015
Monat;2017;1;1;01;;Leitzinssätze, Euroraum-wechselnde Zusammensetzung;Prozent;Weder saisonal noch um Arbeitstage bereinigt;Österreich;Insgesamt;Standard, in Einheiten;0,00;AB003C000
Monat;2017;1;1;01;;Leitzinssätze, Tschechische Republik;Prozent;Weder saisonal noch um Arbeitstage bereinigt;Österreich;Insgesamt;Standard, in Einheiten;0,05;AB003C002
Monat;2017;1;1;01;;Leitzinssätze, Dänemark;Prozent;Weder saisonal noch um Arbeitstage bereinigt;Österreich;Insgesamt;Standard, in Einheiten;0,05;AB003C003
Monat;2017;1;1;01;;Leitzinssätze, Ungarn;Prozent;Weder saisonal noch um Arbeitstage bereinigt;Österreich;Insgesamt;Standard, in Einheiten;0,90;AB003C006
Monat;2017;1;1;01;;Leitzinssätze, Polen;Prozent;Weder saisonal noch um Arbeitstage bereinigt;Österreich;Insgesamt;Standard, in Einheiten;1,50;AB003C007
Monat;2017;1;1;01;;Leitzinssätze, Rumänien;Prozent;Weder saisonal noch um Arbeitstage bereinigt;Österreich;Insgesamt;Standard, in Einheiten;1,75;AB003C008
Monat;2017;1;1;01;;Leitzinssätze, Schweden;Prozent;Weder saisonal noch um Arbeitstage bereinigt;Österreich;Insgesamt;Standard, in Einheiten;-0,50;AB003C010
Monat;2017;1;1;01;;Leitzinssätze, Vereinigtes Königreich;Prozent;Weder saisonal noch um Arbeitstage bereinigt;Österreich;Insgesamt;Standard, in Einheiten;0,25;AB003C011
Monat;2017;1;1;01;;Leitzinssätze, Norwegen;Prozent;Weder saisonal noch um Arbeitstage bereinigt;Österreich;Insgesamt;Standard, in Einheiten;0,50;AB003C012
Monat;2017;1;1;01;;Leitzinssätze, Schweiz ;Prozent;Weder saisonal noch um Arbeitstage bereinigt;Österreich;Insgesamt;Standard, in Einheiten;-0,75;AB003C013
Monat;2017;1;1;01;;Leitzinssätze, USA;Prozent;Weder saisonal noch um Arbeitstage bereinigt;Österreich;Insgesamt;Standard, in Einheiten;0,75;AB003C014
Monat;2017;1;1;01;;Leitzinssätze, Japan;Prozent;Weder saisonal noch um Arbeitstage bereinigt;Österreich;Insgesamt;Standard, in Einheiten;-0,10;AB003C015
Monat;2017;1;1;02;;Leitzinssätze, Euroraum-wechselnde Zusammensetzung;Prozent;Weder saisonal noch um Arbeitstage bereinigt;Österreich;Insgesamt;Standard, in Einheiten;0,00;AB003C000
Monat;2017;1;1;02;;Leitzinssätze, Tschechische Republik;Prozent;Weder saisonal noch um Arbeitstage bereinigt;Österreich;Insgesamt;Standard, in Einheiten;0,05;AB003C002
Monat;2017;1;1;02;;Leitzinssätze, Dänemark;Prozent;Weder saisonal noch um Arbeitstage bereinigt;Österreich;Insgesamt;Standard, in Einheiten;0,05;AB003C003
Monat;2017;1;1;02;;Leitzinssätze, Ungarn;Prozent;Weder saisonal noch um Arbeitstage bereinigt;Österreich;Insgesamt;Standard, in Einheiten;0,90;AB003C006
Monat;2017;1;1;02;;Leitzinssätze, Polen;Prozent;Weder saisonal noch um Arbeitstage bereinigt;Österreich;Insgesamt;Standard, in Einheiten;1,50;AB003C007
Monat;2017;1;1;02;;Leitzinssätze, Rumänien;Prozent;Weder saisonal noch um Arbeitstage bereinigt;Österreich;Insgesamt;Standard, in Einheiten;1,75;AB003C008
Monat;2017;1;1;02;;Leitzinssätze, Schweden;Prozent;Weder saisonal noch um Arbeitstage bereinigt;Österreich;Insgesamt;Standard, in Einheiten;-0,50;AB003C010
Monat;2017;1;1;02;;Leitzinssätze, Vereinigtes Königreich;Prozent;Weder saisonal noch um Arbeitstage bereinigt;Österreich;Insgesamt;Standard, in Einheiten;0,25;AB003C011
Monat;2017;1;1;02;;Leitzinssätze, Norwegen;Prozent;Weder saisonal noch um Arbeitstage bereinigt;Österreich;Insgesamt;Standard, in Einheiten;0,50;AB003C012
Monat;2017;1;1;02;;Leitzinssätze, Schweiz ;Prozent;Weder saisonal noch um Arbeitstage bereinigt;Österreich;Insgesamt;Standard, in Einheiten;-0,75;AB003C013
Monat;2017;1;1;02;;Leitzinssätze, USA;Prozent;Weder saisonal noch um Arbeitstage bereinigt;Österreich;Insgesamt;Standard, in Einheiten;0,75;AB003C014
Monat;2017;1;1;02;;Leitzinssätze, Japan;Prozent;Weder saisonal noch um Arbeitstage bereinigt;Österreich;Insgesamt;Standard, in Einheiten;-0,10;AB003C015
Monat;2017;1;1;03;;Leitzinssätze, Euroraum-wechselnde Zusammensetzung;Prozent;Weder saisonal noch um Arbeitstage bereinigt;Österreich;Insgesamt;Standard, in Einheiten;0,00;AB003C000
Monat;2017;1;1;03;;Leitzinssätze, Tschechische Republik;Prozent;Weder saisonal noch um Arbeitstage bereinigt;Österreich;Insgesamt;Standard, in Einheiten;0,05;AB003C002
Monat;2017;1;1;03;;Leitzinssätze, Dänemark;Prozent;Weder saisonal noch um Arbeitstage bereinigt;Österreich;Insgesamt;Standard, in Einheiten;0,05;AB003C003
Monat;2017;1;1;03;;Leitzinssätze, Ungarn;Prozent;Weder saisonal noch um Arbeitstage bereinigt;Österreich;Insgesamt;Standard, in Einheiten;0,90;AB003C006
Monat;2017;1;1;03;;Leitzinssätze, Polen;Prozent;Weder saisonal noch um Arbeitstage bereinigt;Österreich;Insgesamt;Standard, in Einheiten;1,50;AB003C007
Monat;2017;1;1;03;;Leitzinssätze, Rumänien;Prozent;Weder saisonal noch um Arbeitstage bereinigt;Österreich;Insgesamt;Standard, in Einheiten;1,75;AB003C008
Monat;2017;1;1;03;;Leitzinssätze, Schweden;Prozent;Weder saisonal noch um Arbeitstage bereinigt;Österreich;Insgesamt;Standard, in Einheiten;-0,50;AB003C010
Monat;2017;1;1;03;;Leitzinssätze, Vereinigtes Königreich;Prozent;Weder saisonal noch um Arbeitstage bereinigt;Österreich;Insgesamt;Standard, in Einheiten;0,25;AB003C011
Monat;2017;1;1;03;;Leitzinssätze, Norwegen;Prozent;Weder saisonal noch um Arbeitstage bereinigt;Österreich;Insgesamt;Standard, in Einheiten;0,50;AB003C012
Monat;2017;1;1;03;;Leitzinssätze, Schweiz ;Prozent;Weder saisonal noch um Arbeitstage bereinigt;Österreich;Insgesamt;Standard, in Einheiten;-0,75;AB003C013
Monat;2017;1;1;03;;Leitzinssätze, USA;Prozent;Weder saisonal noch um Arbeitstage bereinigt;Österreich;Insgesamt;Standard, in Einheiten;1,00;AB003C014
Monat;2017;1;1;03;;Leitzinssätze, Japan;Prozent;Weder saisonal noch um Arbeitstage bereinigt;Österreich;Insgesamt;Standard, in Einheiten;-0,10;AB003C015
Monat;2017;1;2;04;;Leitzinssätze, Euroraum-wechselnde Zusammensetzung;Prozent;Weder saisonal noch um Arbeitstage bereinigt;Österreich;Insgesamt;Standard, in Einheiten;0,00;AB003C000
Monat;2017;1;2;04;;Leitzinssätze, Tschechische Republik;Prozent;Weder saisonal noch um Arbeitstage bereinigt;Österreich;Insgesamt;Standard, in Einheiten;0,05;AB003C002
Monat;2017;1;2;04;;Leitzinssätze, Dänemark;Prozent;Weder saisonal noch um Arbeitstage bereinigt;Österreich;Insgesamt;Standard, in Einheiten;0,05;AB003C003
Monat;2017;1;2;04;;Leitzinssätze, Ungarn;Prozent;Weder saisonal noch um Arbeitstage bereinigt;Österreich;Insgesamt;Standard, in Einheiten;0,90;AB003C006
Monat;2017;1;2;04;;Leitzinssätze, Polen;Prozent;Weder saisonal noch um Arbeitstage bereinigt;Österreich;Insgesamt;Standard, in Einheiten;1,50;AB003C007
Monat;2017;1;2;04;;Leitzinssätze, Rumänien;Prozent;Weder saisonal noch um Arbeitstage bereinigt;Österreich;Insgesamt;Standard, in Einheiten;1,75;AB003C008
Monat;2017;1;2;04;;Leitzinssätze, Schweden;Prozent;Weder saisonal noch um Arbeitstage bereinigt;Österreich;Insgesamt;Standard, in Einheiten;-0,50;AB003C010
Monat;2017;1;2;04;;Leitzinssätze, Vereinigtes Königreich;Prozent;Weder saisonal noch um Arbeitstage bereinigt;Österreich;Insgesamt;Standard, in Einheiten;0,25;AB003C011
Monat;2017;1;2;04;;Leitzinssätze, Norwegen;Prozent;Weder saisonal noch um Arbeitstage bereinigt;Österreich;Insgesamt;Standard, in Einheiten;0,50;AB003C012
Monat;2017;1;2;04;;Leitzinssätze, Schweiz ;Prozent;Weder saisonal noch um Arbeitstage bereinigt;Österreich;Insgesamt;Standard, in Einheiten;-0,75;AB003C013
Monat;2017;1;2;04;;Leitzinssätze, USA;Prozent;Weder saisonal noch um Arbeitstage bereinigt;Österreich;Insgesamt;Standard, in Einheiten;1,00;AB003C014
Monat;2017;1;2;04;;Leitzinssätze, Japan;Prozent;Weder saisonal noch um Arbeitstage bereinigt;Österreich;Insgesamt;Standard, in Einheiten;-0,10;AB003C015
Monat;2017;1;2;05;;Leitzinssätze, Euroraum-wechselnde Zusammensetzung;Prozent;Weder saisonal noch um Arbeitstage bereinigt;Österreich;Insgesamt;Standard, in Einheiten;0,00;AB003C000
Monat;2017;1;2;05;;Leitzinssätze, Tschechische Republik;Prozent;Weder saisonal noch um Arbeitstage bereinigt;Österreich;Insgesamt;Standard, in Einheiten;0,05;AB003C002
Monat;2017;1;2;05;;Leitzinssätze, Dänemark;Prozent;Weder saisonal noch um Arbeitstage bereinigt;Österreich;Insgesamt;Standard, in Einheiten;0,05;AB003C003
Monat;2017;1;2;05;;Leitzinssätze, Ungarn;Prozent;Weder saisonal noch um Arbeitstage bereinigt;Österreich;Insgesamt;Standard, in Einheiten;0,90;AB003C006
Monat;2017;1;2;05;;Leitzinssätze, Polen;Prozent;Weder saisonal noch um Arbeitstage bereinigt;Österreich;Insgesamt;Standard, in Einheiten;1,50;AB003C007
Monat;2017;1;2;05;;Leitzinssätze, Rumänien;Prozent;Weder saisonal noch um Arbeitstage bereinigt;Österreich;Insgesamt;Standard, in Einheiten;1,75;AB003C008
Monat;2017;1;2;05;;Leitzinssätze, Schweden;Prozent;Weder saisonal noch um Arbeitstage bereinigt;Österreich;Insgesamt;Standard, in Einheiten;-0,50;AB003C010
Monat;2017;1;2;05;;Leitzinssätze, Vereinigtes Königreich;Prozent;Weder saisonal noch um Arbeitstage bereinigt;Österreich;Insgesamt;Standard, in Einheiten;0,25;AB003C011
Monat;2017;1;2;05;;Leitzinssätze, Norwegen;Prozent;Weder saisonal noch um Arbeitstage bereinigt;Österreich;Insgesamt;Standard, in Einheiten;0,50;AB003C012
Monat;2017;1;2;05;;Leitzinssätze, Schweiz ;Prozent;Weder saisonal noch um Arbeitstage bereinigt;Österreich;Insgesamt;Standard, in Einheiten;-0,75;AB003C013
Monat;2017;1;2;05;;Leitzinssätze, USA;Prozent;Weder saisonal noch um Arbeitstage bereinigt;Österreich;Insgesamt;Standard, in Einheiten;1,00;AB003C014
Monat;2017;1;2;05;;Leitzinssätze, Japan;Prozent;Weder saisonal noch um Arbeitstage bereinigt;Österreich;Insgesamt;Standard, in Einheiten;-0,10;AB003C015
Monat;2017;1;2;06;;Leitzinssätze, Euroraum-wechselnde Zusammensetzung;Prozent;Weder saisonal noch um Arbeitstage bereinigt;Österreich;Insgesamt;Standard, in Einheiten;0,00;AB003C000
Monat;2017;1;2;06;;Leitzinssätze, Tschechische Republik;Prozent;Weder saisonal noch um Arbeitstage bereinigt;Österreich;Insgesamt;Standard, in Einheiten;0,05;AB003C002
Monat;2017;1;2;06;;Leitzinssätze, Dänemark;Prozent;Weder saisonal noch um Arbeitstage bereinigt;Österreich;Insgesamt;Standard, in Einheiten;0,05;AB003C003
Monat;2017;1;2;06;;Leitzinssätze, Ungarn;Prozent;Weder saisonal noch um Arbeitstage bereinigt;Österreich;Insgesamt;Standard, in Einheiten;0,90;AB003C006
Monat;2017;1;2;06;;Leitzinssätze, Polen;Prozent;Weder saisonal noch um Arbeitstage bereinigt;Österreich;Insgesamt;Standard, in Einheiten;1,50;AB003C007
Monat;2017;1;2;06;;Leitzinssätze, Rumänien;Prozent;Weder saisonal noch um Arbeitstage bereinigt;Österreich;Insgesamt;Standard, in Einheiten;1,75;AB003C008
Monat;2017;1;2;06;;Leitzinssätze, Schweden;Prozent;Weder saisonal noch um Arbeitstage bereinigt;Österreich;Insgesamt;Standard, in Einheiten;-0,50;AB003C010
Monat;2017;1;2;06;;Leitzinssätze, Vereinigtes Königreich;Prozent;Weder saisonal noch um Arbeitstage bereinigt;Österreich;Insgesamt;Standard, in Einheiten;0,25;AB003C011
Monat;2017;1;2;06;;Leitzinssätze, Norwegen;Prozent;Weder saisonal noch um Arbeitstage bereinigt;Österreich;Insgesamt;Standard, in Einheiten;0,50;AB003C012
Monat;2017;1;2;06;;Leitzinssätze, Schweiz ;Prozent;Weder saisonal noch um Arbeitstage bereinigt;Österreich;Insgesamt;Standard, in Einheiten;-0,75;AB003C013
Monat;2017;1;2;06;;Leitzinssätze, USA;Prozent;Weder saisonal noch um Arbeitstage bereinigt;Österreich;Insgesamt;Standard, in Einheiten;1,25;AB003C014
Monat;2017;1;2;06;;Leitzinssätze, Japan;Prozent;Weder saisonal noch um Arbeitstage bereinigt;Österreich;Insgesamt;Standard, in Einheiten;-0,10;AB003C015
Monat;2017;2;3;07;;Leitzinssätze, Euroraum-wechselnde Zusammensetzung;Prozent;Weder saisonal noch um Arbeitstage bereinigt;Österreich;Insgesamt;Standard, in Einheiten;0,00;AB003C000
Monat;2017;2;3;07;;Leitzinssätze, Tschechische Republik;Prozent;Weder saisonal noch um Arbeitstage bereinigt;Österreich;Insgesamt;Standard, in Einheiten;0,05;AB003C002
Monat;2017;2;3;07;;Leitzinssätze, Dänemark;Prozent;Weder saisonal noch um Arbeitstage bereinigt;Österreich;Insgesamt;Standard, in Einheiten;0,05;AB003C003
Monat;2017;2;3;07;;Leitzinssätze, Ungarn;Prozent;Weder saisonal noch um Arbeitstage bereinigt;Österreich;Insgesamt;Standard, in Einheiten;0,90;AB003C006
Monat;2017;2;3;07;;Leitzinssätze, Polen;Prozent;Weder saisonal noch um Arbeitstage bereinigt;Österreich;Insgesamt;Standard, in Einheiten;1,50;AB003C007
Monat;2017;2;3;07;;Leitzinssätze, Rumänien;Prozent;Weder saisonal noch um Arbeitstage bereinigt;Österreich;Insgesamt;Standard, in Einheiten;1,75;AB003C008
Monat;2017;2;3;07;;Leitzinssätze, Schweden;Prozent;Weder saisonal noch um Arbeitstage bereinigt;Österreich;Insgesamt;Standard, in Einheiten;-0,50;AB003C010
Monat;2017;2;3;07;;Leitzinssätze, Vereinigtes Königreich;Prozent;Weder saisonal noch um Arbeitstage bereinigt;Österreich;Insgesamt;Standard, in Einheiten;0,25;AB003C011
Monat;2017;2;3;07;;Leitzinssätze, Norwegen;Prozent;Weder saisonal noch um Arbeitstage bereinigt;Österreich;Insgesamt;Standard, in Einheiten;0,50;AB003C012
Monat;2017;2;3;07;;Leitzinssätze, Schweiz ;Prozent;Weder saisonal noch um Arbeitstage bereinigt;Österreich;Insgesamt;Standard, in Einheiten;-0,75;AB003C013
Monat;2017;2;3;07;;Leitzinssätze, USA;Prozent;Weder saisonal noch um Arbeitstage bereinigt;Österreich;Insgesamt;Standard, in Einheiten;1,25;AB003C014
Monat;2017;2;3;07;;Leitzinssätze, Japan;Prozent;Weder saisonal noch um Arbeitstage bereinigt;Österreich;Insgesamt;Standard, in Einheiten;-0,10;AB003C015
Monat;2017;2;3;08;;Leitzinssätze, Euroraum-wechselnde Zusammensetzung;Prozent;Weder saisonal noch um Arbeitstage bereinigt;Österreich;Insgesamt;Standard, in Einheiten;0,00;AB003C000
Monat;2017;2;3;08;;Leitzinssätze, Tschechische Republik;Prozent;Weder saisonal noch um Arbeitstage bereinigt;Österreich;Insgesamt;Standard, in Einheiten;0,25;AB003C002
Monat;2017;2;3;08;;Leitzinssätze, Dänemark;Prozent;Weder saisonal noch um Arbeitstage bereinigt;Österreich;Insgesamt;Standard, in Einheiten;0,05;AB003C003
Monat;2017;2;3;08;;Leitzinssätze, Ungarn;Prozent;Weder saisonal noch um Arbeitstage bereinigt;Österreich;Insgesamt;Standard, in Einheiten;0,90;AB003C006
Monat;2017;2;3;08;;Leitzinssätze, Polen;Prozent;Weder saisonal noch um Arbeitstage bereinigt;Österreich;Insgesamt;Standard, in Einheiten;1,50;AB003C007
Monat;2017;2;3;08;;Leitzinssätze, Rumänien;Prozent;Weder saisonal noch um Arbeitstage bereinigt;Österreich;Insgesamt;Standard, in Einheiten;1,75;AB003C008
Monat;2017;2;3;08;;Leitzinssätze, Schweden;Prozent;Weder saisonal noch um Arbeitstage bereinigt;Österreich;Insgesamt;Standard, in Einheiten;-0,50;AB003C010
Monat;2017;2;3;08;;Leitzinssätze, Vereinigtes Königreich;Prozent;Weder saisonal noch um Arbeitstage bereinigt;Österreich;Insgesamt;Standard, in Einheiten;0,25;AB003C011
Monat;2017;2;3;08;;Leitzinssätze, Norwegen;Prozent;Weder saisonal noch um Arbeitstage bereinigt;Österreich;Insgesamt;Standard, in Einheiten;0,50;AB003C012
Monat;2017;2;3;08;;Leitzinssätze, Schweiz ;Prozent;Weder saisonal noch um Arbeitstage bereinigt;Österreich;Insgesamt;Standard, in Einheiten;-0,75;AB003C013
Monat;2017;2;3;08;;Leitzinssätze, USA;Prozent;Weder saisonal noch um Arbeitstage bereinigt;Österreich;Insgesamt;Standard, in Einheiten;1,25;AB003C014
Monat;2017;2;3;08;;Leitzinssätze, Japan;Prozent;Weder saisonal noch um Arbeitstage bereinigt;Österreich;Insgesamt;Standard, in Einheiten;-0,10;AB003C015
Monat;2017;2;3;09;;Leitzinssätze, Euroraum-wechselnde Zusammensetzung;Prozent;Weder saisonal noch um Arbeitstage bereinigt;Österreich;Insgesamt;Standard, in Einheiten;0,00;AB003C000
Monat;2017;2;3;09;;Leitzinssätze, Tschechische Republik;Prozent;Weder saisonal noch um Arbeitstage bereinigt;Österreich;Insgesamt;Standard, in Einheiten;0,25;AB003C002
Monat;2017;2;3;09;;Leitzinssätze, Dänemark;Prozent;Weder saisonal noch um Arbeitstage bereinigt;Österreich;Insgesamt;Standard, in Einheiten;0,05;AB003C003
Monat;2017;2;3;09;;Leitzinssätze, Ungarn;Prozent;Weder saisonal noch um Arbeitstage bereinigt;Österreich;Insgesamt;Standard, in Einheiten;0,90;AB003C006
Monat;2017;2;3;09;;Leitzinssätze, Polen;Prozent;Weder saisonal noch um Arbeitstage bereinigt;Österreich;Insgesamt;Standard, in Einheiten;1,50;AB003C007
Monat;2017;2;3;09;;Leitzinssätze, Rumänien;Prozent;Weder saisonal noch um Arbeitstage bereinigt;Österreich;Insgesamt;Standard, in Einheiten;1,75;AB003C008
Monat;2017;2;3;09;;Leitzinssätze, Schweden;Prozent;Weder saisonal noch um Arbeitstage bereinigt;Österreich;Insgesamt;Standard, in Einheiten;-0,50;AB003C010
Monat;2017;2;3;09;;Leitzinssätze, Vereinigtes Königreich;Prozent;Weder saisonal noch um Arbeitstage bereinigt;Österreich;Insgesamt;Standard, in Einheiten;0,25;AB003C011
Monat;2017;2;3;09;;Leitzinssätze, Norwegen;Prozent;Weder saisonal noch um Arbeitstage bereinigt;Österreich;Insgesamt;Standard, in Einheiten;0,50;AB003C012
Monat;2017;2;3;09;;Leitzinssätze, Schweiz ;Prozent;Weder saisonal noch um Arbeitstage bereinigt;Österreich;Insgesamt;Standard, in Einheiten;-0,75;AB003C013
Monat;2017;2;3;09;;Leitzinssätze, USA;Prozent;Weder saisonal noch um Arbeitstage bereinigt;Österreich;Insgesamt;Standard, in Einheiten;1,25;AB003C014
Monat;2017;2;3;09;;Leitzinssätze, Japan;Prozent;Weder saisonal noch um Arbeitstage bereinigt;Österreich;Insgesamt;Standard, in Einheiten;-0,10;AB003C015
Monat;2017;2;4;10;;Leitzinssätze, Euroraum-wechselnde Zusammensetzung;Prozent;Weder saisonal noch um Arbeitstage bereinigt;Österreich;Insgesamt;Standard, in Einheiten;0,00;AB003C000
Monat;2017;2;4;10;;Leitzinssätze, Tschechische Republik;Prozent;Weder saisonal noch um Arbeitstage bereinigt;Österreich;Insgesamt;Standard, in Einheiten;0,25;AB003C002
Monat;2017;2;4;10;;Leitzinssätze, Dänemark;Prozent;Weder saisonal noch um Arbeitstage bereinigt;Österreich;Insgesamt;Standard, in Einheiten;0,05;AB003C003
Monat;2017;2;4;10;;Leitzinssätze, Ungarn;Prozent;Weder saisonal noch um Arbeitstage bereinigt;Österreich;Insgesamt;Standard, in Einheiten;0,90;AB003C006
Monat;2017;2;4;10;;Leitzinssätze, Polen;Prozent;Weder saisonal noch um Arbeitstage bereinigt;Österreich;Insgesamt;Standard, in Einheiten;1,50;AB003C007
Monat;2017;2;4;10;;Leitzinssätze, Rumänien;Prozent;Weder saisonal noch um Arbeitstage bereinigt;Österreich;Insgesamt;Standard, in Einheiten;1,75;AB003C008
Monat;2017;2;4;10;;Leitzinssätze, Schweden;Prozent;Weder saisonal noch um Arbeitstage bereinigt;Österreich;Insgesamt;Standard, in Einheiten;-0,50;AB003C010
Monat;2017;2;4;10;;Leitzinssätze, Vereinigtes Königreich;Prozent;Weder saisonal noch um Arbeitstage bereinigt;Österreich;Insgesamt;Standard, in Einheiten;0,25;AB003C011
Monat;2017;2;4;10;;Leitzinssätze, Norwegen;Prozent;Weder saisonal noch um Arbeitstage bereinigt;Österreich;Insgesamt;Standard, in Einheiten;0,50;AB003C012
Monat;2017;2;4;10;;Leitzinssätze, Schweiz ;Prozent;Weder saisonal noch um Arbeitstage bereinigt;Österreich;Insgesamt;Standard, in Einheiten;-0,75;AB003C013
Monat;2017;2;4;10;;Leitzinssätze, USA;Prozent;Weder saisonal noch um Arbeitstage bereinigt;Österreich;Insgesamt;Standard, in Einheiten;1,25;AB003C014
Monat;2017;2;4;10;;Leitzinssätze, Japan;Prozent;Weder saisonal noch um Arbeitstage bereinigt;Österreich;Insgesamt;Standard, in Einheiten;-0,10;AB003C015
Monat;2017;2;4;11;;Leitzinssätze, Euroraum-wechselnde Zusammensetzung;Prozent;Weder saisonal noch um Arbeitstage bereinigt;Österreich;Insgesamt;Standard, in Einheiten;0,00;AB003C000
Monat;2017;2;4;11;;Leitzinssätze, Tschechische Republik;Prozent;Weder saisonal noch um Arbeitstage bereinigt;Österreich;Insgesamt;Standard, in Einheiten;0,50;AB003C002
Monat;2017;2;4;11;;Leitzinssätze, Dänemark;Prozent;Weder saisonal noch um Arbeitstage bereinigt;Österreich;Insgesamt;Standard, in Einheiten;0,05;AB003C003
Monat;2017;2;4;11;;Leitzinssätze, Ungarn;Prozent;Weder saisonal noch um Arbeitstage bereinigt;Österreich;Insgesamt;Standard, in Einheiten;0,90;AB003C006
Monat;2017;2;4;11;;Leitzinssätze, Polen;Prozent;Weder saisonal noch um Arbeitstage bereinigt;Österreich;Insgesamt;Standard, in Einheiten;1,50;AB003C007
Monat;2017;2;4;11;;Leitzinssätze, Rumänien;Prozent;Weder saisonal noch um Arbeitstage bereinigt;Österreich;Insgesamt;Standard, in Einheiten;1,75;AB003C008
Monat;2017;2;4;11;;Leitzinssätze, Schweden;Prozent;Weder saisonal noch um Arbeitstage bereinigt;Österreich;Insgesamt;Standard, in Einheiten;-0,50;AB003C010
Monat;2017;2;4;11;;Leitzinssätze, Vereinigtes Königreich;Prozent;Weder saisonal noch um Arbeitstage bereinigt;Österreich;Insgesamt;Standard, in Einheiten;0,50;AB003C011
Monat;2017;2;4;11;;Leitzinssätze, Norwegen;Prozent;Weder saisonal noch um Arbeitstage bereinigt;Österreich;Insgesamt;Standard, in Einheiten;0,50;AB003C012
Monat;2017;2;4;11;;Leitzinssätze, Schweiz ;Prozent;Weder saisonal noch um Arbeitstage bereinigt;Österreich;Insgesamt;Standard, in Einheiten;-0,75;AB003C013
Monat;2017;2;4;11;;Leitzinssätze, USA;Prozent;Weder saisonal noch um Arbeitstage bereinigt;Österreich;Insgesamt;Standard, in Einheiten;1,25;AB003C014
Monat;2017;2;4;11;;Leitzinssätze, Japan;Prozent;Weder saisonal noch um Arbeitstage bereinigt;Österreich;Insgesamt;Standard, in Einheiten;-0,10;AB003C015
Monat;2017;2;4;12;;Leitzinssätze, Euroraum-wechselnde Zusammensetzung;Prozent;Weder saisonal noch um Arbeitstage bereinigt;Österreich;Insgesamt;Standard, in Einheiten;0,00;AB003C000
Monat;2017;2;4;12;;Leitzinssätze, Tschechische Republik;Prozent;Weder saisonal noch um Arbeitstage bereinigt;Österreich;Insgesamt;Standard, in Einheiten;0,50;AB003C002
Monat;2017;2;4;12;;Leitzinssätze, Dänemark;Prozent;Weder saisonal noch um Arbeitstage bereinigt;Österreich;Insgesamt;Standard, in Einheiten;0,05;AB003C003
Monat;2017;2;4;12;;Leitzinssätze, Ungarn;Prozent;Weder saisonal noch um Arbeitstage bereinigt;Österreich;Insgesamt;Standard, in Einheiten;0,90;AB003C006
Monat;2017;2;4;12;;Leitzinssätze, Polen;Prozent;Weder saisonal noch um Arbeitstage bereinigt;Österreich;Insgesamt;Standard, in Einheiten;1,50;AB003C007
Monat;2017;2;4;12;;Leitzinssätze, Rumänien;Prozent;Weder saisonal noch um Arbeitstage bereinigt;Österreich;Insgesamt;Standard, in Einheiten;1,75;AB003C008
Monat;2017;2;4;12;;Leitzinssätze, Schweden;Prozent;Weder saisonal noch um Arbeitstage bereinigt;Österreich;Insgesamt;Standard, in Einheiten;-0,50;AB003C010
Monat;2017;2;4;12;;Leitzinssätze, Vereinigtes Königreich;Prozent;Weder saisonal noch um Arbeitstage bereinigt;Österreich;Insgesamt;Standard, in Einheiten;0,50;AB003C011
Monat;2017;2;4;12;;Leitzinssätze, Norwegen;Prozent;Weder saisonal noch um Arbeitstage bereinigt;Österreich;Insgesamt;Standard, in Einheiten;0,50;AB003C012
Monat;2017;2;4;12;;Leitzinssätze, Schweiz ;Prozent;Weder saisonal noch um Arbeitstage bereinigt;Österreich;Insgesamt;Standard, in Einheiten;-0,75;AB003C013
Monat;2017;2;4;12;;Leitzinssätze, USA;Prozent;Weder saisonal noch um Arbeitstage bereinigt;Österreich;Insgesamt;Standard, in Einheiten;1,50;AB003C014
Monat;2017;2;4;12;;Leitzinssätze, Japan;Prozent;Weder saisonal noch um Arbeitstage bereinigt;Österreich;Insgesamt;Standard, in Einheiten;-0,10;AB003C015
Monat;2018;1;1;01;;Leitzinssätze, Euroraum-wechselnde Zusammensetzung;Prozent;Weder saisonal noch um Arbeitstage bereinigt;Österreich;Insgesamt;Standard, in Einheiten;0,00;AB003C000
Monat;2018;1;1;01;;Leitzinssätze, Tschechische Republik;Prozent;Weder saisonal noch um Arbeitstage bereinigt;Österreich;Insgesamt;Standard, in Einheiten;0,50;AB003C002
Monat;2018;1;1;01;;Leitzinssätze, Dänemark;Prozent;Weder saisonal noch um Arbeitstage bereinigt;Österreich;Insgesamt;Standard, in Einheiten;0,05;AB003C003
Monat;2018;1;1;01;;Leitzinssätze, Ungarn;Prozent;Weder saisonal noch um Arbeitstage bereinigt;Österreich;Insgesamt;Standard, in Einheiten;0,90;AB003C006
Monat;2018;1;1;01;;Leitzinssätze, Polen;Prozent;Weder saisonal noch um Arbeitstage bereinigt;Österreich;Insgesamt;Standard, in Einheiten;1,50;AB003C007
Monat;2018;1;1;01;;Leitzinssätze, Rumänien;Prozent;Weder saisonal noch um Arbeitstage bereinigt;Österreich;Insgesamt;Standard, in Einheiten;2,00;AB003C008
Monat;2018;1;1;01;;Leitzinssätze, Schweden;Prozent;Weder saisonal noch um Arbeitstage bereinigt;Österreich;Insgesamt;Standard, in Einheiten;-0,50;AB003C010
Monat;2018;1;1;01;;Leitzinssätze, Vereinigtes Königreich;Prozent;Weder saisonal noch um Arbeitstage bereinigt;Österreich;Insgesamt;Standard, in Einheiten;0,50;AB003C011
Monat;2018;1;1;01;;Leitzinssätze, Norwegen;Prozent;Weder saisonal noch um Arbeitstage bereinigt;Österreich;Insgesamt;Standard, in Einheiten;0,50;AB003C012
Monat;2018;1;1;01;;Leitzinssätze, Schweiz ;Prozent;Weder saisonal noch um Arbeitstage bereinigt;Österreich;Insgesamt;Standard, in Einheiten;-0,75;AB003C013
Monat;2018;1;1;01;;Leitzinssätze, USA;Prozent;Weder saisonal noch um Arbeitstage bereinigt;Österreich;Insgesamt;Standard, in Einheiten;1,50;AB003C014
Monat;2018;1;1;01;;Leitzinssätze, Japan;Prozent;Weder saisonal noch um Arbeitstage bereinigt;Österreich;Insgesamt;Standard, in Einheiten;-0,10;AB003C015
Monat;2018;1;1;02;;Leitzinssätze, Euroraum-wechselnde Zusammensetzung;Prozent;Weder saisonal noch um Arbeitstage bereinigt;Österreich;Insgesamt;Standard, in Einheiten;0,00;AB003C000
Monat;2018;1;1;02;;Leitzinssätze, Tschechische Republik;Prozent;Weder saisonal noch um Arbeitstage bereinigt;Österreich;Insgesamt;Standard, in Einheiten;0,75;AB003C002
Monat;2018;1;1;02;;Leitzinssätze, Dänemark;Prozent;Weder saisonal noch um Arbeitstage bereinigt;Österreich;Insgesamt;Standard, in Einheiten;0,05;AB003C003
Monat;2018;1;1;02;;Leitzinssätze, Ungarn;Prozent;Weder saisonal noch um Arbeitstage bereinigt;Österreich;Insgesamt;Standard, in Einheiten;0,90;AB003C006
Monat;2018;1;1;02;;Leitzinssätze, Polen;Prozent;Weder saisonal noch um Arbeitstage bereinigt;Österreich;Insgesamt;Standard, in Einheiten;1,50;AB003C007
Monat;2018;1;1;02;;Leitzinssätze, Rumänien;Prozent;Weder saisonal noch um Arbeitstage bereinigt;Österreich;Insgesamt;Standard, in Einheiten;2,25;AB003C008
Monat;2018;1;1;02;;Leitzinssätze, Schweden;Prozent;Weder saisonal noch um Arbeitstage bereinigt;Österreich;Insgesamt;Standard, in Einheiten;-0,50;AB003C010
Monat;2018;1;1;02;;Leitzinssätze, Vereinigtes Königreich;Prozent;Weder saisonal noch um Arbeitstage bereinigt;Österreich;Insgesamt;Standard, in Einheiten;0,50;AB003C011
Monat;2018;1;1;02;;Leitzinssätze, Norwegen;Prozent;Weder saisonal noch um Arbeitstage bereinigt;Österreich;Insgesamt;Standard, in Einheiten;0,50;AB003C012
Monat;2018;1;1;02;;Leitzinssätze, Schweiz ;Prozent;Weder saisonal noch um Arbeitstage bereinigt;Österreich;Insgesamt;Standard, in Einheiten;-0,75;AB003C013
Monat;2018;1;1;02;;Leitzinssätze, USA;Prozent;Weder saisonal noch um Arbeitstage bereinigt;Österreich;Insgesamt;Standard, in Einheiten;1,50;AB003C014
Monat;2018;1;1;02;;Leitzinssätze, Japan;Prozent;Weder saisonal noch um Arbeitstage bereinigt;Österreich;Insgesamt;Standard, in Einheiten;-0,10;AB003C015
Monat;2018;1;1;03;;Leitzinssätze, Euroraum-wechselnde Zusammensetzung;Prozent;Weder saisonal noch um Arbeitstage bereinigt;Österreich;Insgesamt;Standard, in Einheiten;0,00;AB003C000
Monat;2018;1;1;03;;Leitzinssätze, Tschechische Republik;Prozent;Weder saisonal noch um Arbeitstage bereinigt;Österreich;Insgesamt;Standard, in Einheiten;0,75;AB003C002
Monat;2018;1;1;03;;Leitzinssätze, Dänemark;Prozent;Weder saisonal noch um Arbeitstage bereinigt;Österreich;Insgesamt;Standard, in Einheiten;0,05;AB003C003
Monat;2018;1;1;03;;Leitzinssätze, Ungarn;Prozent;Weder saisonal noch um Arbeitstage bereinigt;Österreich;Insgesamt;Standard, in Einheiten;0,90;AB003C006
Monat;2018;1;1;03;;Leitzinssätze, Polen;Prozent;Weder saisonal noch um Arbeitstage bereinigt;Österreich;Insgesamt;Standard, in Einheiten;1,50;AB003C007
Monat;2018;1;1;03;;Leitzinssätze, Rumänien;Prozent;Weder saisonal noch um Arbeitstage bereinigt;Österreich;Insgesamt;Standard, in Einheiten;2,25;AB003C008
Monat;2018;1;1;03;;Leitzinssätze, Schweden;Prozent;Weder saisonal noch um Arbeitstage bereinigt;Österreich;Insgesamt;Standard, in Einheiten;-0,50;AB003C010
Monat;2018;1;1;03;;Leitzinssätze, Vereinigtes Königreich;Prozent;Weder saisonal noch um Arbeitstage bereinigt;Österreich;Insgesamt;Standard, in Einheiten;0,50;AB003C011
Monat;2018;1;1;03;;Leitzinssätze, Norwegen;Prozent;Weder saisonal noch um Arbeitstage bereinigt;Österreich;Insgesamt;Standard, in Einheiten;0,50;AB003C012
Monat;2018;1;1;03;;Leitzinssätze, Schweiz ;Prozent;Weder saisonal noch um Arbeitstage bereinigt;Österreich;Insgesamt;Standard, in Einheiten;-0,75;AB003C013
Monat;2018;1;1;03;;Leitzinssätze, USA;Prozent;Weder saisonal noch um Arbeitstage bereinigt;Österreich;Insgesamt;Standard, in Einheiten;1,75;AB003C014
Monat;2018;1;1;03;;Leitzinssätze, Japan;Prozent;Weder saisonal noch um Arbeitstage bereinigt;Österreich;Insgesamt;Standard, in Einheiten;-0,10;AB003C015
Monat;2018;1;2;04;;Leitzinssätze, Euroraum-wechselnde Zusammensetzung;Prozent;Weder saisonal noch um Arbeitstage bereinigt;Österreich;Insgesamt;Standard, in Einheiten;0,00;AB003C000
Monat;2018;1;2;04;;Leitzinssätze, Tschechische Republik;Prozent;Weder saisonal noch um Arbeitstage bereinigt;Österreich;Insgesamt;Standard, in Einheiten;0,75;AB003C002
Monat;2018;1;2;04;;Leitzinssätze, Dänemark;Prozent;Weder saisonal noch um Arbeitstage bereinigt;Österreich;Insgesamt;Standard, in Einheiten;0,05;AB003C003
Monat;2018;1;2;04;;Leitzinssätze, Ungarn;Prozent;Weder saisonal noch um Arbeitstage bereinigt;Österreich;Insgesamt;Standard, in Einheiten;0,90;AB003C006
Monat;2018;1;2;04;;Leitzinssätze, Polen;Prozent;Weder saisonal noch um Arbeitstage bereinigt;Österreich;Insgesamt;Standard, in Einheiten;1,50;AB003C007
Monat;2018;1;2;04;;Leitzinssätze, Rumänien;Prozent;Weder saisonal noch um Arbeitstage bereinigt;Österreich;Insgesamt;Standard, in Einheiten;2,25;AB003C008
Monat;2018;1;2;04;;Leitzinssätze, Schweden;Prozent;Weder saisonal noch um Arbeitstage bereinigt;Österreich;Insgesamt;Standard, in Einheiten;-0,50;AB003C010
Monat;2018;1;2;04;;Leitzinssätze, Vereinigtes Königreich;Prozent;Weder saisonal noch um Arbeitstage bereinigt;Österreich;Insgesamt;Standard, in Einheiten;0,50;AB003C011
Monat;2018;1;2;04;;Leitzinssätze, Norwegen;Prozent;Weder saisonal noch um Arbeitstage bereinigt;Österreich;Insgesamt;Standard, in Einheiten;0,50;AB003C012
Monat;2018;1;2;04;;Leitzinssätze, Schweiz ;Prozent;Weder saisonal noch um Arbeitstage bereinigt;Österreich;Insgesamt;Standard, in Einheiten;-0,75;AB003C013
Monat;2018;1;2;04;;Leitzinssätze, USA;Prozent;Weder saisonal noch um Arbeitstage bereinigt;Österreich;Insgesamt;Standard, in Einheiten;1,75;AB003C014
Monat;2018;1;2;04;;Leitzinssätze, Japan;Prozent;Weder saisonal noch um Arbeitstage bereinigt;Österreich;Insgesamt;Standard, in Einheiten;-0,10;AB003C015
Monat;2018;1;2;05;;Leitzinssätze, Euroraum-wechselnde Zusammensetzung;Prozent;Weder saisonal noch um Arbeitstage bereinigt;Österreich;Insgesamt;Standard, in Einheiten;0,00;AB003C000
Monat;2018;1;2;05;;Leitzinssätze, Tschechische Republik;Prozent;Weder saisonal noch um Arbeitstage bereinigt;Österreich;Insgesamt;Standard, in Einheiten;0,75;AB003C002
Monat;2018;1;2;05;;Leitzinssätze, Dänemark;Prozent;Weder saisonal noch um Arbeitstage bereinigt;Österreich;Insgesamt;Standard, in Einheiten;0,05;AB003C003
Monat;2018;1;2;05;;Leitzinssätze, Ungarn;Prozent;Weder saisonal noch um Arbeitstage bereinigt;Österreich;Insgesamt;Standard, in Einheiten;0,90;AB003C006
Monat;2018;1;2;05;;Leitzinssätze, Polen;Prozent;Weder saisonal noch um Arbeitstage bereinigt;Österreich;Insgesamt;Standard, in Einheiten;1,50;AB003C007
Monat;2018;1;2;05;;Leitzinssätze, Rumänien;Prozent;Weder saisonal noch um Arbeitstage bereinigt;Österreich;Insgesamt;Standard, in Einheiten;2,50;AB003C008
Monat;2018;1;2;05;;Leitzinssätze, Schweden;Prozent;Weder saisonal noch um Arbeitstage bereinigt;Österreich;Insgesamt;Standard, in Einheiten;-0,50;AB003C010
Monat;2018;1;2;05;;Leitzinssätze, Vereinigtes Königreich;Prozent;Weder saisonal noch um Arbeitstage bereinigt;Österreich;Insgesamt;Standard, in Einheiten;0,50;AB003C011
Monat;2018;1;2;05;;Leitzinssätze, Norwegen;Prozent;Weder saisonal noch um Arbeitstage bereinigt;Österreich;Insgesamt;Standard, in Einheiten;0,50;AB003C012
Monat;2018;1;2;05;;Leitzinssätze, Schweiz ;Prozent;Weder saisonal noch um Arbeitstage bereinigt;Österreich;Insgesamt;Standard, in Einheiten;-0,75;AB003C013
Monat;2018;1;2;05;;Leitzinssätze, USA;Prozent;Weder saisonal noch um Arbeitstage bereinigt;Österreich;Insgesamt;Standard, in Einheiten;1,75;AB003C014
Monat;2018;1;2;05;;Leitzinssätze, Japan;Prozent;Weder saisonal noch um Arbeitstage bereinigt;Österreich;Insgesamt;Standard, in Einheiten;-0,10;AB003C015
Monat;2018;1;2;06;;Leitzinssätze, Euroraum-wechselnde Zusammensetzung;Prozent;Weder saisonal noch um Arbeitstage bereinigt;Österreich;Insgesamt;Standard, in Einheiten;0,00;AB003C000
Monat;2018;1;2;06;;Leitzinssätze, Tschechische Republik;Prozent;Weder saisonal noch um Arbeitstage bereinigt;Österreich;Insgesamt;Standard, in Einheiten;1,00;AB003C002
Monat;2018;1;2;06;;Leitzinssätze, Dänemark;Prozent;Weder saisonal noch um Arbeitstage bereinigt;Österreich;Insgesamt;Standard, in Einheiten;0,05;AB003C003
Monat;2018;1;2;06;;Leitzinssätze, Ungarn;Prozent;Weder saisonal noch um Arbeitstage bereinigt;Österreich;Insgesamt;Standard, in Einheiten;0,90;AB003C006
Monat;2018;1;2;06;;Leitzinssätze, Polen;Prozent;Weder saisonal noch um Arbeitstage bereinigt;Österreich;Insgesamt;Standard, in Einheiten;1,50;AB003C007
Monat;2018;1;2;06;;Leitzinssätze, Rumänien;Prozent;Weder saisonal noch um Arbeitstage bereinigt;Österreich;Insgesamt;Standard, in Einheiten;2,50;AB003C008
Monat;2018;1;2;06;;Leitzinssätze, Schweden;Prozent;Weder saisonal noch um Arbeitstage bereinigt;Österreich;Insgesamt;Standard, in Einheiten;-0,50;AB003C010
Monat;2018;1;2;06;;Leitzinssätze, Vereinigtes Königreich;Prozent;Weder saisonal noch um Arbeitstage bereinigt;Österreich;Insgesamt;Standard, in Einheiten;0,50;AB003C011
Monat;2018;1;2;06;;Leitzinssätze, Norwegen;Prozent;Weder saisonal noch um Arbeitstage bereinigt;Österreich;Insgesamt;Standard, in Einheiten;0,50;AB003C012
Monat;2018;1;2;06;;Leitzinssätze, Schweiz ;Prozent;Weder saisonal noch um Arbeitstage bereinigt;Österreich;Insgesamt;Standard, in Einheiten;-0,75;AB003C013
Monat;2018;1;2;06;;Leitzinssätze, USA;Prozent;Weder saisonal noch um Arbeitstage bereinigt;Österreich;Insgesamt;Standard, in Einheiten;2,00;AB003C014
Monat;2018;1;2;06;;Leitzinssätze, Japan;Prozent;Weder saisonal noch um Arbeitstage bereinigt;Österreich;Insgesamt;Standard, in Einheiten;-0,10;AB003C015
Monat;2018;2;3;07;;Leitzinssätze, Euroraum-wechselnde Zusammensetzung;Prozent;Weder saisonal noch um Arbeitstage bereinigt;Österreich;Insgesamt;Standard, in Einheiten;0,00;AB003C000
Monat;2018;2;3;07;;Leitzinssätze, Tschechische Republik;Prozent;Weder saisonal noch um Arbeitstage bereinigt;Österreich;Insgesamt;Standard, in Einheiten;1,00;AB003C002
Monat;2018;2;3;07;;Leitzinssätze, Dänemark;Prozent;Weder saisonal noch um Arbeitstage bereinigt;Österreich;Insgesamt;Standard, in Einheiten;0,05;AB003C003
Monat;2018;2;3;07;;Leitzinssätze, Ungarn;Prozent;Weder saisonal noch um Arbeitstage bereinigt;Österreich;Insgesamt;Standard, in Einheiten;0,90;AB003C006
Monat;2018;2;3;07;;Leitzinssätze, Polen;Prozent;Weder saisonal noch um Arbeitstage bereinigt;Österreich;Insgesamt;Standard, in Einheiten;1,50;AB003C007
Monat;2018;2;3;07;;Leitzinssätze, Rumänien;Prozent;Weder saisonal noch um Arbeitstage bereinigt;Österreich;Insgesamt;Standard, in Einheiten;2,50;AB003C008
Monat;2018;2;3;07;;Leitzinssätze, Schweden;Prozent;Weder saisonal noch um Arbeitstage bereinigt;Österreich;Insgesamt;Standard, in Einheiten;-0,50;AB003C010
Monat;2018;2;3;07;;Leitzinssätze, Vereinigtes Königreich;Prozent;Weder saisonal noch um Arbeitstage bereinigt;Österreich;Insgesamt;Standard, in Einheiten;0,50;AB003C011
Monat;2018;2;3;07;;Leitzinssätze, Norwegen;Prozent;Weder saisonal noch um Arbeitstage bereinigt;Österreich;Insgesamt;Standard, in Einheiten;0,50;AB003C012
Monat;2018;2;3;07;;Leitzinssätze, Schweiz ;Prozent;Weder saisonal noch um Arbeitstage bereinigt;Österreich;Insgesamt;Standard, in Einheiten;-0,75;AB003C013
Monat;2018;2;3;07;;Leitzinssätze, USA;Prozent;Weder saisonal noch um Arbeitstage bereinigt;Österreich;Insgesamt;Standard, in Einheiten;2,00;AB003C014
Monat;2018;2;3;07;;Leitzinssätze, Japan;Prozent;Weder saisonal noch um Arbeitstage bereinigt;Österreich;Insgesamt;Standard, in Einheiten;-0,10;AB003C015
Monat;2018;2;3;08;;Leitzinssätze, Euroraum-wechselnde Zusammensetzung;Prozent;Weder saisonal noch um Arbeitstage bereinigt;Österreich;Insgesamt;Standard, in Einheiten;0,00;AB003C000
Monat;2018;2;3;08;;Leitzinssätze, Tschechische Republik;Prozent;Weder saisonal noch um Arbeitstage bereinigt;Österreich;Insgesamt;Standard, in Einheiten;1,25;AB003C002
Monat;2018;2;3;08;;Leitzinssätze, Dänemark;Prozent;Weder saisonal noch um Arbeitstage bereinigt;Österreich;Insgesamt;Standard, in Einheiten;0,05;AB003C003
Monat;2018;2;3;08;;Leitzinssätze, Ungarn;Prozent;Weder saisonal noch um Arbeitstage bereinigt;Österreich;Insgesamt;Standard, in Einheiten;0,90;AB003C006
Monat;2018;2;3;08;;Leitzinssätze, Polen;Prozent;Weder saisonal noch um Arbeitstage bereinigt;Österreich;Insgesamt;Standard, in Einheiten;1,50;AB003C007
Monat;2018;2;3;08;;Leitzinssätze, Rumänien;Prozent;Weder saisonal noch um Arbeitstage bereinigt;Österreich;Insgesamt;Standard, in Einheiten;2,50;AB003C008
Monat;2018;2;3;08;;Leitzinssätze, Schweden;Prozent;Weder saisonal noch um Arbeitstage bereinigt;Österreich;Insgesamt;Standard, in Einheiten;-0,50;AB003C010
Monat;2018;2;3;08;;Leitzinssätze, Vereinigtes Königreich;Prozent;Weder saisonal noch um Arbeitstage bereinigt;Österreich;Insgesamt;Standard, in Einheiten;0,75;AB003C011
Monat;2018;2;3;08;;Leitzinssätze, Norwegen;Prozent;Weder saisonal noch um Arbeitstage bereinigt;Österreich;Insgesamt;Standard, in Einheiten;0,50;AB003C012
Monat;2018;2;3;08;;Leitzinssätze, Schweiz ;Prozent;Weder saisonal noch um Arbeitstage bereinigt;Österreich;Insgesamt;Standard, in Einheiten;-0,75;AB003C013
Monat;2018;2;3;08;;Leitzinssätze, USA;Prozent;Weder saisonal noch um Arbeitstage bereinigt;Österreich;Insgesamt;Standard, in Einheiten;2,00;AB003C014
Monat;2018;2;3;08;;Leitzinssätze, Japan;Prozent;Weder saisonal noch um Arbeitstage bereinigt;Österreich;Insgesamt;Standard, in Einheiten;-0,10;AB003C015
Monat;2018;2;3;09;;Leitzinssätze, Euroraum-wechselnde Zusammensetzung;Prozent;Weder saisonal noch um Arbeitstage bereinigt;Österreich;Insgesamt;Standard, in Einheiten;0,00;AB003C000
Monat;2018;2;3;09;;Leitzinssätze, Tschechische Republik;Prozent;Weder saisonal noch um Arbeitstage bereinigt;Österreich;Insgesamt;Standard, in Einheiten;1,50;AB003C002
Monat;2018;2;3;09;;Leitzinssätze, Dänemark;Prozent;Weder saisonal noch um Arbeitstage bereinigt;Österreich;Insgesamt;Standard, in Einheiten;0,05;AB003C003
Monat;2018;2;3;09;;Leitzinssätze, Ungarn;Prozent;Weder saisonal noch um Arbeitstage bereinigt;Österreich;Insgesamt;Standard, in Einheiten;0,90;AB003C006
Monat;2018;2;3;09;;Leitzinssätze, Polen;Prozent;Weder saisonal noch um Arbeitstage bereinigt;Österreich;Insgesamt;Standard, in Einheiten;1,50;AB003C007
Monat;2018;2;3;09;;Leitzinssätze, Rumänien;Prozent;Weder saisonal noch um Arbeitstage bereinigt;Österreich;Insgesamt;Standard, in Einheiten;2,50;AB003C008
Monat;2018;2;3;09;;Leitzinssätze, Schweden;Prozent;Weder saisonal noch um Arbeitstage bereinigt;Österreich;Insgesamt;Standard, in Einheiten;-0,50;AB003C010
Monat;2018;2;3;09;;Leitzinssätze, Vereinigtes Königreich;Prozent;Weder saisonal noch um Arbeitstage bereinigt;Österreich;Insgesamt;Standard, in Einheiten;0,75;AB003C011
Monat;2018;2;3;09;;Leitzinssätze, Norwegen;Prozent;Weder saisonal noch um Arbeitstage bereinigt;Österreich;Insgesamt;Standard, in Einheiten;0,75;AB003C012
Monat;2018;2;3;09;;Leitzinssätze, Schweiz ;Prozent;Weder saisonal noch um Arbeitstage bereinigt;Österreich;Insgesamt;Standard, in Einheiten;-0,75;AB003C013
Monat;2018;2;3;09;;Leitzinssätze, USA;Prozent;Weder saisonal noch um Arbeitstage bereinigt;Österreich;Insgesamt;Standard, in Einheiten;2,25;AB003C014
Monat;2018;2;3;09;;Leitzinssätze, Japan;Prozent;Weder saisonal noch um Arbeitstage bereinigt;Österreich;Insgesamt;Standard, in Einheiten;-0,10;AB003C015
Monat;2018;2;4;10;;Leitzinssätze, Euroraum-wechselnde Zusammensetzung;Prozent;Weder saisonal noch um Arbeitstage bereinigt;Österreich;Insgesamt;Standard, in Einheiten;0,00;AB003C000
Monat;2018;2;4;10;;Leitzinssätze, Tschechische Republik;Prozent;Weder saisonal noch um Arbeitstage bereinigt;Österreich;Insgesamt;Standard, in Einheiten;1,50;AB003C002
Monat;2018;2;4;10;;Leitzinssätze, Dänemark;Prozent;Weder saisonal noch um Arbeitstage bereinigt;Österreich;Insgesamt;Standard, in Einheiten;0,05;AB003C003
Monat;2018;2;4;10;;Leitzinssätze, Ungarn;Prozent;Weder saisonal noch um Arbeitstage bereinigt;Österreich;Insgesamt;Standard, in Einheiten;0,90;AB003C006
Monat;2018;2;4;10;;Leitzinssätze, Polen;Prozent;Weder saisonal noch um Arbeitstage bereinigt;Österreich;Insgesamt;Standard, in Einheiten;1,50;AB003C007
Monat;2018;2;4;10;;Leitzinssätze, Rumänien;Prozent;Weder saisonal noch um Arbeitstage bereinigt;Österreich;Insgesamt;Standard, in Einheiten;2,50;AB003C008
Monat;2018;2;4;10;;Leitzinssätze, Schweden;Prozent;Weder saisonal noch um Arbeitstage bereinigt;Österreich;Insgesamt;Standard, in Einheiten;-0,50;AB003C010
Monat;2018;2;4;10;;Leitzinssätze, Vereinigtes Königreich;Prozent;Weder saisonal noch um Arbeitstage bereinigt;Österreich;Insgesamt;Standard, in Einheiten;0,75;AB003C011
Monat;2018;2;4;10;;Leitzinssätze, Norwegen;Prozent;Weder saisonal noch um Arbeitstage bereinigt;Österreich;Insgesamt;Standard, in Einheiten;0,75;AB003C012
Monat;2018;2;4;10;;Leitzinssätze, Schweiz ;Prozent;Weder saisonal noch um Arbeitstage bereinigt;Österreich;Insgesamt;Standard, in Einheiten;-0,75;AB003C013
Monat;2018;2;4;10;;Leitzinssätze, USA;Prozent;Weder saisonal noch um Arbeitstage bereinigt;Österreich;Insgesamt;Standard, in Einheiten;2,25;AB003C014
Monat;2018;2;4;10;;Leitzinssätze, Japan;Prozent;Weder saisonal noch um Arbeitstage bereinigt;Österreich;Insgesamt;Standard, in Einheiten;-0,10;AB003C015
Monat;2018;2;4;11;;Leitzinssätze, Euroraum-wechselnde Zusammensetzung;Prozent;Weder saisonal noch um Arbeitstage bereinigt;Österreich;Insgesamt;Standard, in Einheiten;0,00;AB003C000
Monat;2018;2;4;11;;Leitzinssätze, Tschechische Republik;Prozent;Weder saisonal noch um Arbeitstage bereinigt;Österreich;Insgesamt;Standard, in Einheiten;1,75;AB003C002
Monat;2018;2;4;11;;Leitzinssätze, Dänemark;Prozent;Weder saisonal noch um Arbeitstage bereinigt;Österreich;Insgesamt;Standard, in Einheiten;0,05;AB003C003
Monat;2018;2;4;11;;Leitzinssätze, Ungarn;Prozent;Weder saisonal noch um Arbeitstage bereinigt;Österreich;Insgesamt;Standard, in Einheiten;0,90;AB003C006
Monat;2018;2;4;11;;Leitzinssätze, Polen;Prozent;Weder saisonal noch um Arbeitstage bereinigt;Österreich;Insgesamt;Standard, in Einheiten;1,50;AB003C007
Monat;2018;2;4;11;;Leitzinssätze, Rumänien;Prozent;Weder saisonal noch um Arbeitstage bereinigt;Österreich;Insgesamt;Standard, in Einheiten;2,50;AB003C008
Monat;2018;2;4;11;;Leitzinssätze, Schweden;Prozent;Weder saisonal noch um Arbeitstage bereinigt;Österreich;Insgesamt;Standard, in Einheiten;-0,50;AB003C010
Monat;2018;2;4;11;;Leitzinssätze, Vereinigtes Königreich;Prozent;Weder saisonal noch um Arbeitstage bereinigt;Österreich;Insgesamt;Standard, in Einheiten;0,75;AB003C011
Monat;2018;2;4;11;;Leitzinssätze, Norwegen;Prozent;Weder saisonal noch um Arbeitstage bereinigt;Österreich;Insgesamt;Standard, in Einheiten;0,75;AB003C012
Monat;2018;2;4;11;;Leitzinssätze, Schweiz ;Prozent;Weder saisonal noch um Arbeitstage bereinigt;Österreich;Insgesamt;Standard, in Einheiten;-0,75;AB003C013
Monat;2018;2;4;11;;Leitzinssätze, USA;Prozent;Weder saisonal noch um Arbeitstage bereinigt;Österreich;Insgesamt;Standard, in Einheiten;2,25;AB003C014
Monat;2018;2;4;11;;Leitzinssätze, Japan;Prozent;Weder saisonal noch um Arbeitstage bereinigt;Österreich;Insgesamt;Standard, in Einheiten;-0,10;AB003C015
Monat;2018;2;4;12;;Leitzinssätze, Euroraum-wechselnde Zusammensetzung;Prozent;Weder saisonal noch um Arbeitstage bereinigt;Österreich;Insgesamt;Standard, in Einheiten;0,00;AB003C000
Monat;2018;2;4;12;;Leitzinssätze, Tschechische Republik;Prozent;Weder saisonal noch um Arbeitstage bereinigt;Österreich;Insgesamt;Standard, in Einheiten;1,75;AB003C002
Monat;2018;2;4;12;;Leitzinssätze, Dänemark;Prozent;Weder saisonal noch um Arbeitstage bereinigt;Österreich;Insgesamt;Standard, in Einheiten;0,05;AB003C003
Monat;2018;2;4;12;;Leitzinssätze, Ungarn;Prozent;Weder saisonal noch um Arbeitstage bereinigt;Österreich;Insgesamt;Standard, in Einheiten;0,90;AB003C006
Monat;2018;2;4;12;;Leitzinssätze, Polen;Prozent;Weder saisonal noch um Arbeitstage bereinigt;Österreich;Insgesamt;Standard, in Einheiten;1,50;AB003C007
Monat;2018;2;4;12;;Leitzinssätze, Rumänien;Prozent;Weder saisonal noch um Arbeitstage bereinigt;Österreich;Insgesamt;Standard, in Einheiten;2,50;AB003C008
Monat;2018;2;4;12;;Leitzinssätze, Schweden;Prozent;Weder saisonal noch um Arbeitstage bereinigt;Österreich;Insgesamt;Standard, in Einheiten;-0,50;AB003C010
Monat;2018;2;4;12;;Leitzinssätze, Vereinigtes Königreich;Prozent;Weder saisonal noch um Arbeitstage bereinigt;Österreich;Insgesamt;Standard, in Einheiten;0,75;AB003C011
Monat;2018;2;4;12;;Leitzinssätze, Norwegen;Prozent;Weder saisonal noch um Arbeitstage bereinigt;Österreich;Insgesamt;Standard, in Einheiten;0,75;AB003C012
Monat;2018;2;4;12;;Leitzinssätze, Schweiz ;Prozent;Weder saisonal noch um Arbeitstage bereinigt;Österreich;Insgesamt;Standard, in Einheiten;-0,75;AB003C013
Monat;2018;2;4;12;;Leitzinssätze, USA;Prozent;Weder saisonal noch um Arbeitstage bereinigt;Österreich;Insgesamt;Standard, in Einheiten;2,50;AB003C014
Monat;2018;2;4;12;;Leitzinssätze, Japan;Prozent;Weder saisonal noch um Arbeitstage bereinigt;Österreich;Insgesamt;Standard, in Einheiten;-0,10;AB003C015
Monat;2019;1;1;01;;Leitzinssätze, Euroraum-wechselnde Zusammensetzung;Prozent;Weder saisonal noch um Arbeitstage bereinigt;Österreich;Insgesamt;Standard, in Einheiten;0,00;AB003C000
Monat;2019;1;1;01;;Leitzinssätze, Tschechische Republik;Prozent;Weder saisonal noch um Arbeitstage bereinigt;Österreich;Insgesamt;Standard, in Einheiten;1,75;AB003C002
Monat;2019;1;1;01;;Leitzinssätze, Dänemark;Prozent;Weder saisonal noch um Arbeitstage bereinigt;Österreich;Insgesamt;Standard, in Einheiten;0,05;AB003C003
Monat;2019;1;1;01;;Leitzinssätze, Ungarn;Prozent;Weder saisonal noch um Arbeitstage bereinigt;Österreich;Insgesamt;Standard, in Einheiten;0,90;AB003C006
Monat;2019;1;1;01;;Leitzinssätze, Polen;Prozent;Weder saisonal noch um Arbeitstage bereinigt;Österreich;Insgesamt;Standard, in Einheiten;1,50;AB003C007
Monat;2019;1;1;01;;Leitzinssätze, Rumänien;Prozent;Weder saisonal noch um Arbeitstage bereinigt;Österreich;Insgesamt;Standard, in Einheiten;2,50;AB003C008
Monat;2019;1;1;01;;Leitzinssätze, Schweden;Prozent;Weder saisonal noch um Arbeitstage bereinigt;Österreich;Insgesamt;Standard, in Einheiten;-0,25;AB003C010
Monat;2019;1;1;01;;Leitzinssätze, Vereinigtes Königreich;Prozent;Weder saisonal noch um Arbeitstage bereinigt;Österreich;Insgesamt;Standard, in Einheiten;0,75;AB003C011
Monat;2019;1;1;01;;Leitzinssätze, Norwegen;Prozent;Weder saisonal noch um Arbeitstage bereinigt;Österreich;Insgesamt;Standard, in Einheiten;0,75;AB003C012
Monat;2019;1;1;01;;Leitzinssätze, Schweiz ;Prozent;Weder saisonal noch um Arbeitstage bereinigt;Österreich;Insgesamt;Standard, in Einheiten;-0,75;AB003C013
Monat;2019;1;1;01;;Leitzinssätze, USA;Prozent;Weder saisonal noch um Arbeitstage bereinigt;Österreich;Insgesamt;Standard, in Einheiten;2,50;AB003C014
Monat;2019;1;1;01;;Leitzinssätze, Japan;Prozent;Weder saisonal noch um Arbeitstage bereinigt;Österreich;Insgesamt;Standard, in Einheiten;-0,10;AB003C015
Monat;2019;1;1;02;;Leitzinssätze, Euroraum-wechselnde Zusammensetzung;Prozent;Weder saisonal noch um Arbeitstage bereinigt;Österreich;Insgesamt;Standard, in Einheiten;0,00;AB003C000
Monat;2019;1;1;02;;Leitzinssätze, Tschechische Republik;Prozent;Weder saisonal noch um Arbeitstage bereinigt;Österreich;Insgesamt;Standard, in Einheiten;1,75;AB003C002
Monat;2019;1;1;02;;Leitzinssätze, Dänemark;Prozent;Weder saisonal noch um Arbeitstage bereinigt;Österreich;Insgesamt;Standard, in Einheiten;0,05;AB003C003
Monat;2019;1;1;02;;Leitzinssätze, Ungarn;Prozent;Weder saisonal noch um Arbeitstage bereinigt;Österreich;Insgesamt;Standard, in Einheiten;0,90;AB003C006
Monat;2019;1;1;02;;Leitzinssätze, Polen;Prozent;Weder saisonal noch um Arbeitstage bereinigt;Österreich;Insgesamt;Standard, in Einheiten;1,50;AB003C007
Monat;2019;1;1;02;;Leitzinssätze, Rumänien;Prozent;Weder saisonal noch um Arbeitstage bereinigt;Österreich;Insgesamt;Standard, in Einheiten;2,50;AB003C008
Monat;2019;1;1;02;;Leitzinssätze, Schweden;Prozent;Weder saisonal noch um Arbeitstage bereinigt;Österreich;Insgesamt;Standard, in Einheiten;-0,25;AB003C010
Monat;2019;1;1;02;;Leitzinssätze, Vereinigtes Königreich;Prozent;Weder saisonal noch um Arbeitstage bereinigt;Österreich;Insgesamt;Standard, in Einheiten;0,75;AB003C011
Monat;2019;1;1;02;;Leitzinssätze, Norwegen;Prozent;Weder saisonal noch um Arbeitstage bereinigt;Österreich;Insgesamt;Standard, in Einheiten;0,75;AB003C012
Monat;2019;1;1;02;;Leitzinssätze, Schweiz ;Prozent;Weder saisonal noch um Arbeitstage bereinigt;Österreich;Insgesamt;Standard, in Einheiten;-0,75;AB003C013
Monat;2019;1;1;02;;Leitzinssätze, USA;Prozent;Weder saisonal noch um Arbeitstage bereinigt;Österreich;Insgesamt;Standard, in Einheiten;2,50;AB003C014
Monat;2019;1;1;02;;Leitzinssätze, Japan;Prozent;Weder saisonal noch um Arbeitstage bereinigt;Österreich;Insgesamt;Standard, in Einheiten;-0,10;AB003C015
Monat;2019;1;1;03;;Leitzinssätze, Euroraum-wechselnde Zusammensetzung;Prozent;Weder saisonal noch um Arbeitstage bereinigt;Österreich;Insgesamt;Standard, in Einheiten;0,00;AB003C000
Monat;2019;1;1;03;;Leitzinssätze, Tschechische Republik;Prozent;Weder saisonal noch um Arbeitstage bereinigt;Österreich;Insgesamt;Standard, in Einheiten;1,75;AB003C002
Monat;2019;1;1;03;;Leitzinssätze, Dänemark;Prozent;Weder saisonal noch um Arbeitstage bereinigt;Österreich;Insgesamt;Standard, in Einheiten;0,05;AB003C003
Monat;2019;1;1;03;;Leitzinssätze, Ungarn;Prozent;Weder saisonal noch um Arbeitstage bereinigt;Österreich;Insgesamt;Standard, in Einheiten;0,90;AB003C006
Monat;2019;1;1;03;;Leitzinssätze, Polen;Prozent;Weder saisonal noch um Arbeitstage bereinigt;Österreich;Insgesamt;Standard, in Einheiten;1,50;AB003C007
Monat;2019;1;1;03;;Leitzinssätze, Rumänien;Prozent;Weder saisonal noch um Arbeitstage bereinigt;Österreich;Insgesamt;Standard, in Einheiten;2,50;AB003C008
Monat;2019;1;1;03;;Leitzinssätze, Schweden;Prozent;Weder saisonal noch um Arbeitstage bereinigt;Österreich;Insgesamt;Standard, in Einheiten;-0,25;AB003C010
Monat;2019;1;1;03;;Leitzinssätze, Vereinigtes Königreich;Prozent;Weder saisonal noch um Arbeitstage bereinigt;Österreich;Insgesamt;Standard, in Einheiten;0,75;AB003C011
Monat;2019;1;1;03;;Leitzinssätze, Norwegen;Prozent;Weder saisonal noch um Arbeitstage bereinigt;Österreich;Insgesamt;Standard, in Einheiten;1,00;AB003C012
Monat;2019;1;1;03;;Leitzinssätze, Schweiz ;Prozent;Weder saisonal noch um Arbeitstage bereinigt;Österreich;Insgesamt;Standard, in Einheiten;-0,75;AB003C013
Monat;2019;1;1;03;;Leitzinssätze, USA;Prozent;Weder saisonal noch um Arbeitstage bereinigt;Österreich;Insgesamt;Standard, in Einheiten;2,50;AB003C014
Monat;2019;1;1;03;;Leitzinssätze, Japan;Prozent;Weder saisonal noch um Arbeitstage bereinigt;Österreich;Insgesamt;Standard, in Einheiten;-0,10;AB003C015
Monat;2019;1;2;04;;Leitzinssätze, Euroraum-wechselnde Zusammensetzung;Prozent;Weder saisonal noch um Arbeitstage bereinigt;Österreich;Insgesamt;Standard, in Einheiten;0,00;AB003C000
Monat;2019;1;2;04;;Leitzinssätze, Tschechische Republik;Prozent;Weder saisonal noch um Arbeitstage bereinigt;Österreich;Insgesamt;Standard, in Einheiten;1,75;AB003C002
Monat;2019;1;2;04;;Leitzinssätze, Dänemark;Prozent;Weder saisonal noch um Arbeitstage bereinigt;Österreich;Insgesamt;Standard, in Einheiten;0,05;AB003C003
Monat;2019;1;2;04;;Leitzinssätze, Ungarn;Prozent;Weder saisonal noch um Arbeitstage bereinigt;Österreich;Insgesamt;Standard, in Einheiten;0,90;AB003C006
Monat;2019;1;2;04;;Leitzinssätze, Polen;Prozent;Weder saisonal noch um Arbeitstage bereinigt;Österreich;Insgesamt;Standard, in Einheiten;1,50;AB003C007
Monat;2019;1;2;04;;Leitzinssätze, Rumänien;Prozent;Weder saisonal noch um Arbeitstage bereinigt;Österreich;Insgesamt;Standard, in Einheiten;2,50;AB003C008
Monat;2019;1;2;04;;Leitzinssätze, Schweden;Prozent;Weder saisonal noch um Arbeitstage bereinigt;Österreich;Insgesamt;Standard, in Einheiten;-0,25;AB003C010
Monat;2019;1;2;04;;Leitzinssätze, Vereinigtes Königreich;Prozent;Weder saisonal noch um Arbeitstage bereinigt;Österreich;Insgesamt;Standard, in Einheiten;0,75;AB003C011
Monat;2019;1;2;04;;Leitzinssätze, Norwegen;Prozent;Weder saisonal noch um Arbeitstage bereinigt;Österreich;Insgesamt;Standard, in Einheiten;1,00;AB003C012
Monat;2019;1;2;04;;Leitzinssätze, Schweiz ;Prozent;Weder saisonal noch um Arbeitstage bereinigt;Österreich;Insgesamt;Standard, in Einheiten;-0,75;AB003C013
Monat;2019;1;2;04;;Leitzinssätze, USA;Prozent;Weder saisonal noch um Arbeitstage bereinigt;Österreich;Insgesamt;Standard, in Einheiten;2,50;AB003C014
Monat;2019;1;2;04;;Leitzinssätze, Japan;Prozent;Weder saisonal noch um Arbeitstage bereinigt;Österreich;Insgesamt;Standard, in Einheiten;-0,10;AB003C015
Monat;2019;1;2;05;;Leitzinssätze, Euroraum-wechselnde Zusammensetzung;Prozent;Weder saisonal noch um Arbeitstage bereinigt;Österreich;Insgesamt;Standard, in Einheiten;0,00;AB003C000
Monat;2019;1;2;05;;Leitzinssätze, Tschechische Republik;Prozent;Weder saisonal noch um Arbeitstage bereinigt;Österreich;Insgesamt;Standard, in Einheiten;2,00;AB003C002
Monat;2019;1;2;05;;Leitzinssätze, Dänemark;Prozent;Weder saisonal noch um Arbeitstage bereinigt;Österreich;Insgesamt;Standard, in Einheiten;0,05;AB003C003
Monat;2019;1;2;05;;Leitzinssätze, Ungarn;Prozent;Weder saisonal noch um Arbeitstage bereinigt;Österreich;Insgesamt;Standard, in Einheiten;0,90;AB003C006
Monat;2019;1;2;05;;Leitzinssätze, Polen;Prozent;Weder saisonal noch um Arbeitstage bereinigt;Österreich;Insgesamt;Standard, in Einheiten;1,50;AB003C007
Monat;2019;1;2;05;;Leitzinssätze, Rumänien;Prozent;Weder saisonal noch um Arbeitstage bereinigt;Österreich;Insgesamt;Standard, in Einheiten;2,50;AB003C008
Monat;2019;1;2;05;;Leitzinssätze, Schweden;Prozent;Weder saisonal noch um Arbeitstage bereinigt;Österreich;Insgesamt;Standard, in Einheiten;-0,25;AB003C010
Monat;2019;1;2;05;;Leitzinssätze, Vereinigtes Königreich;Prozent;Weder saisonal noch um Arbeitstage bereinigt;Österreich;Insgesamt;Standard, in Einheiten;0,75;AB003C011
Monat;2019;1;2;05;;Leitzinssätze, Norwegen;Prozent;Weder saisonal noch um Arbeitstage bereinigt;Österreich;Insgesamt;Standard, in Einheiten;1,00;AB003C012
Monat;2019;1;2;05;;Leitzinssätze, Schweiz ;Prozent;Weder saisonal noch um Arbeitstage bereinigt;Österreich;Insgesamt;Standard, in Einheiten;-0,75;AB003C013
Monat;2019;1;2;05;;Leitzinssätze, USA;Prozent;Weder saisonal noch um Arbeitstage bereinigt;Österreich;Insgesamt;Standard, in Einheiten;2,50;AB003C014
Monat;2019;1;2;05;;Leitzinssätze, Japan;Prozent;Weder saisonal noch um Arbeitstage bereinigt;Österreich;Insgesamt;Standard, in Einheiten;-0,10;AB003C015
Monat;2019;1;2;06;;Leitzinssätze, Euroraum-wechselnde Zusammensetzung;Prozent;Weder saisonal noch um Arbeitstage bereinigt;Österreich;Insgesamt;Standard, in Einheiten;0,00;AB003C000
Monat;2019;1;2;06;;Leitzinssätze, Tschechische Republik;Prozent;Weder saisonal noch um Arbeitstage bereinigt;Österreich;Insgesamt;Standard, in Einheiten;2,00;AB003C002
Monat;2019;1;2;06;;Leitzinssätze, Dänemark;Prozent;Weder saisonal noch um Arbeitstage bereinigt;Österreich;Insgesamt;Standard, in Einheiten;0,05;AB003C003
Monat;2019;1;2;06;;Leitzinssätze, Ungarn;Prozent;Weder saisonal noch um Arbeitstage bereinigt;Österreich;Insgesamt;Standard, in Einheiten;0,90;AB003C006
Monat;2019;1;2;06;;Leitzinssätze, Polen;Prozent;Weder saisonal noch um Arbeitstage bereinigt;Österreich;Insgesamt;Standard, in Einheiten;1,50;AB003C007
Monat;2019;1;2;06;;Leitzinssätze, Rumänien;Prozent;Weder saisonal noch um Arbeitstage bereinigt;Österreich;Insgesamt;Standard, in Einheiten;2,50;AB003C008
Monat;2019;1;2;06;;Leitzinssätze, Schweden;Prozent;Weder saisonal noch um Arbeitstage bereinigt;Österreich;Insgesamt;Standard, in Einheiten;-0,25;AB003C010
Monat;2019;1;2;06;;Leitzinssätze, Vereinigtes Königreich;Prozent;Weder saisonal noch um Arbeitstage bereinigt;Österreich;Insgesamt;Standard, in Einheiten;0,75;AB003C011
Monat;2019;1;2;06;;Leitzinssätze, Norwegen;Prozent;Weder saisonal noch um Arbeitstage bereinigt;Österreich;Insgesamt;Standard, in Einheiten;1,25;AB003C012
Monat;2019;1;2;06;;Leitzinssätze, Schweiz ;Prozent;Weder saisonal noch um Arbeitstage bereinigt;Österreich;Insgesamt;Standard, in Einheiten;-0,75;AB003C013
Monat;2019;1;2;06;;Leitzinssätze, USA;Prozent;Weder saisonal noch um Arbeitstage bereinigt;Österreich;Insgesamt;Standard, in Einheiten;2,50;AB003C014
Monat;2019;1;2;06;;Leitzinssätze, Japan;Prozent;Weder saisonal noch um Arbeitstage bereinigt;Österreich;Insgesamt;Standard, in Einheiten;-0,10;AB003C015
Monat;2019;2;3;07;;Leitzinssätze, Euroraum-wechselnde Zusammensetzung;Prozent;Weder saisonal noch um Arbeitstage bereinigt;Österreich;Insgesamt;Standard, in Einheiten;0,00;AB003C000
Monat;2019;2;3;07;;Leitzinssätze, Tschechische Republik;Prozent;Weder saisonal noch um Arbeitstage bereinigt;Österreich;Insgesamt;Standard, in Einheiten;2,00;AB003C002
Monat;2019;2;3;07;;Leitzinssätze, Dänemark;Prozent;Weder saisonal noch um Arbeitstage bereinigt;Österreich;Insgesamt;Standard, in Einheiten;0,05;AB003C003
Monat;2019;2;3;07;;Leitzinssätze, Ungarn;Prozent;Weder saisonal noch um Arbeitstage bereinigt;Österreich;Insgesamt;Standard, in Einheiten;0,90;AB003C006
Monat;2019;2;3;07;;Leitzinssätze, Polen;Prozent;Weder saisonal noch um Arbeitstage bereinigt;Österreich;Insgesamt;Standard, in Einheiten;1,50;AB003C007
Monat;2019;2;3;07;;Leitzinssätze, Rumänien;Prozent;Weder saisonal noch um Arbeitstage bereinigt;Österreich;Insgesamt;Standard, in Einheiten;2,50;AB003C008
Monat;2019;2;3;07;;Leitzinssätze, Schweden;Prozent;Weder saisonal noch um Arbeitstage bereinigt;Österreich;Insgesamt;Standard, in Einheiten;-0,25;AB003C010
Monat;2019;2;3;07;;Leitzinssätze, Vereinigtes Königreich;Prozent;Weder saisonal noch um Arbeitstage bereinigt;Österreich;Insgesamt;Standard, in Einheiten;0,75;AB003C011
Monat;2019;2;3;07;;Leitzinssätze, Norwegen;Prozent;Weder saisonal noch um Arbeitstage bereinigt;Österreich;Insgesamt;Standard, in Einheiten;1,25;AB003C012
Monat;2019;2;3;07;;Leitzinssätze, Schweiz ;Prozent;Weder saisonal noch um Arbeitstage bereinigt;Österreich;Insgesamt;Standard, in Einheiten;-0,75;AB003C013
Monat;2019;2;3;07;;Leitzinssätze, USA;Prozent;Weder saisonal noch um Arbeitstage bereinigt;Österreich;Insgesamt;Standard, in Einheiten;2,50;AB003C014
Monat;2019;2;3;07;;Leitzinssätze, Japan;Prozent;Weder saisonal noch um Arbeitstage bereinigt;Österreich;Insgesamt;Standard, in Einheiten;-0,10;AB003C015
Monat;2019;2;3;08;;Leitzinssätze, Euroraum-wechselnde Zusammensetzung;Prozent;Weder saisonal noch um Arbeitstage bereinigt;Österreich;Insgesamt;Standard, in Einheiten;0,00;AB003C000
Monat;2019;2;3;08;;Leitzinssätze, Tschechische Republik;Prozent;Weder saisonal noch um Arbeitstage bereinigt;Österreich;Insgesamt;Standard, in Einheiten;2,00;AB003C002
Monat;2019;2;3;08;;Leitzinssätze, Dänemark;Prozent;Weder saisonal noch um Arbeitstage bereinigt;Österreich;Insgesamt;Standard, in Einheiten;0,05;AB003C003
Monat;2019;2;3;08;;Leitzinssätze, Ungarn;Prozent;Weder saisonal noch um Arbeitstage bereinigt;Österreich;Insgesamt;Standard, in Einheiten;0,90;AB003C006
Monat;2019;2;3;08;;Leitzinssätze, Polen;Prozent;Weder saisonal noch um Arbeitstage bereinigt;Österreich;Insgesamt;Standard, in Einheiten;1,50;AB003C007
Monat;2019;2;3;08;;Leitzinssätze, Rumänien;Prozent;Weder saisonal noch um Arbeitstage bereinigt;Österreich;Insgesamt;Standard, in Einheiten;2,50;AB003C008
Monat;2019;2;3;08;;Leitzinssätze, Schweden;Prozent;Weder saisonal noch um Arbeitstage bereinigt;Österreich;Insgesamt;Standard, in Einheiten;-0,25;AB003C010
Monat;2019;2;3;08;;Leitzinssätze, Vereinigtes Königreich;Prozent;Weder saisonal noch um Arbeitstage bereinigt;Österreich;Insgesamt;Standard, in Einheiten;0,75;AB003C011
Monat;2019;2;3;08;;Leitzinssätze, Norwegen;Prozent;Weder saisonal noch um Arbeitstage bereinigt;Österreich;Insgesamt;Standard, in Einheiten;1,25;AB003C012
Monat;2019;2;3;08;;Leitzinssätze, Schweiz ;Prozent;Weder saisonal noch um Arbeitstage bereinigt;Österreich;Insgesamt;Standard, in Einheiten;-0,75;AB003C013
Monat;2019;2;3;08;;Leitzinssätze, USA;Prozent;Weder saisonal noch um Arbeitstage bereinigt;Österreich;Insgesamt;Standard, in Einheiten;2,25;AB003C014
Monat;2019;2;3;08;;Leitzinssätze, Japan;Prozent;Weder saisonal noch um Arbeitstage bereinigt;Österreich;Insgesamt;Standard, in Einheiten;-0,10;AB003C015
Monat;2019;2;3;09;;Leitzinssätze, Euroraum-wechselnde Zusammensetzung;Prozent;Weder saisonal noch um Arbeitstage bereinigt;Österreich;Insgesamt;Standard, in Einheiten;0,00;AB003C000
Monat;2019;2;3;09;;Leitzinssätze, Tschechische Republik;Prozent;Weder saisonal noch um Arbeitstage bereinigt;Österreich;Insgesamt;Standard, in Einheiten;2,00;AB003C002
Monat;2019;2;3;09;;Leitzinssätze, Dänemark;Prozent;Weder saisonal noch um Arbeitstage bereinigt;Österreich;Insgesamt;Standard, in Einheiten;0,05;AB003C003
Monat;2019;2;3;09;;Leitzinssätze, Ungarn;Prozent;Weder saisonal noch um Arbeitstage bereinigt;Österreich;Insgesamt;Standard, in Einheiten;0,90;AB003C006
Monat;2019;2;3;09;;Leitzinssätze, Polen;Prozent;Weder saisonal noch um Arbeitstage bereinigt;Österreich;Insgesamt;Standard, in Einheiten;1,50;AB003C007
Monat;2019;2;3;09;;Leitzinssätze, Rumänien;Prozent;Weder saisonal noch um Arbeitstage bereinigt;Österreich;Insgesamt;Standard, in Einheiten;2,50;AB003C008
Monat;2019;2;3;09;;Leitzinssätze, Schweden;Prozent;Weder saisonal noch um Arbeitstage bereinigt;Österreich;Insgesamt;Standard, in Einheiten;-0,25;AB003C010
Monat;2019;2;3;09;;Leitzinssätze, Vereinigtes Königreich;Prozent;Weder saisonal noch um Arbeitstage bereinigt;Österreich;Insgesamt;Standard, in Einheiten;0,75;AB003C011
Monat;2019;2;3;09;;Leitzinssätze, Norwegen;Prozent;Weder saisonal noch um Arbeitstage bereinigt;Österreich;Insgesamt;Standard, in Einheiten;1,50;AB003C012
Monat;2019;2;3;09;;Leitzinssätze, Schweiz ;Prozent;Weder saisonal noch um Arbeitstage bereinigt;Österreich;Insgesamt;Standard, in Einheiten;-0,75;AB003C013
Monat;2019;2;3;09;;Leitzinssätze, USA;Prozent;Weder saisonal noch um Arbeitstage bereinigt;Österreich;Insgesamt;Standard, in Einheiten;2,00;AB003C014
Monat;2019;2;3;09;;Leitzinssätze, Japan;Prozent;Weder saisonal noch um Arbeitstage bereinigt;Österreich;Insgesamt;Standard, in Einheiten;-0,10;AB003C015
Monat;2019;2;4;10;;Leitzinssätze, Euroraum-wechselnde Zusammensetzung;Prozent;Weder saisonal noch um Arbeitstage bereinigt;Österreich;Insgesamt;Standard, in Einheiten;0,00;AB003C000
Monat;2019;2;4;10;;Leitzinssätze, Tschechische Republik;Prozent;Weder saisonal noch um Arbeitstage bereinigt;Österreich;Insgesamt;Standard, in Einheiten;2,00;AB003C002
Monat;2019;2;4;10;;Leitzinssätze, Dänemark;Prozent;Weder saisonal noch um Arbeitstage bereinigt;Österreich;Insgesamt;Standard, in Einheiten;0,05;AB003C003
Monat;2019;2;4;10;;Leitzinssätze, Ungarn;Prozent;Weder saisonal noch um Arbeitstage bereinigt;Österreich;Insgesamt;Standard, in Einheiten;0,90;AB003C006
Monat;2019;2;4;10;;Leitzinssätze, Polen;Prozent;Weder saisonal noch um Arbeitstage bereinigt;Österreich;Insgesamt;Standard, in Einheiten;1,50;AB003C007
Monat;2019;2;4;10;;Leitzinssätze, Rumänien;Prozent;Weder saisonal noch um Arbeitstage bereinigt;Österreich;Insgesamt;Standard, in Einheiten;2,50;AB003C008
Monat;2019;2;4;10;;Leitzinssätze, Schweden;Prozent;Weder saisonal noch um Arbeitstage bereinigt;Österreich;Insgesamt;Standard, in Einheiten;-0,25;AB003C010
Monat;2019;2;4;10;;Leitzinssätze, Vereinigtes Königreich;Prozent;Weder saisonal noch um Arbeitstage bereinigt;Österreich;Insgesamt;Standard, in Einheiten;0,75;AB003C011
Monat;2019;2;4;10;;Leitzinssätze, Norwegen;Prozent;Weder saisonal noch um Arbeitstage bereinigt;Österreich;Insgesamt;Standard, in Einheiten;1,50;AB003C012
Monat;2019;2;4;10;;Leitzinssätze, Schweiz ;Prozent;Weder saisonal noch um Arbeitstage bereinigt;Österreich;Insgesamt;Standard, in Einheiten;-0,75;AB003C013
Monat;2019;2;4;10;;Leitzinssätze, USA;Prozent;Weder saisonal noch um Arbeitstage bereinigt;Österreich;Insgesamt;Standard, in Einheiten;1,75;AB003C014
Monat;2019;2;4;10;;Leitzinssätze, Japan;Prozent;Weder saisonal noch um Arbeitstage bereinigt;Österreich;Insgesamt;Standard, in Einheiten;-0,10;AB003C015
Monat;2019;2;4;11;;Leitzinssätze, Euroraum-wechselnde Zusammensetzung;Prozent;Weder saisonal noch um Arbeitstage bereinigt;Österreich;Insgesamt;Standard, in Einheiten;0,00;AB003C000
Monat;2019;2;4;11;;Leitzinssätze, Tschechische Republik;Prozent;Weder saisonal noch um Arbeitstage bereinigt;Österreich;Insgesamt;Standard, in Einheiten;2,00;AB003C002
Monat;2019;2;4;11;;Leitzinssätze, Dänemark;Prozent;Weder saisonal noch um Arbeitstage bereinigt;Österreich;Insgesamt;Standard, in Einheiten;0,05;AB003C003
Monat;2019;2;4;11;;Leitzinssätze, Ungarn;Prozent;Weder saisonal noch um Arbeitstage bereinigt;Österreich;Insgesamt;Standard, in Einheiten;0,90;AB003C006
Monat;2019;2;4;11;;Leitzinssätze, Polen;Prozent;Weder saisonal noch um Arbeitstage bereinigt;Österreich;Insgesamt;Standard, in Einheiten;1,50;AB003C007
Monat;2019;2;4;11;;Leitzinssätze, Rumänien;Prozent;Weder saisonal noch um Arbeitstage bereinigt;Österreich;Insgesamt;Standard, in Einheiten;2,50;AB003C008
Monat;2019;2;4;11;;Leitzinssätze, Schweden;Prozent;Weder saisonal noch um Arbeitstage bereinigt;Österreich;Insgesamt;Standard, in Einheiten;-0,25;AB003C010
Monat;2019;2;4;11;;Leitzinssätze, Vereinigtes Königreich;Prozent;Weder saisonal noch um Arbeitstage bereinigt;Österreich;Insgesamt;Standard, in Einheiten;0,75;AB003C011
Monat;2019;2;4;11;;Leitzinssätze, Norwegen;Prozent;Weder saisonal noch um Arbeitstage bereinigt;Österreich;Insgesamt;Standard, in Einheiten;1,50;AB003C012
Monat;2019;2;4;11;;Leitzinssätze, Schweiz ;Prozent;Weder saisonal noch um Arbeitstage bereinigt;Österreich;Insgesamt;Standard, in Einheiten;-0,75;AB003C013
Monat;2019;2;4;11;;Leitzinssätze, USA;Prozent;Weder saisonal noch um Arbeitstage bereinigt;Österreich;Insgesamt;Standard, in Einheiten;1,75;AB003C014
Monat;2019;2;4;11;;Leitzinssätze, Japan;Prozent;Weder saisonal noch um Arbeitstage bereinigt;Österreich;Insgesamt;Standard, in Einheiten;-0,10;AB003C015
Monat;2019;2;4;12;;Leitzinssätze, Euroraum-wechselnde Zusammensetzung;Prozent;Weder saisonal noch um Arbeitstage bereinigt;Österreich;Insgesamt;Standard, in Einheiten;0,00;AB003C000
Monat;2019;2;4;12;;Leitzinssätze, Tschechische Republik;Prozent;Weder saisonal noch um Arbeitstage bereinigt;Österreich;Insgesamt;Standard, in Einheiten;2,00;AB003C002
Monat;2019;2;4;12;;Leitzinssätze, Dänemark;Prozent;Weder saisonal noch um Arbeitstage bereinigt;Österreich;Insgesamt;Standard, in Einheiten;0,05;AB003C003
Monat;2019;2;4;12;;Leitzinssätze, Ungarn;Prozent;Weder saisonal noch um Arbeitstage bereinigt;Österreich;Insgesamt;Standard, in Einheiten;0,90;AB003C006
Monat;2019;2;4;12;;Leitzinssätze, Polen;Prozent;Weder saisonal noch um Arbeitstage bereinigt;Österreich;Insgesamt;Standard, in Einheiten;1,50;AB003C007
Monat;2019;2;4;12;;Leitzinssätze, Rumänien;Prozent;Weder saisonal noch um Arbeitstage bereinigt;Österreich;Insgesamt;Standard, in Einheiten;2,50;AB003C008
Monat;2019;2;4;12;;Leitzinssätze, Schweden;Prozent;Weder saisonal noch um Arbeitstage bereinigt;Österreich;Insgesamt;Standard, in Einheiten;-0,25;AB003C010
Monat;2019;2;4;12;;Leitzinssätze, Vereinigtes Königreich;Prozent;Weder saisonal noch um Arbeitstage bereinigt;Österreich;Insgesamt;Standard, in Einheiten;0,75;AB003C011
Monat;2019;2;4;12;;Leitzinssätze, Norwegen;Prozent;Weder saisonal noch um Arbeitstage bereinigt;Österreich;Insgesamt;Standard, in Einheiten;1,50;AB003C012
Monat;2019;2;4;12;;Leitzinssätze, Schweiz ;Prozent;Weder saisonal noch um Arbeitstage bereinigt;Österreich;Insgesamt;Standard, in Einheiten;-0,75;AB003C013
Monat;2019;2;4;12;;Leitzinssätze, USA;Prozent;Weder saisonal noch um Arbeitstage bereinigt;Österreich;Insgesamt;Standard, in Einheiten;1,75;AB003C014
Monat;2019;2;4;12;;Leitzinssätze, Japan;Prozent;Weder saisonal noch um Arbeitstage bereinigt;Österreich;Insgesamt;Standard, in Einheiten;-0,10;AB003C015
Monat;2020;1;1;01;;Leitzinssätze, Euroraum-wechselnde Zusammensetzung;Prozent;Weder saisonal noch um Arbeitstage bereinigt;Österreich;Insgesamt;Standard, in Einheiten;0,00;AB003C000
Monat;2020;1;1;01;;Leitzinssätze, Tschechische Republik;Prozent;Weder saisonal noch um Arbeitstage bereinigt;Österreich;Insgesamt;Standard, in Einheiten;2,00;AB003C002
Monat;2020;1;1;01;;Leitzinssätze, Dänemark;Prozent;Weder saisonal noch um Arbeitstage bereinigt;Österreich;Insgesamt;Standard, in Einheiten;0,05;AB003C003
Monat;2020;1;1;01;;Leitzinssätze, Ungarn;Prozent;Weder saisonal noch um Arbeitstage bereinigt;Österreich;Insgesamt;Standard, in Einheiten;0,90;AB003C006
Monat;2020;1;1;01;;Leitzinssätze, Polen;Prozent;Weder saisonal noch um Arbeitstage bereinigt;Österreich;Insgesamt;Standard, in Einheiten;1,50;AB003C007
Monat;2020;1;1;01;;Leitzinssätze, Rumänien;Prozent;Weder saisonal noch um Arbeitstage bereinigt;Österreich;Insgesamt;Standard, in Einheiten;2,50;AB003C008
Monat;2020;1;1;01;;Leitzinssätze, Schweden;Prozent;Weder saisonal noch um Arbeitstage bereinigt;Österreich;Insgesamt;Standard, in Einheiten;0,00;AB003C010
Monat;2020;1;1;01;;Leitzinssätze, Vereinigtes Königreich;Prozent;Weder saisonal noch um Arbeitstage bereinigt;Österreich;Insgesamt;Standard, in Einheiten;0,75;AB003C011
Monat;2020;1;1;01;;Leitzinssätze, Norwegen;Prozent;Weder saisonal noch um Arbeitstage bereinigt;Österreich;Insgesamt;Standard, in Einheiten;1,50;AB003C012
Monat;2020;1;1;01;;Leitzinssätze, Schweiz ;Prozent;Weder saisonal noch um Arbeitstage bereinigt;Österreich;Insgesamt;Standard, in Einheiten;-0,75;AB003C013
Monat;2020;1;1;01;;Leitzinssätze, USA;Prozent;Weder saisonal noch um Arbeitstage bereinigt;Österreich;Insgesamt;Standard, in Einheiten;1,75;AB003C014
Monat;2020;1;1;01;;Leitzinssätze, Japan;Prozent;Weder saisonal noch um Arbeitstage bereinigt;Österreich;Insgesamt;Standard, in Einheiten;-0,10;AB003C015
Monat;2020;1;1;02;;Leitzinssätze, Euroraum-wechselnde Zusammensetzung;Prozent;Weder saisonal noch um Arbeitstage bereinigt;Österreich;Insgesamt;Standard, in Einheiten;0,00;AB003C000
Monat;2020;1;1;02;;Leitzinssätze, Tschechische Republik;Prozent;Weder saisonal noch um Arbeitstage bereinigt;Österreich;Insgesamt;Standard, in Einheiten;2,25;AB003C002
Monat;2020;1;1;02;;Leitzinssätze, Dänemark;Prozent;Weder saisonal noch um Arbeitstage bereinigt;Österreich;Insgesamt;Standard, in Einheiten;0,05;AB003C003
Monat;2020;1;1;02;;Leitzinssätze, Ungarn;Prozent;Weder saisonal noch um Arbeitstage bereinigt;Österreich;Insgesamt;Standard, in Einheiten;0,90;AB003C006
Monat;2020;1;1;02;;Leitzinssätze, Polen;Prozent;Weder saisonal noch um Arbeitstage bereinigt;Österreich;Insgesamt;Standard, in Einheiten;1,50;AB003C007
Monat;2020;1;1;02;;Leitzinssätze, Rumänien;Prozent;Weder saisonal noch um Arbeitstage bereinigt;Österreich;Insgesamt;Standard, in Einheiten;2,50;AB003C008
Monat;2020;1;1;02;;Leitzinssätze, Schweden;Prozent;Weder saisonal noch um Arbeitstage bereinigt;Österreich;Insgesamt;Standard, in Einheiten;0,00;AB003C010
Monat;2020;1;1;02;;Leitzinssätze, Vereinigtes Königreich;Prozent;Weder saisonal noch um Arbeitstage bereinigt;Österreich;Insgesamt;Standard, in Einheiten;0,75;AB003C011
Monat;2020;1;1;02;;Leitzinssätze, Norwegen;Prozent;Weder saisonal noch um Arbeitstage bereinigt;Österreich;Insgesamt;Standard, in Einheiten;1,50;AB003C012
Monat;2020;1;1;02;;Leitzinssätze, Schweiz ;Prozent;Weder saisonal noch um Arbeitstage bereinigt;Österreich;Insgesamt;Standard, in Einheiten;-0,75;AB003C013
Monat;2020;1;1;02;;Leitzinssätze, USA;Prozent;Weder saisonal noch um Arbeitstage bereinigt;Österreich;Insgesamt;Standard, in Einheiten;1,75;AB003C014
Monat;2020;1;1;02;;Leitzinssätze, Japan;Prozent;Weder saisonal noch um Arbeitstage bereinigt;Österreich;Insgesamt;Standard, in Einheiten;-0,10;AB003C015
Monat;2020;1;1;03;;Leitzinssätze, Euroraum-wechselnde Zusammensetzung;Prozent;Weder saisonal noch um Arbeitstage bereinigt;Österreich;Insgesamt;Standard, in Einheiten;0,00;AB003C000
Monat;2020;1;1;03;;Leitzinssätze, Tschechische Republik;Prozent;Weder saisonal noch um Arbeitstage bereinigt;Österreich;Insgesamt;Standard, in Einheiten;1,00;AB003C002
Monat;2020;1;1;03;;Leitzinssätze, Dänemark;Prozent;Weder saisonal noch um Arbeitstage bereinigt;Österreich;Insgesamt;Standard, in Einheiten;0,05;AB003C003
Monat;2020;1;1;03;;Leitzinssätze, Ungarn;Prozent;Weder saisonal noch um Arbeitstage bereinigt;Österreich;Insgesamt;Standard, in Einheiten;0,90;AB003C006
Monat;2020;1;1;03;;Leitzinssätze, Polen;Prozent;Weder saisonal noch um Arbeitstage bereinigt;Österreich;Insgesamt;Standard, in Einheiten;1,00;AB003C007
Monat;2020;1;1;03;;Leitzinssätze, Rumänien;Prozent;Weder saisonal noch um Arbeitstage bereinigt;Österreich;Insgesamt;Standard, in Einheiten;2,00;AB003C008
Monat;2020;1;1;03;;Leitzinssätze, Schweden;Prozent;Weder saisonal noch um Arbeitstage bereinigt;Österreich;Insgesamt;Standard, in Einheiten;0,00;AB003C010
Monat;2020;1;1;03;;Leitzinssätze, Vereinigtes Königreich;Prozent;Weder saisonal noch um Arbeitstage bereinigt;Österreich;Insgesamt;Standard, in Einheiten;0,10;AB003C011
Monat;2020;1;1;03;;Leitzinssätze, Norwegen;Prozent;Weder saisonal noch um Arbeitstage bereinigt;Österreich;Insgesamt;Standard, in Einheiten;0,25;AB003C012
Monat;2020;1;1;03;;Leitzinssätze, Schweiz ;Prozent;Weder saisonal noch um Arbeitstage bereinigt;Österreich;Insgesamt;Standard, in Einheiten;-0,75;AB003C013
Monat;2020;1;1;03;;Leitzinssätze, USA;Prozent;Weder saisonal noch um Arbeitstage bereinigt;Österreich;Insgesamt;Standard, in Einheiten;0,25;AB003C014
Monat;2020;1;1;03;;Leitzinssätze, Japan;Prozent;Weder saisonal noch um Arbeitstage bereinigt;Österreich;Insgesamt;Standard, in Einheiten;-0,10;AB003C015
Monat;2020;1;2;04;;Leitzinssätze, Euroraum-wechselnde Zusammensetzung;Prozent;Weder saisonal noch um Arbeitstage bereinigt;Österreich;Insgesamt;Standard, in Einheiten;0,00;AB003C000
Monat;2020;1;2;04;;Leitzinssätze, Tschechische Republik;Prozent;Weder saisonal noch um Arbeitstage bereinigt;Österreich;Insgesamt;Standard, in Einheiten;1,00;AB003C002
Monat;2020;1;2;04;;Leitzinssätze, Dänemark;Prozent;Weder saisonal noch um Arbeitstage bereinigt;Österreich;Insgesamt;Standard, in Einheiten;0,05;AB003C003
Monat;2020;1;2;04;;Leitzinssätze, Ungarn;Prozent;Weder saisonal noch um Arbeitstage bereinigt;Österreich;Insgesamt;Standard, in Einheiten;0,90;AB003C006
Monat;2020;1;2;04;;Leitzinssätze, Polen;Prozent;Weder saisonal noch um Arbeitstage bereinigt;Österreich;Insgesamt;Standard, in Einheiten;0,50;AB003C007
Monat;2020;1;2;04;;Leitzinssätze, Rumänien;Prozent;Weder saisonal noch um Arbeitstage bereinigt;Österreich;Insgesamt;Standard, in Einheiten;2,00;AB003C008
Monat;2020;1;2;04;;Leitzinssätze, Schweden;Prozent;Weder saisonal noch um Arbeitstage bereinigt;Österreich;Insgesamt;Standard, in Einheiten;0,00;AB003C010
Monat;2020;1;2;04;;Leitzinssätze, Vereinigtes Königreich;Prozent;Weder saisonal noch um Arbeitstage bereinigt;Österreich;Insgesamt;Standard, in Einheiten;0,10;AB003C011
Monat;2020;1;2;04;;Leitzinssätze, Norwegen;Prozent;Weder saisonal noch um Arbeitstage bereinigt;Österreich;Insgesamt;Standard, in Einheiten;0,25;AB003C012
Monat;2020;1;2;04;;Leitzinssätze, Schweiz ;Prozent;Weder saisonal noch um Arbeitstage bereinigt;Österreich;Insgesamt;Standard, in Einheiten;-0,75;AB003C013
Monat;2020;1;2;04;;Leitzinssätze, USA;Prozent;Weder saisonal noch um Arbeitstage bereinigt;Österreich;Insgesamt;Standard, in Einheiten;0,25;AB003C014
Monat;2020;1;2;04;;Leitzinssätze, Japan;Prozent;Weder saisonal noch um Arbeitstage bereinigt;Österreich;Insgesamt;Standard, in Einheiten;-0,10;AB003C015
Monat;2020;1;2;05;;Leitzinssätze, Euroraum-wechselnde Zusammensetzung;Prozent;Weder saisonal noch um Arbeitstage bereinigt;Österreich;Insgesamt;Standard, in Einheiten;0,00;AB003C000
Monat;2020;1;2;05;;Leitzinssätze, Tschechische Republik;Prozent;Weder saisonal noch um Arbeitstage bereinigt;Österreich;Insgesamt;Standard, in Einheiten;0,25;AB003C002
Monat;2020;1;2;05;;Leitzinssätze, Dänemark;Prozent;Weder saisonal noch um Arbeitstage bereinigt;Österreich;Insgesamt;Standard, in Einheiten;0,05;AB003C003
Monat;2020;1;2;05;;Leitzinssätze, Ungarn;Prozent;Weder saisonal noch um Arbeitstage bereinigt;Österreich;Insgesamt;Standard, in Einheiten;0,90;AB003C006
Monat;2020;1;2;05;;Leitzinssätze, Polen;Prozent;Weder saisonal noch um Arbeitstage bereinigt;Österreich;Insgesamt;Standard, in Einheiten;0,10;AB003C007
Monat;2020;1;2;05;;Leitzinssätze, Rumänien;Prozent;Weder saisonal noch um Arbeitstage bereinigt;Österreich;Insgesamt;Standard, in Einheiten;2,00;AB003C008
Monat;2020;1;2;05;;Leitzinssätze, Schweden;Prozent;Weder saisonal noch um Arbeitstage bereinigt;Österreich;Insgesamt;Standard, in Einheiten;0,00;AB003C010
Monat;2020;1;2;05;;Leitzinssätze, Vereinigtes Königreich;Prozent;Weder saisonal noch um Arbeitstage bereinigt;Österreich;Insgesamt;Standard, in Einheiten;0,10;AB003C011
Monat;2020;1;2;05;;Leitzinssätze, Norwegen;Prozent;Weder saisonal noch um Arbeitstage bereinigt;Österreich;Insgesamt;Standard, in Einheiten;0,00;AB003C012
Monat;2020;1;2;05;;Leitzinssätze, Schweiz ;Prozent;Weder saisonal noch um Arbeitstage bereinigt;Österreich;Insgesamt;Standard, in Einheiten;-0,75;AB003C013
Monat;2020;1;2;05;;Leitzinssätze, USA;Prozent;Weder saisonal noch um Arbeitstage bereinigt;Österreich;Insgesamt;Standard, in Einheiten;0,25;AB003C014
Monat;2020;1;2;05;;Leitzinssätze, Japan;Prozent;Weder saisonal noch um Arbeitstage bereinigt;Österreich;Insgesamt;Standard, in Einheiten;-0,10;AB003C015
Monat;2020;1;2;06;;Leitzinssätze, Euroraum-wechselnde Zusammensetzung;Prozent;Weder saisonal noch um Arbeitstage bereinigt;Österreich;Insgesamt;Standard, in Einheiten;0,00;AB003C000
Monat;2020;1;2;06;;Leitzinssätze, Tschechische Republik;Prozent;Weder saisonal noch um Arbeitstage bereinigt;Österreich;Insgesamt;Standard, in Einheiten;0,25;AB003C002
Monat;2020;1;2;06;;Leitzinssätze, Dänemark;Prozent;Weder saisonal noch um Arbeitstage bereinigt;Österreich;Insgesamt;Standard, in Einheiten;0,05;AB003C003
Monat;2020;1;2;06;;Leitzinssätze, Ungarn;Prozent;Weder saisonal noch um Arbeitstage bereinigt;Österreich;Insgesamt;Standard, in Einheiten;0,75;AB003C006
Monat;2020;1;2;06;;Leitzinssätze, Polen;Prozent;Weder saisonal noch um Arbeitstage bereinigt;Österreich;Insgesamt;Standard, in Einheiten;0,10;AB003C007
Monat;2020;1;2;06;;Leitzinssätze, Rumänien;Prozent;Weder saisonal noch um Arbeitstage bereinigt;Österreich;Insgesamt;Standard, in Einheiten;1,75;AB003C008
Monat;2020;1;2;06;;Leitzinssätze, Schweden;Prozent;Weder saisonal noch um Arbeitstage bereinigt;Österreich;Insgesamt;Standard, in Einheiten;0,00;AB003C010
Monat;2020;1;2;06;;Leitzinssätze, Vereinigtes Königreich;Prozent;Weder saisonal noch um Arbeitstage bereinigt;Österreich;Insgesamt;Standard, in Einheiten;0,10;AB003C011
Monat;2020;1;2;06;;Leitzinssätze, Norwegen;Prozent;Weder saisonal noch um Arbeitstage bereinigt;Österreich;Insgesamt;Standard, in Einheiten;0,00;AB003C012
Monat;2020;1;2;06;;Leitzinssätze, Schweiz ;Prozent;Weder saisonal noch um Arbeitstage bereinigt;Österreich;Insgesamt;Standard, in Einheiten;-0,75;AB003C013
Monat;2020;1;2;06;;Leitzinssätze, USA;Prozent;Weder saisonal noch um Arbeitstage bereinigt;Österreich;Insgesamt;Standard, in Einheiten;0,25;AB003C014
Monat;2020;1;2;06;;Leitzinssätze, Japan;Prozent;Weder saisonal noch um Arbeitstage bereinigt;Österreich;Insgesamt;Standard, in Einheiten;-0,10;AB003C015
Monat;2020;2;3;07;;Leitzinssätze, Euroraum-wechselnde Zusammensetzung;Prozent;Weder saisonal noch um Arbeitstage bereinigt;Österreich;Insgesamt;Standard, in Einheiten;0,00;AB003C000
Monat;2020;2;3;07;;Leitzinssätze, Tschechische Republik;Prozent;Weder saisonal noch um Arbeitstage bereinigt;Österreich;Insgesamt;Standard, in Einheiten;0,25;AB003C002
Monat;2020;2;3;07;;Leitzinssätze, Dänemark;Prozent;Weder saisonal noch um Arbeitstage bereinigt;Österreich;Insgesamt;Standard, in Einheiten;0,05;AB003C003
Monat;2020;2;3;07;;Leitzinssätze, Ungarn;Prozent;Weder saisonal noch um Arbeitstage bereinigt;Österreich;Insgesamt;Standard, in Einheiten;0,60;AB003C006
Monat;2020;2;3;07;;Leitzinssätze, Polen;Prozent;Weder saisonal noch um Arbeitstage bereinigt;Österreich;Insgesamt;Standard, in Einheiten;0,10;AB003C007
Monat;2020;2;3;07;;Leitzinssätze, Rumänien;Prozent;Weder saisonal noch um Arbeitstage bereinigt;Österreich;Insgesamt;Standard, in Einheiten;1,75;AB003C008
Monat;2020;2;3;07;;Leitzinssätze, Schweden;Prozent;Weder saisonal noch um Arbeitstage bereinigt;Österreich;Insgesamt;Standard, in Einheiten;0,00;AB003C010
Monat;2020;2;3;07;;Leitzinssätze, Vereinigtes Königreich;Prozent;Weder saisonal noch um Arbeitstage bereinigt;Österreich;Insgesamt;Standard, in Einheiten;0,10;AB003C011
Monat;2020;2;3;07;;Leitzinssätze, Norwegen;Prozent;Weder saisonal noch um Arbeitstage bereinigt;Österreich;Insgesamt;Standard, in Einheiten;0,00;AB003C012
Monat;2020;2;3;07;;Leitzinssätze, Schweiz ;Prozent;Weder saisonal noch um Arbeitstage bereinigt;Österreich;Insgesamt;Standard, in Einheiten;-0,75;AB003C013
Monat;2020;2;3;07;;Leitzinssätze, USA;Prozent;Weder saisonal noch um Arbeitstage bereinigt;Österreich;Insgesamt;Standard, in Einheiten;0,25;AB003C014
Monat;2020;2;3;07;;Leitzinssätze, Japan;Prozent;Weder saisonal noch um Arbeitstage bereinigt;Österreich;Insgesamt;Standard, in Einheiten;-0,10;AB003C015
Monat;2020;2;3;08;;Leitzinssätze, Euroraum-wechselnde Zusammensetzung;Prozent;Weder saisonal noch um Arbeitstage bereinigt;Österreich;Insgesamt;Standard, in Einheiten;0,00;AB003C000
Monat;2020;2;3;08;;Leitzinssätze, Tschechische Republik;Prozent;Weder saisonal noch um Arbeitstage bereinigt;Österreich;Insgesamt;Standard, in Einheiten;0,25;AB003C002
Monat;2020;2;3;08;;Leitzinssätze, Dänemark;Prozent;Weder saisonal noch um Arbeitstage bereinigt;Österreich;Insgesamt;Standard, in Einheiten;0,05;AB003C003
Monat;2020;2;3;08;;Leitzinssätze, Ungarn;Prozent;Weder saisonal noch um Arbeitstage bereinigt;Österreich;Insgesamt;Standard, in Einheiten;0,60;AB003C006
Monat;2020;2;3;08;;Leitzinssätze, Polen;Prozent;Weder saisonal noch um Arbeitstage bereinigt;Österreich;Insgesamt;Standard, in Einheiten;0,10;AB003C007
Monat;2020;2;3;08;;Leitzinssätze, Rumänien;Prozent;Weder saisonal noch um Arbeitstage bereinigt;Österreich;Insgesamt;Standard, in Einheiten;1,50;AB003C008
Monat;2020;2;3;08;;Leitzinssätze, Schweden;Prozent;Weder saisonal noch um Arbeitstage bereinigt;Österreich;Insgesamt;Standard, in Einheiten;0,00;AB003C010
Monat;2020;2;3;08;;Leitzinssätze, Vereinigtes Königreich;Prozent;Weder saisonal noch um Arbeitstage bereinigt;Österreich;Insgesamt;Standard, in Einheiten;0,10;AB003C011
Monat;2020;2;3;08;;Leitzinssätze, Norwegen;Prozent;Weder saisonal noch um Arbeitstage bereinigt;Österreich;Insgesamt;Standard, in Einheiten;0,00;AB003C012
Monat;2020;2;3;08;;Leitzinssätze, Schweiz ;Prozent;Weder saisonal noch um Arbeitstage bereinigt;Österreich;Insgesamt;Standard, in Einheiten;-0,75;AB003C013
Monat;2020;2;3;08;;Leitzinssätze, USA;Prozent;Weder saisonal noch um Arbeitstage bereinigt;Österreich;Insgesamt;Standard, in Einheiten;0,25;AB003C014
Monat;2020;2;3;08;;Leitzinssätze, Japan;Prozent;Weder saisonal noch um Arbeitstage bereinigt;Österreich;Insgesamt;Standard, in Einheiten;-0,10;AB003C015
Monat;2020;2;3;09;;Leitzinssätze, Euroraum-wechselnde Zusammensetzung;Prozent;Weder saisonal noch um Arbeitstage bereinigt;Österreich;Insgesamt;Standard, in Einheiten;0,00;AB003C000
Monat;2020;2;3;09;;Leitzinssätze, Tschechische Republik;Prozent;Weder saisonal noch um Arbeitstage bereinigt;Österreich;Insgesamt;Standard, in Einheiten;0,25;AB003C002
Monat;2020;2;3;09;;Leitzinssätze, Dänemark;Prozent;Weder saisonal noch um Arbeitstage bereinigt;Österreich;Insgesamt;Standard, in Einheiten;0,05;AB003C003
Monat;2020;2;3;09;;Leitzinssätze, Ungarn;Prozent;Weder saisonal noch um Arbeitstage bereinigt;Österreich;Insgesamt;Standard, in Einheiten;0,60;AB003C006
Monat;2020;2;3;09;;Leitzinssätze, Polen;Prozent;Weder saisonal noch um Arbeitstage bereinigt;Österreich;Insgesamt;Standard, in Einheiten;0,10;AB003C007
Monat;2020;2;3;09;;Leitzinssätze, Rumänien;Prozent;Weder saisonal noch um Arbeitstage bereinigt;Österreich;Insgesamt;Standard, in Einheiten;1,50;AB003C008
Monat;2020;2;3;09;;Leitzinssätze, Schweden;Prozent;Weder saisonal noch um Arbeitstage bereinigt;Österreich;Insgesamt;Standard, in Einheiten;0,00;AB003C010
Monat;2020;2;3;09;;Leitzinssätze, Vereinigtes Königreich;Prozent;Weder saisonal noch um Arbeitstage bereinigt;Österreich;Insgesamt;Standard, in Einheiten;0,10;AB003C011
Monat;2020;2;3;09;;Leitzinssätze, Norwegen;Prozent;Weder saisonal noch um Arbeitstage bereinigt;Österreich;Insgesamt;Standard, in Einheiten;0,00;AB003C012
Monat;2020;2;3;09;;Leitzinssätze, Schweiz ;Prozent;Weder saisonal noch um Arbeitstage bereinigt;Österreich;Insgesamt;Standard, in Einheiten;-0,75;AB003C013
Monat;2020;2;3;09;;Leitzinssätze, USA;Prozent;Weder saisonal noch um Arbeitstage bereinigt;Österreich;Insgesamt;Standard, in Einheiten;0,25;AB003C014
Monat;2020;2;3;09;;Leitzinssätze, Japan;Prozent;Weder saisonal noch um Arbeitstage bereinigt;Österreich;Insgesamt;Standard, in Einheiten;-0,10;AB003C015
Monat;2020;2;4;10;;Leitzinssätze, Euroraum-wechselnde Zusammensetzung;Prozent;Weder saisonal noch um Arbeitstage bereinigt;Österreich;Insgesamt;Standard, in Einheiten;0,00;AB003C000
Monat;2020;2;4;10;;Leitzinssätze, Tschechische Republik;Prozent;Weder saisonal noch um Arbeitstage bereinigt;Österreich;Insgesamt;Standard, in Einheiten;0,25;AB003C002
Monat;2020;2;4;10;;Leitzinssätze, Dänemark;Prozent;Weder saisonal noch um Arbeitstage bereinigt;Österreich;Insgesamt;Standard, in Einheiten;0,05;AB003C003
Monat;2020;2;4;10;;Leitzinssätze, Ungarn;Prozent;Weder saisonal noch um Arbeitstage bereinigt;Österreich;Insgesamt;Standard, in Einheiten;0,60;AB003C006
Monat;2020;2;4;10;;Leitzinssätze, Polen;Prozent;Weder saisonal noch um Arbeitstage bereinigt;Österreich;Insgesamt;Standard, in Einheiten;0,10;AB003C007
Monat;2020;2;4;10;;Leitzinssätze, Rumänien;Prozent;Weder saisonal noch um Arbeitstage bereinigt;Österreich;Insgesamt;Standard, in Einheiten;1,50;AB003C008
Monat;2020;2;4;10;;Leitzinssätze, Schweden;Prozent;Weder saisonal noch um Arbeitstage bereinigt;Österreich;Insgesamt;Standard, in Einheiten;0,00;AB003C010
Monat;2020;2;4;10;;Leitzinssätze, Vereinigtes Königreich;Prozent;Weder saisonal noch um Arbeitstage bereinigt;Österreich;Insgesamt;Standard, in Einheiten;0,10;AB003C011
Monat;2020;2;4;10;;Leitzinssätze, Norwegen;Prozent;Weder saisonal noch um Arbeitstage bereinigt;Österreich;Insgesamt;Standard, in Einheiten;0,00;AB003C012
Monat;2020;2;4;10;;Leitzinssätze, Schweiz ;Prozent;Weder saisonal noch um Arbeitstage bereinigt;Österreich;Insgesamt;Standard, in Einheiten;-0,75;AB003C013
Monat;2020;2;4;10;;Leitzinssätze, USA;Prozent;Weder saisonal noch um Arbeitstage bereinigt;Österreich;Insgesamt;Standard, in Einheiten;0,25;AB003C014
Monat;2020;2;4;10;;Leitzinssätze, Japan;Prozent;Weder saisonal noch um Arbeitstage bereinigt;Österreich;Insgesamt;Standard, in Einheiten;-0,10;AB003C015
Monat;2020;2;4;11;;Leitzinssätze, Euroraum-wechselnde Zusammensetzung;Prozent;Weder saisonal noch um Arbeitstage bereinigt;Österreich;Insgesamt;Standard, in Einheiten;0,00;AB003C000
Monat;2020;2;4;11;;Leitzinssätze, Tschechische Republik;Prozent;Weder saisonal noch um Arbeitstage bereinigt;Österreich;Insgesamt;Standard, in Einheiten;0,25;AB003C002
Monat;2020;2;4;11;;Leitzinssätze, Dänemark;Prozent;Weder saisonal noch um Arbeitstage bereinigt;Österreich;Insgesamt;Standard, in Einheiten;0,05;AB003C003
Monat;2020;2;4;11;;Leitzinssätze, Ungarn;Prozent;Weder saisonal noch um Arbeitstage bereinigt;Österreich;Insgesamt;Standard, in Einheiten;0,60;AB003C006
Monat;2020;2;4;11;;Leitzinssätze, Polen;Prozent;Weder saisonal noch um Arbeitstage bereinigt;Österreich;Insgesamt;Standard, in Einheiten;0,10;AB003C007
Monat;2020;2;4;11;;Leitzinssätze, Rumänien;Prozent;Weder saisonal noch um Arbeitstage bereinigt;Österreich;Insgesamt;Standard, in Einheiten;1,50;AB003C008
Monat;2020;2;4;11;;Leitzinssätze, Schweden;Prozent;Weder saisonal noch um Arbeitstage bereinigt;Österreich;Insgesamt;Standard, in Einheiten;0,00;AB003C010
Monat;2020;2;4;11;;Leitzinssätze, Vereinigtes Königreich;Prozent;Weder saisonal noch um Arbeitstage bereinigt;Österreich;Insgesamt;Standard, in Einheiten;0,10;AB003C011
Monat;2020;2;4;11;;Leitzinssätze, Norwegen;Prozent;Weder saisonal noch um Arbeitstage bereinigt;Österreich;Insgesamt;Standard, in Einheiten;0,00;AB003C012
Monat;2020;2;4;11;;Leitzinssätze, Schweiz ;Prozent;Weder saisonal noch um Arbeitstage bereinigt;Österreich;Insgesamt;Standard, in Einheiten;-0,75;AB003C013
Monat;2020;2;4;11;;Leitzinssätze, USA;Prozent;Weder saisonal noch um Arbeitstage bereinigt;Österreich;Insgesamt;Standard, in Einheiten;0,25;AB003C014
Monat;2020;2;4;11;;Leitzinssätze, Japan;Prozent;Weder saisonal noch um Arbeitstage bereinigt;Österreich;Insgesamt;Standard, in Einheiten;-0,10;AB003C015
Monat;2020;2;4;12;;Leitzinssätze, Euroraum-wechselnde Zusammensetzung;Prozent;Weder saisonal noch um Arbeitstage bereinigt;Österreich;Insgesamt;Standard, in Einheiten;0,00;AB003C000
Monat;2020;2;4;12;;Leitzinssätze, Tschechische Republik;Prozent;Weder saisonal noch um Arbeitstage bereinigt;Österreich;Insgesamt;Standard, in Einheiten;0,25;AB003C002
Monat;2020;2;4;12;;Leitzinssätze, Dänemark;Prozent;Weder saisonal noch um Arbeitstage bereinigt;Österreich;Insgesamt;Standard, in Einheiten;0,05;AB003C003
Monat;2020;2;4;12;;Leitzinssätze, Ungarn;Prozent;Weder saisonal noch um Arbeitstage bereinigt;Österreich;Insgesamt;Standard, in Einheiten;0,60;AB003C006
Monat;2020;2;4;12;;Leitzinssätze, Polen;Prozent;Weder saisonal noch um Arbeitstage bereinigt;Österreich;Insgesamt;Standard, in Einheiten;0,10;AB003C007
Monat;2020;2;4;12;;Leitzinssätze, Rumänien;Prozent;Weder saisonal noch um Arbeitstage bereinigt;Österreich;Insgesamt;Standard, in Einheiten;1,50;AB003C008
Monat;2020;2;4;12;;Leitzinssätze, Schweden;Prozent;Weder saisonal noch um Arbeitstage bereinigt;Österreich;Insgesamt;Standard, in Einheiten;0,00;AB003C010
Monat;2020;2;4;12;;Leitzinssätze, Vereinigtes Königreich;Prozent;Weder saisonal noch um Arbeitstage bereinigt;Österreich;Insgesamt;Standard, in Einheiten;0,10;AB003C011
Monat;2020;2;4;12;;Leitzinssätze, Norwegen;Prozent;Weder saisonal noch um Arbeitstage bereinigt;Österreich;Insgesamt;Standard, in Einheiten;0,00;AB003C012
Monat;2020;2;4;12;;Leitzinssätze, Schweiz ;Prozent;Weder saisonal noch um Arbeitstage bereinigt;Österreich;Insgesamt;Standard, in Einheiten;-0,75;AB003C013
Monat;2020;2;4;12;;Leitzinssätze, USA;Prozent;Weder saisonal noch um Arbeitstage bereinigt;Österreich;Insgesamt;Standard, in Einheiten;0,25;AB003C014
Monat;2020;2;4;12;;Leitzinssätze, Japan;Prozent;Weder saisonal noch um Arbeitstage bereinigt;Österreich;Insgesamt;Standard, in Einheiten;-0,10;AB003C015
Monat;2021;1;1;01;;Leitzinssätze, Euroraum-wechselnde Zusammensetzung;Prozent;Weder saisonal noch um Arbeitstage bereinigt;Österreich;Insgesamt;Standard, in Einheiten;0,00;AB003C000
Monat;2021;1;1;01;;Leitzinssätze, Tschechische Republik;Prozent;Weder saisonal noch um Arbeitstage bereinigt;Österreich;Insgesamt;Standard, in Einheiten;0,25;AB003C002
Monat;2021;1;1;01;;Leitzinssätze, Dänemark;Prozent;Weder saisonal noch um Arbeitstage bereinigt;Österreich;Insgesamt;Standard, in Einheiten;0,05;AB003C003
Monat;2021;1;1;01;;Leitzinssätze, Ungarn;Prozent;Weder saisonal noch um Arbeitstage bereinigt;Österreich;Insgesamt;Standard, in Einheiten;0,60;AB003C006
Monat;2021;1;1;01;;Leitzinssätze, Polen;Prozent;Weder saisonal noch um Arbeitstage bereinigt;Österreich;Insgesamt;Standard, in Einheiten;0,10;AB003C007
Monat;2021;1;1;01;;Leitzinssätze, Rumänien;Prozent;Weder saisonal noch um Arbeitstage bereinigt;Österreich;Insgesamt;Standard, in Einheiten;1,25;AB003C008
Monat;2021;1;1;01;;Leitzinssätze, Schweden;Prozent;Weder saisonal noch um Arbeitstage bereinigt;Österreich;Insgesamt;Standard, in Einheiten;0,00;AB003C010
Monat;2021;1;1;01;;Leitzinssätze, Vereinigtes Königreich;Prozent;Weder saisonal noch um Arbeitstage bereinigt;Österreich;Insgesamt;Standard, in Einheiten;0,10;AB003C011
Monat;2021;1;1;01;;Leitzinssätze, Norwegen;Prozent;Weder saisonal noch um Arbeitstage bereinigt;Österreich;Insgesamt;Standard, in Einheiten;0,00;AB003C012
Monat;2021;1;1;01;;Leitzinssätze, Schweiz ;Prozent;Weder saisonal noch um Arbeitstage bereinigt;Österreich;Insgesamt;Standard, in Einheiten;-0,75;AB003C013
Monat;2021;1;1;01;;Leitzinssätze, USA;Prozent;Weder saisonal noch um Arbeitstage bereinigt;Österreich;Insgesamt;Standard, in Einheiten;0,25;AB003C014
Monat;2021;1;1;01;;Leitzinssätze, Japan;Prozent;Weder saisonal noch um Arbeitstage bereinigt;Österreich;Insgesamt;Standard, in Einheiten;-0,10;AB003C015
Monat;2021;1;1;02;;Leitzinssätze, Euroraum-wechselnde Zusammensetzung;Prozent;Weder saisonal noch um Arbeitstage bereinigt;Österreich;Insgesamt;Standard, in Einheiten;0,00;AB003C000
Monat;2021;1;1;02;;Leitzinssätze, Tschechische Republik;Prozent;Weder saisonal noch um Arbeitstage bereinigt;Österreich;Insgesamt;Standard, in Einheiten;0,25;AB003C002
Monat;2021;1;1;02;;Leitzinssätze, Dänemark;Prozent;Weder saisonal noch um Arbeitstage bereinigt;Österreich;Insgesamt;Standard, in Einheiten;0,05;AB003C003
Monat;2021;1;1;02;;Leitzinssätze, Ungarn;Prozent;Weder saisonal noch um Arbeitstage bereinigt;Österreich;Insgesamt;Standard, in Einheiten;0,60;AB003C006
Monat;2021;1;1;02;;Leitzinssätze, Polen;Prozent;Weder saisonal noch um Arbeitstage bereinigt;Österreich;Insgesamt;Standard, in Einheiten;0,10;AB003C007
Monat;2021;1;1;02;;Leitzinssätze, Rumänien;Prozent;Weder saisonal noch um Arbeitstage bereinigt;Österreich;Insgesamt;Standard, in Einheiten;1,25;AB003C008
Monat;2021;1;1;02;;Leitzinssätze, Schweden;Prozent;Weder saisonal noch um Arbeitstage bereinigt;Österreich;Insgesamt;Standard, in Einheiten;0,00;AB003C010
Monat;2021;1;1;02;;Leitzinssätze, Vereinigtes Königreich;Prozent;Weder saisonal noch um Arbeitstage bereinigt;Österreich;Insgesamt;Standard, in Einheiten;0,10;AB003C011
Monat;2021;1;1;02;;Leitzinssätze, Norwegen;Prozent;Weder saisonal noch um Arbeitstage bereinigt;Österreich;Insgesamt;Standard, in Einheiten;0,00;AB003C012
Monat;2021;1;1;02;;Leitzinssätze, Schweiz ;Prozent;Weder saisonal noch um Arbeitstage bereinigt;Österreich;Insgesamt;Standard, in Einheiten;-0,75;AB003C013
Monat;2021;1;1;02;;Leitzinssätze, USA;Prozent;Weder saisonal noch um Arbeitstage bereinigt;Österreich;Insgesamt;Standard, in Einheiten;0,25;AB003C014
Monat;2021;1;1;02;;Leitzinssätze, Japan;Prozent;Weder saisonal noch um Arbeitstage bereinigt;Österreich;Insgesamt;Standard, in Einheiten;-0,10;AB003C015
Monat;2021;1;1;03;;Leitzinssätze, Euroraum-wechselnde Zusammensetzung;Prozent;Weder saisonal noch um Arbeitstage bereinigt;Österreich;Insgesamt;Standard, in Einheiten;0,00;AB003C000
Monat;2021;1;1;03;;Leitzinssätze, Tschechische Republik;Prozent;Weder saisonal noch um Arbeitstage bereinigt;Österreich;Insgesamt;Standard, in Einheiten;0,25;AB003C002
Monat;2021;1;1;03;;Leitzinssätze, Dänemark;Prozent;Weder saisonal noch um Arbeitstage bereinigt;Österreich;Insgesamt;Standard, in Einheiten;-0,35;AB003C003
Monat;2021;1;1;03;;Leitzinssätze, Ungarn;Prozent;Weder saisonal noch um Arbeitstage bereinigt;Österreich;Insgesamt;Standard, in Einheiten;0,60;AB003C006
Monat;2021;1;1;03;;Leitzinssätze, Polen;Prozent;Weder saisonal noch um Arbeitstage bereinigt;Österreich;Insgesamt;Standard, in Einheiten;0,10;AB003C007
Monat;2021;1;1;03;;Leitzinssätze, Rumänien;Prozent;Weder saisonal noch um Arbeitstage bereinigt;Österreich;Insgesamt;Standard, in Einheiten;1,25;AB003C008
Monat;2021;1;1;03;;Leitzinssätze, Schweden;Prozent;Weder saisonal noch um Arbeitstage bereinigt;Österreich;Insgesamt;Standard, in Einheiten;0,00;AB003C010
Monat;2021;1;1;03;;Leitzinssätze, Vereinigtes Königreich;Prozent;Weder saisonal noch um Arbeitstage bereinigt;Österreich;Insgesamt;Standard, in Einheiten;0,10;AB003C011
Monat;2021;1;1;03;;Leitzinssätze, Norwegen;Prozent;Weder saisonal noch um Arbeitstage bereinigt;Österreich;Insgesamt;Standard, in Einheiten;0,00;AB003C012
Monat;2021;1;1;03;;Leitzinssätze, Schweiz ;Prozent;Weder saisonal noch um Arbeitstage bereinigt;Österreich;Insgesamt;Standard, in Einheiten;-0,75;AB003C013
Monat;2021;1;1;03;;Leitzinssätze, USA;Prozent;Weder saisonal noch um Arbeitstage bereinigt;Österreich;Insgesamt;Standard, in Einheiten;0,25;AB003C014
Monat;2021;1;1;03;;Leitzinssätze, Japan;Prozent;Weder saisonal noch um Arbeitstage bereinigt;Österreich;Insgesamt;Standard, in Einheiten;-0,10;AB003C015
Monat;2021;1;2;04;;Leitzinssätze, Euroraum-wechselnde Zusammensetzung;Prozent;Weder saisonal noch um Arbeitstage bereinigt;Österreich;Insgesamt;Standard, in Einheiten;0,00;AB003C000
Monat;2021;1;2;04;;Leitzinssätze, Tschechische Republik;Prozent;Weder saisonal noch um Arbeitstage bereinigt;Österreich;Insgesamt;Standard, in Einheiten;0,25;AB003C002
Monat;2021;1;2;04;;Leitzinssätze, Dänemark;Prozent;Weder saisonal noch um Arbeitstage bereinigt;Österreich;Insgesamt;Standard, in Einheiten;-0,35;AB003C003
Monat;2021;1;2;04;;Leitzinssätze, Ungarn;Prozent;Weder saisonal noch um Arbeitstage bereinigt;Österreich;Insgesamt;Standard, in Einheiten;0,60;AB003C006
Monat;2021;1;2;04;;Leitzinssätze, Polen;Prozent;Weder saisonal noch um Arbeitstage bereinigt;Österreich;Insgesamt;Standard, in Einheiten;0,10;AB003C007
Monat;2021;1;2;04;;Leitzinssätze, Rumänien;Prozent;Weder saisonal noch um Arbeitstage bereinigt;Österreich;Insgesamt;Standard, in Einheiten;1,25;AB003C008
Monat;2021;1;2;04;;Leitzinssätze, Schweden;Prozent;Weder saisonal noch um Arbeitstage bereinigt;Österreich;Insgesamt;Standard, in Einheiten;0,00;AB003C010
Monat;2021;1;2;04;;Leitzinssätze, Vereinigtes Königreich;Prozent;Weder saisonal noch um Arbeitstage bereinigt;Österreich;Insgesamt;Standard, in Einheiten;0,10;AB003C011
Monat;2021;1;2;04;;Leitzinssätze, Norwegen;Prozent;Weder saisonal noch um Arbeitstage bereinigt;Österreich;Insgesamt;Standard, in Einheiten;0,00;AB003C012
Monat;2021;1;2;04;;Leitzinssätze, Schweiz ;Prozent;Weder saisonal noch um Arbeitstage bereinigt;Österreich;Insgesamt;Standard, in Einheiten;-0,75;AB003C013
Monat;2021;1;2;04;;Leitzinssätze, USA;Prozent;Weder saisonal noch um Arbeitstage bereinigt;Österreich;Insgesamt;Standard, in Einheiten;0,25;AB003C014
Monat;2021;1;2;04;;Leitzinssätze, Japan;Prozent;Weder saisonal noch um Arbeitstage bereinigt;Österreich;Insgesamt;Standard, in Einheiten;-0,10;AB003C015
Monat;2021;1;2;05;;Leitzinssätze, Euroraum-wechselnde Zusammensetzung;Prozent;Weder saisonal noch um Arbeitstage bereinigt;Österreich;Insgesamt;Standard, in Einheiten;0,00;AB003C000
Monat;2021;1;2;05;;Leitzinssätze, Tschechische Republik;Prozent;Weder saisonal noch um Arbeitstage bereinigt;Österreich;Insgesamt;Standard, in Einheiten;0,25;AB003C002
Monat;2021;1;2;05;;Leitzinssätze, Dänemark;Prozent;Weder saisonal noch um Arbeitstage bereinigt;Österreich;Insgesamt;Standard, in Einheiten;-0,35;AB003C003
Monat;2021;1;2;05;;Leitzinssätze, Ungarn;Prozent;Weder saisonal noch um Arbeitstage bereinigt;Österreich;Insgesamt;Standard, in Einheiten;0,60;AB003C006
Monat;2021;1;2;05;;Leitzinssätze, Polen;Prozent;Weder saisonal noch um Arbeitstage bereinigt;Österreich;Insgesamt;Standard, in Einheiten;0,10;AB003C007
Monat;2021;1;2;05;;Leitzinssätze, Rumänien;Prozent;Weder saisonal noch um Arbeitstage bereinigt;Österreich;Insgesamt;Standard, in Einheiten;1,25;AB003C008
Monat;2021;1;2;05;;Leitzinssätze, Schweden;Prozent;Weder saisonal noch um Arbeitstage bereinigt;Österreich;Insgesamt;Standard, in Einheiten;0,00;AB003C010
Monat;2021;1;2;05;;Leitzinssätze, Vereinigtes Königreich;Prozent;Weder saisonal noch um Arbeitstage bereinigt;Österreich;Insgesamt;Standard, in Einheiten;0,10;AB003C011
Monat;2021;1;2;05;;Leitzinssätze, Norwegen;Prozent;Weder saisonal noch um Arbeitstage bereinigt;Österreich;Insgesamt;Standard, in Einheiten;0,00;AB003C012
Monat;2021;1;2;05;;Leitzinssätze, Schweiz ;Prozent;Weder saisonal noch um Arbeitstage bereinigt;Österreich;Insgesamt;Standard, in Einheiten;-0,75;AB003C013
Monat;2021;1;2;05;;Leitzinssätze, USA;Prozent;Weder saisonal noch um Arbeitstage bereinigt;Österreich;Insgesamt;Standard, in Einheiten;0,25;AB003C014
Monat;2021;1;2;05;;Leitzinssätze, Japan;Prozent;Weder saisonal noch um Arbeitstage bereinigt;Österreich;Insgesamt;Standard, in Einheiten;-0,10;AB003C015
Monat;2021;1;2;06;;Leitzinssätze, Euroraum-wechselnde Zusammensetzung;Prozent;Weder saisonal noch um Arbeitstage bereinigt;Österreich;Insgesamt;Standard, in Einheiten;0,00;AB003C000
Monat;2021;1;2;06;;Leitzinssätze, Tschechische Republik;Prozent;Weder saisonal noch um Arbeitstage bereinigt;Österreich;Insgesamt;Standard, in Einheiten;0,50;AB003C002
Monat;2021;1;2;06;;Leitzinssätze, Dänemark;Prozent;Weder saisonal noch um Arbeitstage bereinigt;Österreich;Insgesamt;Standard, in Einheiten;-0,35;AB003C003
Monat;2021;1;2;06;;Leitzinssätze, Ungarn;Prozent;Weder saisonal noch um Arbeitstage bereinigt;Österreich;Insgesamt;Standard, in Einheiten;0,90;AB003C006
Monat;2021;1;2;06;;Leitzinssätze, Polen;Prozent;Weder saisonal noch um Arbeitstage bereinigt;Österreich;Insgesamt;Standard, in Einheiten;0,10;AB003C007
Monat;2021;1;2;06;;Leitzinssätze, Rumänien;Prozent;Weder saisonal noch um Arbeitstage bereinigt;Österreich;Insgesamt;Standard, in Einheiten;1,25;AB003C008
Monat;2021;1;2;06;;Leitzinssätze, Schweden;Prozent;Weder saisonal noch um Arbeitstage bereinigt;Österreich;Insgesamt;Standard, in Einheiten;0,00;AB003C010
Monat;2021;1;2;06;;Leitzinssätze, Vereinigtes Königreich;Prozent;Weder saisonal noch um Arbeitstage bereinigt;Österreich;Insgesamt;Standard, in Einheiten;0,10;AB003C011
Monat;2021;1;2;06;;Leitzinssätze, Norwegen;Prozent;Weder saisonal noch um Arbeitstage bereinigt;Österreich;Insgesamt;Standard, in Einheiten;0,00;AB003C012
Monat;2021;1;2;06;;Leitzinssätze, Schweiz ;Prozent;Weder saisonal noch um Arbeitstage bereinigt;Österreich;Insgesamt;Standard, in Einheiten;-0,75;AB003C013
Monat;2021;1;2;06;;Leitzinssätze, USA;Prozent;Weder saisonal noch um Arbeitstage bereinigt;Österreich;Insgesamt;Standard, in Einheiten;0,25;AB003C014
Monat;2021;1;2;06;;Leitzinssätze, Japan;Prozent;Weder saisonal noch um Arbeitstage bereinigt;Österreich;Insgesamt;Standard, in Einheiten;-0,10;AB003C015
Monat;2021;2;3;07;;Leitzinssätze, Euroraum-wechselnde Zusammensetzung;Prozent;Weder saisonal noch um Arbeitstage bereinigt;Österreich;Insgesamt;Standard, in Einheiten;0,00;AB003C000
Monat;2021;2;3;07;;Leitzinssätze, Tschechische Republik;Prozent;Weder saisonal noch um Arbeitstage bereinigt;Österreich;Insgesamt;Standard, in Einheiten;0,50;AB003C002
Monat;2021;2;3;07;;Leitzinssätze, Dänemark;Prozent;Weder saisonal noch um Arbeitstage bereinigt;Österreich;Insgesamt;Standard, in Einheiten;-0,35;AB003C003
Monat;2021;2;3;07;;Leitzinssätze, Ungarn;Prozent;Weder saisonal noch um Arbeitstage bereinigt;Österreich;Insgesamt;Standard, in Einheiten;1,20;AB003C006
Monat;2021;2;3;07;;Leitzinssätze, Polen;Prozent;Weder saisonal noch um Arbeitstage bereinigt;Österreich;Insgesamt;Standard, in Einheiten;0,10;AB003C007
Monat;2021;2;3;07;;Leitzinssätze, Rumänien;Prozent;Weder saisonal noch um Arbeitstage bereinigt;Österreich;Insgesamt;Standard, in Einheiten;1,25;AB003C008
Monat;2021;2;3;07;;Leitzinssätze, Schweden;Prozent;Weder saisonal noch um Arbeitstage bereinigt;Österreich;Insgesamt;Standard, in Einheiten;0,00;AB003C010
Monat;2021;2;3;07;;Leitzinssätze, Vereinigtes Königreich;Prozent;Weder saisonal noch um Arbeitstage bereinigt;Österreich;Insgesamt;Standard, in Einheiten;0,10;AB003C011
Monat;2021;2;3;07;;Leitzinssätze, Norwegen;Prozent;Weder saisonal noch um Arbeitstage bereinigt;Österreich;Insgesamt;Standard, in Einheiten;0,00;AB003C012
Monat;2021;2;3;07;;Leitzinssätze, Schweiz ;Prozent;Weder saisonal noch um Arbeitstage bereinigt;Österreich;Insgesamt;Standard, in Einheiten;-0,75;AB003C013
Monat;2021;2;3;07;;Leitzinssätze, USA;Prozent;Weder saisonal noch um Arbeitstage bereinigt;Österreich;Insgesamt;Standard, in Einheiten;0,25;AB003C014
Monat;2021;2;3;07;;Leitzinssätze, Japan;Prozent;Weder saisonal noch um Arbeitstage bereinigt;Österreich;Insgesamt;Standard, in Einheiten;-0,10;AB003C015
Monat;2021;2;3;08;;Leitzinssätze, Euroraum-wechselnde Zusammensetzung;Prozent;Weder saisonal noch um Arbeitstage bereinigt;Österreich;Insgesamt;Standard, in Einheiten;0,00;AB003C000
Monat;2021;2;3;08;;Leitzinssätze, Tschechische Republik;Prozent;Weder saisonal noch um Arbeitstage bereinigt;Österreich;Insgesamt;Standard, in Einheiten;0,75;AB003C002
Monat;2021;2;3;08;;Leitzinssätze, Dänemark;Prozent;Weder saisonal noch um Arbeitstage bereinigt;Österreich;Insgesamt;Standard, in Einheiten;-0,35;AB003C003
Monat;2021;2;3;08;;Leitzinssätze, Ungarn;Prozent;Weder saisonal noch um Arbeitstage bereinigt;Österreich;Insgesamt;Standard, in Einheiten;1,50;AB003C006
Monat;2021;2;3;08;;Leitzinssätze, Polen;Prozent;Weder saisonal noch um Arbeitstage bereinigt;Österreich;Insgesamt;Standard, in Einheiten;0,10;AB003C007
Monat;2021;2;3;08;;Leitzinssätze, Rumänien;Prozent;Weder saisonal noch um Arbeitstage bereinigt;Österreich;Insgesamt;Standard, in Einheiten;1,25;AB003C008
Monat;2021;2;3;08;;Leitzinssätze, Schweden;Prozent;Weder saisonal noch um Arbeitstage bereinigt;Österreich;Insgesamt;Standard, in Einheiten;0,00;AB003C010
Monat;2021;2;3;08;;Leitzinssätze, Vereinigtes Königreich;Prozent;Weder saisonal noch um Arbeitstage bereinigt;Österreich;Insgesamt;Standard, in Einheiten;0,10;AB003C011
Monat;2021;2;3;08;;Leitzinssätze, Norwegen;Prozent;Weder saisonal noch um Arbeitstage bereinigt;Österreich;Insgesamt;Standard, in Einheiten;0,00;AB003C012
Monat;2021;2;3;08;;Leitzinssätze, Schweiz ;Prozent;Weder saisonal noch um Arbeitstage bereinigt;Österreich;Insgesamt;Standard, in Einheiten;-0,75;AB003C013
Monat;2021;2;3;08;;Leitzinssätze, USA;Prozent;Weder saisonal noch um Arbeitstage bereinigt;Österreich;Insgesamt;Standard, in Einheiten;0,25;AB003C014
Monat;2021;2;3;08;;Leitzinssätze, Japan;Prozent;Weder saisonal noch um Arbeitstage bereinigt;Österreich;Insgesamt;Standard, in Einheiten;-0,10;AB003C015
Monat;2021;2;3;09;;Leitzinssätze, Euroraum-wechselnde Zusammensetzung;Prozent;Weder saisonal noch um Arbeitstage bereinigt;Österreich;Insgesamt;Standard, in Einheiten;0,00;AB003C000
Monat;2021;2;3;09;;Leitzinssätze, Tschechische Republik;Prozent;Weder saisonal noch um Arbeitstage bereinigt;Österreich;Insgesamt;Standard, in Einheiten;0,75;AB003C002
Monat;2021;2;3;09;;Leitzinssätze, Dänemark;Prozent;Weder saisonal noch um Arbeitstage bereinigt;Österreich;Insgesamt;Standard, in Einheiten;-0,35;AB003C003
Monat;2021;2;3;09;;Leitzinssätze, Ungarn;Prozent;Weder saisonal noch um Arbeitstage bereinigt;Österreich;Insgesamt;Standard, in Einheiten;1,65;AB003C006
Monat;2021;2;3;09;;Leitzinssätze, Polen;Prozent;Weder saisonal noch um Arbeitstage bereinigt;Österreich;Insgesamt;Standard, in Einheiten;0,10;AB003C007
Monat;2021;2;3;09;;Leitzinssätze, Rumänien;Prozent;Weder saisonal noch um Arbeitstage bereinigt;Österreich;Insgesamt;Standard, in Einheiten;1,25;AB003C008
Monat;2021;2;3;09;;Leitzinssätze, Schweden;Prozent;Weder saisonal noch um Arbeitstage bereinigt;Österreich;Insgesamt;Standard, in Einheiten;0,00;AB003C010
Monat;2021;2;3;09;;Leitzinssätze, Vereinigtes Königreich;Prozent;Weder saisonal noch um Arbeitstage bereinigt;Österreich;Insgesamt;Standard, in Einheiten;0,10;AB003C011
Monat;2021;2;3;09;;Leitzinssätze, Norwegen;Prozent;Weder saisonal noch um Arbeitstage bereinigt;Österreich;Insgesamt;Standard, in Einheiten;0,25;AB003C012
Monat;2021;2;3;09;;Leitzinssätze, Schweiz ;Prozent;Weder saisonal noch um Arbeitstage bereinigt;Österreich;Insgesamt;Standard, in Einheiten;-0,75;AB003C013
Monat;2021;2;3;09;;Leitzinssätze, USA;Prozent;Weder saisonal noch um Arbeitstage bereinigt;Österreich;Insgesamt;Standard, in Einheiten;0,25;AB003C014
Monat;2021;2;3;09;;Leitzinssätze, Japan;Prozent;Weder saisonal noch um Arbeitstage bereinigt;Österreich;Insgesamt;Standard, in Einheiten;-0,10;AB003C015
Monat;2021;2;4;10;;Leitzinssätze, Euroraum-wechselnde Zusammensetzung;Prozent;Weder saisonal noch um Arbeitstage bereinigt;Österreich;Insgesamt;Standard, in Einheiten;0,00;AB003C000
Monat;2021;2;4;10;;Leitzinssätze, Tschechische Republik;Prozent;Weder saisonal noch um Arbeitstage bereinigt;Österreich;Insgesamt;Standard, in Einheiten;1,50;AB003C002
Monat;2021;2;4;10;;Leitzinssätze, Dänemark;Prozent;Weder saisonal noch um Arbeitstage bereinigt;Österreich;Insgesamt;Standard, in Einheiten;-0,45;AB003C003
Monat;2021;2;4;10;;Leitzinssätze, Ungarn;Prozent;Weder saisonal noch um Arbeitstage bereinigt;Österreich;Insgesamt;Standard, in Einheiten;1,80;AB003C006
Monat;2021;2;4;10;;Leitzinssätze, Polen;Prozent;Weder saisonal noch um Arbeitstage bereinigt;Österreich;Insgesamt;Standard, in Einheiten;0,50;AB003C007
Monat;2021;2;4;10;;Leitzinssätze, Rumänien;Prozent;Weder saisonal noch um Arbeitstage bereinigt;Österreich;Insgesamt;Standard, in Einheiten;1,50;AB003C008
Monat;2021;2;4;10;;Leitzinssätze, Schweden;Prozent;Weder saisonal noch um Arbeitstage bereinigt;Österreich;Insgesamt;Standard, in Einheiten;0,00;AB003C010
Monat;2021;2;4;10;;Leitzinssätze, Vereinigtes Königreich;Prozent;Weder saisonal noch um Arbeitstage bereinigt;Österreich;Insgesamt;Standard, in Einheiten;0,10;AB003C011
Monat;2021;2;4;10;;Leitzinssätze, Norwegen;Prozent;Weder saisonal noch um Arbeitstage bereinigt;Österreich;Insgesamt;Standard, in Einheiten;0,25;AB003C012
Monat;2021;2;4;10;;Leitzinssätze, Schweiz ;Prozent;Weder saisonal noch um Arbeitstage bereinigt;Österreich;Insgesamt;Standard, in Einheiten;-0,75;AB003C013
Monat;2021;2;4;10;;Leitzinssätze, USA;Prozent;Weder saisonal noch um Arbeitstage bereinigt;Österreich;Insgesamt;Standard, in Einheiten;0,25;AB003C014
Monat;2021;2;4;10;;Leitzinssätze, Japan;Prozent;Weder saisonal noch um Arbeitstage bereinigt;Österreich;Insgesamt;Standard, in Einheiten;-0,10;AB003C015
Monat;2021;2;4;11;;Leitzinssätze, Euroraum-wechselnde Zusammensetzung;Prozent;Weder saisonal noch um Arbeitstage bereinigt;Österreich;Insgesamt;Standard, in Einheiten;0,00;AB003C000
Monat;2021;2;4;11;;Leitzinssätze, Tschechische Republik;Prozent;Weder saisonal noch um Arbeitstage bereinigt;Österreich;Insgesamt;Standard, in Einheiten;2,75;AB003C002
Monat;2021;2;4;11;;Leitzinssätze, Dänemark;Prozent;Weder saisonal noch um Arbeitstage bereinigt;Österreich;Insgesamt;Standard, in Einheiten;-0,45;AB003C003
Monat;2021;2;4;11;;Leitzinssätze, Ungarn;Prozent;Weder saisonal noch um Arbeitstage bereinigt;Österreich;Insgesamt;Standard, in Einheiten;2,10;AB003C006
Monat;2021;2;4;11;;Leitzinssätze, Polen;Prozent;Weder saisonal noch um Arbeitstage bereinigt;Österreich;Insgesamt;Standard, in Einheiten;1,25;AB003C007
Monat;2021;2;4;11;;Leitzinssätze, Rumänien;Prozent;Weder saisonal noch um Arbeitstage bereinigt;Österreich;Insgesamt;Standard, in Einheiten;1,75;AB003C008
Monat;2021;2;4;11;;Leitzinssätze, Schweden;Prozent;Weder saisonal noch um Arbeitstage bereinigt;Österreich;Insgesamt;Standard, in Einheiten;0,00;AB003C010
Monat;2021;2;4;11;;Leitzinssätze, Vereinigtes Königreich;Prozent;Weder saisonal noch um Arbeitstage bereinigt;Österreich;Insgesamt;Standard, in Einheiten;0,10;AB003C011
Monat;2021;2;4;11;;Leitzinssätze, Norwegen;Prozent;Weder saisonal noch um Arbeitstage bereinigt;Österreich;Insgesamt;Standard, in Einheiten;0,25;AB003C012
Monat;2021;2;4;11;;Leitzinssätze, Schweiz ;Prozent;Weder saisonal noch um Arbeitstage bereinigt;Österreich;Insgesamt;Standard, in Einheiten;-0,75;AB003C013
Monat;2021;2;4;11;;Leitzinssätze, USA;Prozent;Weder saisonal noch um Arbeitstage bereinigt;Österreich;Insgesamt;Standard, in Einheiten;0,25;AB003C014
Monat;2021;2;4;11;;Leitzinssätze, Japan;Prozent;Weder saisonal noch um Arbeitstage bereinigt;Österreich;Insgesamt;Standard, in Einheiten;-0,10;AB003C015
Monat;2021;2;4;12;;Leitzinssätze, Euroraum-wechselnde Zusammensetzung;Prozent;Weder saisonal noch um Arbeitstage bereinigt;Österreich;Insgesamt;Standard, in Einheiten;0,00;AB003C000
Monat;2021;2;4;12;;Leitzinssätze, Tschechische Republik;Prozent;Weder saisonal noch um Arbeitstage bereinigt;Österreich;Insgesamt;Standard, in Einheiten;3,75;AB003C002
Monat;2021;2;4;12;;Leitzinssätze, Dänemark;Prozent;Weder saisonal noch um Arbeitstage bereinigt;Österreich;Insgesamt;Standard, in Einheiten;-0,45;AB003C003
Monat;2021;2;4;12;;Leitzinssätze, Ungarn;Prozent;Weder saisonal noch um Arbeitstage bereinigt;Österreich;Insgesamt;Standard, in Einheiten;2,40;AB003C006
Monat;2021;2;4;12;;Leitzinssätze, Polen;Prozent;Weder saisonal noch um Arbeitstage bereinigt;Österreich;Insgesamt;Standard, in Einheiten;1,75;AB003C007
Monat;2021;2;4;12;;Leitzinssätze, Rumänien;Prozent;Weder saisonal noch um Arbeitstage bereinigt;Österreich;Insgesamt;Standard, in Einheiten;1,75;AB003C008
Monat;2021;2;4;12;;Leitzinssätze, Schweden;Prozent;Weder saisonal noch um Arbeitstage bereinigt;Österreich;Insgesamt;Standard, in Einheiten;0,00;AB003C010
Monat;2021;2;4;12;;Leitzinssätze, Vereinigtes Königreich;Prozent;Weder saisonal noch um Arbeitstage bereinigt;Österreich;Insgesamt;Standard, in Einheiten;0,25;AB003C011
Monat;2021;2;4;12;;Leitzinssätze, Norwegen;Prozent;Weder saisonal noch um Arbeitstage bereinigt;Österreich;Insgesamt;Standard, in Einheiten;0,50;AB003C012
Monat;2021;2;4;12;;Leitzinssätze, Schweiz ;Prozent;Weder saisonal noch um Arbeitstage bereinigt;Österreich;Insgesamt;Standard, in Einheiten;-0,75;AB003C013
Monat;2021;2;4;12;;Leitzinssätze, USA;Prozent;Weder saisonal noch um Arbeitstage bereinigt;Österreich;Insgesamt;Standard, in Einheiten;0,25;AB003C014
Monat;2021;2;4;12;;Leitzinssätze, Japan;Prozent;Weder saisonal noch um Arbeitstage bereinigt;Österreich;Insgesamt;Standard, in Einheiten;-0,10;AB003C015
Monat;2022;1;1;01;;Leitzinssätze, Euroraum-wechselnde Zusammensetzung;Prozent;Weder saisonal noch um Arbeitstage bereinigt;Österreich;Insgesamt;Standard, in Einheiten;0,00;AB003C000
Monat;2022;1;1;01;;Leitzinssätze, Tschechische Republik;Prozent;Weder saisonal noch um Arbeitstage bereinigt;Österreich;Insgesamt;Standard, in Einheiten;3,75;AB003C002
Monat;2022;1;1;01;;Leitzinssätze, Dänemark;Prozent;Weder saisonal noch um Arbeitstage bereinigt;Österreich;Insgesamt;Standard, in Einheiten;-0,45;AB003C003
Monat;2022;1;1;01;;Leitzinssätze, Ungarn;Prozent;Weder saisonal noch um Arbeitstage bereinigt;Österreich;Insgesamt;Standard, in Einheiten;2,90;AB003C006
Monat;2022;1;1;01;;Leitzinssätze, Polen;Prozent;Weder saisonal noch um Arbeitstage bereinigt;Österreich;Insgesamt;Standard, in Einheiten;2,25;AB003C007
Monat;2022;1;1;01;;Leitzinssätze, Rumänien;Prozent;Weder saisonal noch um Arbeitstage bereinigt;Österreich;Insgesamt;Standard, in Einheiten;2,00;AB003C008
Monat;2022;1;1;01;;Leitzinssätze, Schweden;Prozent;Weder saisonal noch um Arbeitstage bereinigt;Österreich;Insgesamt;Standard, in Einheiten;0,00;AB003C010
Monat;2022;1;1;01;;Leitzinssätze, Vereinigtes Königreich;Prozent;Weder saisonal noch um Arbeitstage bereinigt;Österreich;Insgesamt;Standard, in Einheiten;0,25;AB003C011
Monat;2022;1;1;01;;Leitzinssätze, Norwegen;Prozent;Weder saisonal noch um Arbeitstage bereinigt;Österreich;Insgesamt;Standard, in Einheiten;0,50;AB003C012
Monat;2022;1;1;01;;Leitzinssätze, Schweiz ;Prozent;Weder saisonal noch um Arbeitstage bereinigt;Österreich;Insgesamt;Standard, in Einheiten;-0,75;AB003C013
Monat;2022;1;1;01;;Leitzinssätze, USA;Prozent;Weder saisonal noch um Arbeitstage bereinigt;Österreich;Insgesamt;Standard, in Einheiten;0,25;AB003C014
Monat;2022;1;1;01;;Leitzinssätze, Japan;Prozent;Weder saisonal noch um Arbeitstage bereinigt;Österreich;Insgesamt;Standard, in Einheiten;-0,10;AB003C015
Monat;2022;1;1;02;;Leitzinssätze, Euroraum-wechselnde Zusammensetzung;Prozent;Weder saisonal noch um Arbeitstage bereinigt;Österreich;Insgesamt;Standard, in Einheiten;0,00;AB003C000
Monat;2022;1;1;02;;Leitzinssätze, Tschechische Republik;Prozent;Weder saisonal noch um Arbeitstage bereinigt;Österreich;Insgesamt;Standard, in Einheiten;4,50;AB003C002
Monat;2022;1;1;02;;Leitzinssätze, Dänemark;Prozent;Weder saisonal noch um Arbeitstage bereinigt;Österreich;Insgesamt;Standard, in Einheiten;-0,45;AB003C003
Monat;2022;1;1;02;;Leitzinssätze, Ungarn;Prozent;Weder saisonal noch um Arbeitstage bereinigt;Österreich;Insgesamt;Standard, in Einheiten;3,40;AB003C006
Monat;2022;1;1;02;;Leitzinssätze, Polen;Prozent;Weder saisonal noch um Arbeitstage bereinigt;Österreich;Insgesamt;Standard, in Einheiten;2,75;AB003C007
Monat;2022;1;1;02;;Leitzinssätze, Rumänien;Prozent;Weder saisonal noch um Arbeitstage bereinigt;Österreich;Insgesamt;Standard, in Einheiten;2,50;AB003C008
Monat;2022;1;1;02;;Leitzinssätze, Schweden;Prozent;Weder saisonal noch um Arbeitstage bereinigt;Österreich;Insgesamt;Standard, in Einheiten;0,00;AB003C010
Monat;2022;1;1;02;;Leitzinssätze, Vereinigtes Königreich;Prozent;Weder saisonal noch um Arbeitstage bereinigt;Österreich;Insgesamt;Standard, in Einheiten;0,50;AB003C011
Monat;2022;1;1;02;;Leitzinssätze, Norwegen;Prozent;Weder saisonal noch um Arbeitstage bereinigt;Österreich;Insgesamt;Standard, in Einheiten;0,50;AB003C012
Monat;2022;1;1;02;;Leitzinssätze, Schweiz ;Prozent;Weder saisonal noch um Arbeitstage bereinigt;Österreich;Insgesamt;Standard, in Einheiten;-0,75;AB003C013
Monat;2022;1;1;02;;Leitzinssätze, USA;Prozent;Weder saisonal noch um Arbeitstage bereinigt;Österreich;Insgesamt;Standard, in Einheiten;0,25;AB003C014
Monat;2022;1;1;02;;Leitzinssätze, Japan;Prozent;Weder saisonal noch um Arbeitstage bereinigt;Österreich;Insgesamt;Standard, in Einheiten;-0,10;AB003C015
Monat;2022;1;1;03;;Leitzinssätze, Euroraum-wechselnde Zusammensetzung;Prozent;Weder saisonal noch um Arbeitstage bereinigt;Österreich;Insgesamt;Standard, in Einheiten;0,00;AB003C000
Monat;2022;1;1;03;;Leitzinssätze, Tschechische Republik;Prozent;Weder saisonal noch um Arbeitstage bereinigt;Österreich;Insgesamt;Standard, in Einheiten;4,50;AB003C002
Monat;2022;1;1;03;;Leitzinssätze, Dänemark;Prozent;Weder saisonal noch um Arbeitstage bereinigt;Österreich;Insgesamt;Standard, in Einheiten;-0,45;AB003C003
Monat;2022;1;1;03;;Leitzinssätze, Ungarn;Prozent;Weder saisonal noch um Arbeitstage bereinigt;Österreich;Insgesamt;Standard, in Einheiten;4,40;AB003C006
Monat;2022;1;1;03;;Leitzinssätze, Polen;Prozent;Weder saisonal noch um Arbeitstage bereinigt;Österreich;Insgesamt;Standard, in Einheiten;3,50;AB003C007
Monat;2022;1;1;03;;Leitzinssätze, Rumänien;Prozent;Weder saisonal noch um Arbeitstage bereinigt;Österreich;Insgesamt;Standard, in Einheiten;2,50;AB003C008
Monat;2022;1;1;03;;Leitzinssätze, Schweden;Prozent;Weder saisonal noch um Arbeitstage bereinigt;Österreich;Insgesamt;Standard, in Einheiten;0,00;AB003C010
Monat;2022;1;1;03;;Leitzinssätze, Vereinigtes Königreich;Prozent;Weder saisonal noch um Arbeitstage bereinigt;Österreich;Insgesamt;Standard, in Einheiten;0,75;AB003C011
Monat;2022;1;1;03;;Leitzinssätze, Norwegen;Prozent;Weder saisonal noch um Arbeitstage bereinigt;Österreich;Insgesamt;Standard, in Einheiten;0,75;AB003C012
Monat;2022;1;1;03;;Leitzinssätze, Schweiz ;Prozent;Weder saisonal noch um Arbeitstage bereinigt;Österreich;Insgesamt;Standard, in Einheiten;-0,75;AB003C013
Monat;2022;1;1;03;;Leitzinssätze, USA;Prozent;Weder saisonal noch um Arbeitstage bereinigt;Österreich;Insgesamt;Standard, in Einheiten;0,50;AB003C014
Monat;2022;1;1;03;;Leitzinssätze, Japan;Prozent;Weder saisonal noch um Arbeitstage bereinigt;Österreich;Insgesamt;Standard, in Einheiten;-0,10;AB003C015
Monat;2022;1;2;04;;Leitzinssätze, Euroraum-wechselnde Zusammensetzung;Prozent;Weder saisonal noch um Arbeitstage bereinigt;Österreich;Insgesamt;Standard, in Einheiten;0,00;AB003C000
Monat;2022;1;2;04;;Leitzinssätze, Tschechische Republik;Prozent;Weder saisonal noch um Arbeitstage bereinigt;Österreich;Insgesamt;Standard, in Einheiten;5,00;AB003C002
Monat;2022;1;2;04;;Leitzinssätze, Dänemark;Prozent;Weder saisonal noch um Arbeitstage bereinigt;Österreich;Insgesamt;Standard, in Einheiten;-0,45;AB003C003
Monat;2022;1;2;04;;Leitzinssätze, Ungarn;Prozent;Weder saisonal noch um Arbeitstage bereinigt;Österreich;Insgesamt;Standard, in Einheiten;5,40;AB003C006
Monat;2022;1;2;04;;Leitzinssätze, Polen;Prozent;Weder saisonal noch um Arbeitstage bereinigt;Österreich;Insgesamt;Standard, in Einheiten;4,50;AB003C007
Monat;2022;1;2;04;;Leitzinssätze, Rumänien;Prozent;Weder saisonal noch um Arbeitstage bereinigt;Österreich;Insgesamt;Standard, in Einheiten;3,00;AB003C008
Monat;2022;1;2;04;;Leitzinssätze, Schweden;Prozent;Weder saisonal noch um Arbeitstage bereinigt;Österreich;Insgesamt;Standard, in Einheiten;0,00;AB003C010
Monat;2022;1;2;04;;Leitzinssätze, Vereinigtes Königreich;Prozent;Weder saisonal noch um Arbeitstage bereinigt;Österreich;Insgesamt;Standard, in Einheiten;0,75;AB003C011
Monat;2022;1;2;04;;Leitzinssätze, Norwegen;Prozent;Weder saisonal noch um Arbeitstage bereinigt;Österreich;Insgesamt;Standard, in Einheiten;0,75;AB003C012
Monat;2022;1;2;04;;Leitzinssätze, Schweiz ;Prozent;Weder saisonal noch um Arbeitstage bereinigt;Österreich;Insgesamt;Standard, in Einheiten;-0,75;AB003C013
Monat;2022;1;2;04;;Leitzinssätze, USA;Prozent;Weder saisonal noch um Arbeitstage bereinigt;Österreich;Insgesamt;Standard, in Einheiten;0,50;AB003C014
Monat;2022;1;2;04;;Leitzinssätze, Japan;Prozent;Weder saisonal noch um Arbeitstage bereinigt;Österreich;Insgesamt;Standard, in Einheiten;-0,10;AB003C015
Monat;2022;1;2;05;;Leitzinssätze, Euroraum-wechselnde Zusammensetzung;Prozent;Weder saisonal noch um Arbeitstage bereinigt;Österreich;Insgesamt;Standard, in Einheiten;0,00;AB003C000
Monat;2022;1;2;05;;Leitzinssätze, Tschechische Republik;Prozent;Weder saisonal noch um Arbeitstage bereinigt;Österreich;Insgesamt;Standard, in Einheiten;5,75;AB003C002
Monat;2022;1;2;05;;Leitzinssätze, Dänemark;Prozent;Weder saisonal noch um Arbeitstage bereinigt;Österreich;Insgesamt;Standard, in Einheiten;-0,45;AB003C003
Monat;2022;1;2;05;;Leitzinssätze, Ungarn;Prozent;Weder saisonal noch um Arbeitstage bereinigt;Österreich;Insgesamt;Standard, in Einheiten;5,40;AB003C006
Monat;2022;1;2;05;;Leitzinssätze, Polen;Prozent;Weder saisonal noch um Arbeitstage bereinigt;Österreich;Insgesamt;Standard, in Einheiten;5,25;AB003C007
Monat;2022;1;2;05;;Leitzinssätze, Rumänien;Prozent;Weder saisonal noch um Arbeitstage bereinigt;Österreich;Insgesamt;Standard, in Einheiten;3,75;AB003C008
Monat;2022;1;2;05;;Leitzinssätze, Schweden;Prozent;Weder saisonal noch um Arbeitstage bereinigt;Österreich;Insgesamt;Standard, in Einheiten;0,25;AB003C010
Monat;2022;1;2;05;;Leitzinssätze, Vereinigtes Königreich;Prozent;Weder saisonal noch um Arbeitstage bereinigt;Österreich;Insgesamt;Standard, in Einheiten;1,00;AB003C011
Monat;2022;1;2;05;;Leitzinssätze, Norwegen;Prozent;Weder saisonal noch um Arbeitstage bereinigt;Österreich;Insgesamt;Standard, in Einheiten;0,75;AB003C012
Monat;2022;1;2;05;;Leitzinssätze, Schweiz ;Prozent;Weder saisonal noch um Arbeitstage bereinigt;Österreich;Insgesamt;Standard, in Einheiten;-0,75;AB003C013
Monat;2022;1;2;05;;Leitzinssätze, USA;Prozent;Weder saisonal noch um Arbeitstage bereinigt;Österreich;Insgesamt;Standard, in Einheiten;1,00;AB003C014
Monat;2022;1;2;05;;Leitzinssätze, Japan;Prozent;Weder saisonal noch um Arbeitstage bereinigt;Österreich;Insgesamt;Standard, in Einheiten;-0,10;AB003C015
Monat;2022;1;2;06;;Leitzinssätze, Euroraum-wechselnde Zusammensetzung;Prozent;Weder saisonal noch um Arbeitstage bereinigt;Österreich;Insgesamt;Standard, in Einheiten;0,00;AB003C000
Monat;2022;1;2;06;;Leitzinssätze, Tschechische Republik;Prozent;Weder saisonal noch um Arbeitstage bereinigt;Österreich;Insgesamt;Standard, in Einheiten;7,00;AB003C002
Monat;2022;1;2;06;;Leitzinssätze, Dänemark;Prozent;Weder saisonal noch um Arbeitstage bereinigt;Österreich;Insgesamt;Standard, in Einheiten;-0,45;AB003C003
Monat;2022;1;2;06;;Leitzinssätze, Ungarn;Prozent;Weder saisonal noch um Arbeitstage bereinigt;Österreich;Insgesamt;Standard, in Einheiten;7,75;AB003C006
Monat;2022;1;2;06;;Leitzinssätze, Polen;Prozent;Weder saisonal noch um Arbeitstage bereinigt;Österreich;Insgesamt;Standard, in Einheiten;6,00;AB003C007
Monat;2022;1;2;06;;Leitzinssätze, Rumänien;Prozent;Weder saisonal noch um Arbeitstage bereinigt;Österreich;Insgesamt;Standard, in Einheiten;3,75;AB003C008
Monat;2022;1;2;06;;Leitzinssätze, Schweden;Prozent;Weder saisonal noch um Arbeitstage bereinigt;Österreich;Insgesamt;Standard, in Einheiten;0,25;AB003C010
Monat;2022;1;2;06;;Leitzinssätze, Vereinigtes Königreich;Prozent;Weder saisonal noch um Arbeitstage bereinigt;Österreich;Insgesamt;Standard, in Einheiten;1,25;AB003C011
Monat;2022;1;2;06;;Leitzinssätze, Norwegen;Prozent;Weder saisonal noch um Arbeitstage bereinigt;Österreich;Insgesamt;Standard, in Einheiten;1,25;AB003C012
Monat;2022;1;2;06;;Leitzinssätze, Schweiz ;Prozent;Weder saisonal noch um Arbeitstage bereinigt;Österreich;Insgesamt;Standard, in Einheiten;-0,25;AB003C013
Monat;2022;1;2;06;;Leitzinssätze, USA;Prozent;Weder saisonal noch um Arbeitstage bereinigt;Österreich;Insgesamt;Standard, in Einheiten;1,75;AB003C014
Monat;2022;1;2;06;;Leitzinssätze, Japan;Prozent;Weder saisonal noch um Arbeitstage bereinigt;Österreich;Insgesamt;Standard, in Einheiten;-0,10;AB003C015
Monat;2022;2;3;07;;Leitzinssätze, Euroraum-wechselnde Zusammensetzung;Prozent;Weder saisonal noch um Arbeitstage bereinigt;Österreich;Insgesamt;Standard, in Einheiten;0,50;AB003C000
Monat;2022;2;3;07;;Leitzinssätze, Tschechische Republik;Prozent;Weder saisonal noch um Arbeitstage bereinigt;Österreich;Insgesamt;Standard, in Einheiten;7,00;AB003C002
Monat;2022;2;3;07;;Leitzinssätze, Dänemark;Prozent;Weder saisonal noch um Arbeitstage bereinigt;Österreich;Insgesamt;Standard, in Einheiten;0,05;AB003C003
Monat;2022;2;3;07;;Leitzinssätze, Ungarn;Prozent;Weder saisonal noch um Arbeitstage bereinigt;Österreich;Insgesamt;Standard, in Einheiten;10,75;AB003C006
Monat;2022;2;3;07;;Leitzinssätze, Polen;Prozent;Weder saisonal noch um Arbeitstage bereinigt;Österreich;Insgesamt;Standard, in Einheiten;6,50;AB003C007
Monat;2022;2;3;07;;Leitzinssätze, Rumänien;Prozent;Weder saisonal noch um Arbeitstage bereinigt;Österreich;Insgesamt;Standard, in Einheiten;4,75;AB003C008
Monat;2022;2;3;07;;Leitzinssätze, Schweden;Prozent;Weder saisonal noch um Arbeitstage bereinigt;Österreich;Insgesamt;Standard, in Einheiten;0,75;AB003C010
Monat;2022;2;3;07;;Leitzinssätze, Vereinigtes Königreich;Prozent;Weder saisonal noch um Arbeitstage bereinigt;Österreich;Insgesamt;Standard, in Einheiten;1,25;AB003C011
Monat;2022;2;3;07;;Leitzinssätze, Norwegen;Prozent;Weder saisonal noch um Arbeitstage bereinigt;Österreich;Insgesamt;Standard, in Einheiten;1,25;AB003C012
Monat;2022;2;3;07;;Leitzinssätze, Schweiz ;Prozent;Weder saisonal noch um Arbeitstage bereinigt;Österreich;Insgesamt;Standard, in Einheiten;-0,25;AB003C013
Monat;2022;2;3;07;;Leitzinssätze, USA;Prozent;Weder saisonal noch um Arbeitstage bereinigt;Österreich;Insgesamt;Standard, in Einheiten;2,50;AB003C014
Monat;2022;2;3;07;;Leitzinssätze, Japan;Prozent;Weder saisonal noch um Arbeitstage bereinigt;Österreich;Insgesamt;Standard, in Einheiten;-0,10;AB003C015
Monat;2022;2;3;08;;Leitzinssätze, Euroraum-wechselnde Zusammensetzung;Prozent;Weder saisonal noch um Arbeitstage bereinigt;Österreich;Insgesamt;Standard, in Einheiten;0,50;AB003C000
Monat;2022;2;3;08;;Leitzinssätze, Tschechische Republik;Prozent;Weder saisonal noch um Arbeitstage bereinigt;Österreich;Insgesamt;Standard, in Einheiten;7,00;AB003C002
Monat;2022;2;3;08;;Leitzinssätze, Dänemark;Prozent;Weder saisonal noch um Arbeitstage bereinigt;Österreich;Insgesamt;Standard, in Einheiten;0,05;AB003C003
Monat;2022;2;3;08;;Leitzinssätze, Ungarn;Prozent;Weder saisonal noch um Arbeitstage bereinigt;Österreich;Insgesamt;Standard, in Einheiten;11,75;AB003C006
Monat;2022;2;3;08;;Leitzinssätze, Polen;Prozent;Weder saisonal noch um Arbeitstage bereinigt;Österreich;Insgesamt;Standard, in Einheiten;6,50;AB003C007
Monat;2022;2;3;08;;Leitzinssätze, Rumänien;Prozent;Weder saisonal noch um Arbeitstage bereinigt;Österreich;Insgesamt;Standard, in Einheiten;5,50;AB003C008
Monat;2022;2;3;08;;Leitzinssätze, Schweden;Prozent;Weder saisonal noch um Arbeitstage bereinigt;Österreich;Insgesamt;Standard, in Einheiten;0,75;AB003C010
Monat;2022;2;3;08;;Leitzinssätze, Vereinigtes Königreich;Prozent;Weder saisonal noch um Arbeitstage bereinigt;Österreich;Insgesamt;Standard, in Einheiten;1,75;AB003C011
Monat;2022;2;3;08;;Leitzinssätze, Norwegen;Prozent;Weder saisonal noch um Arbeitstage bereinigt;Österreich;Insgesamt;Standard, in Einheiten;1,75;AB003C012
Monat;2022;2;3;08;;Leitzinssätze, Schweiz ;Prozent;Weder saisonal noch um Arbeitstage bereinigt;Österreich;Insgesamt;Standard, in Einheiten;-0,25;AB003C013
Monat;2022;2;3;08;;Leitzinssätze, USA;Prozent;Weder saisonal noch um Arbeitstage bereinigt;Österreich;Insgesamt;Standard, in Einheiten;2,50;AB003C014
Monat;2022;2;3;08;;Leitzinssätze, Japan;Prozent;Weder saisonal noch um Arbeitstage bereinigt;Österreich;Insgesamt;Standard, in Einheiten;-0,10;AB003C015
Monat;2022;2;3;09;;Leitzinssätze, Euroraum-wechselnde Zusammensetzung;Prozent;Weder saisonal noch um Arbeitstage bereinigt;Österreich;Insgesamt;Standard, in Einheiten;1,25;AB003C000
Monat;2022;2;3;09;;Leitzinssätze, Tschechische Republik;Prozent;Weder saisonal noch um Arbeitstage bereinigt;Österreich;Insgesamt;Standard, in Einheiten;7,00;AB003C002
Monat;2022;2;3;09;;Leitzinssätze, Dänemark;Prozent;Weder saisonal noch um Arbeitstage bereinigt;Österreich;Insgesamt;Standard, in Einheiten;0,80;AB003C003
Monat;2022;2;3;09;;Leitzinssätze, Ungarn;Prozent;Weder saisonal noch um Arbeitstage bereinigt;Österreich;Insgesamt;Standard, in Einheiten;13,00;AB003C006
Monat;2022;2;3;09;;Leitzinssätze, Polen;Prozent;Weder saisonal noch um Arbeitstage bereinigt;Österreich;Insgesamt;Standard, in Einheiten;6,75;AB003C007
Monat;2022;2;3;09;;Leitzinssätze, Rumänien;Prozent;Weder saisonal noch um Arbeitstage bereinigt;Österreich;Insgesamt;Standard, in Einheiten;5,50;AB003C008
Monat;2022;2;3;09;;Leitzinssätze, Schweden;Prozent;Weder saisonal noch um Arbeitstage bereinigt;Österreich;Insgesamt;Standard, in Einheiten;1,75;AB003C010
Monat;2022;2;3;09;;Leitzinssätze, Vereinigtes Königreich;Prozent;Weder saisonal noch um Arbeitstage bereinigt;Österreich;Insgesamt;Standard, in Einheiten;2,25;AB003C011
Monat;2022;2;3;09;;Leitzinssätze, Norwegen;Prozent;Weder saisonal noch um Arbeitstage bereinigt;Österreich;Insgesamt;Standard, in Einheiten;2,25;AB003C012
Monat;2022;2;3;09;;Leitzinssätze, Schweiz ;Prozent;Weder saisonal noch um Arbeitstage bereinigt;Österreich;Insgesamt;Standard, in Einheiten;0,50;AB003C013
Monat;2022;2;3;09;;Leitzinssätze, USA;Prozent;Weder saisonal noch um Arbeitstage bereinigt;Österreich;Insgesamt;Standard, in Einheiten;3,25;AB003C014
Monat;2022;2;3;09;;Leitzinssätze, Japan;Prozent;Weder saisonal noch um Arbeitstage bereinigt;Österreich;Insgesamt;Standard, in Einheiten;-0,10;AB003C015
Monat;2022;2;4;10;;Leitzinssätze, Euroraum-wechselnde Zusammensetzung;Prozent;Weder saisonal noch um Arbeitstage bereinigt;Österreich;Insgesamt;Standard, in Einheiten;1,25;AB003C000
Monat;2022;2;4;10;;Leitzinssätze, Tschechische Republik;Prozent;Weder saisonal noch um Arbeitstage bereinigt;Österreich;Insgesamt;Standard, in Einheiten;7,00;AB003C002
Monat;2022;2;4;10;;Leitzinssätze, Dänemark;Prozent;Weder saisonal noch um Arbeitstage bereinigt;Österreich;Insgesamt;Standard, in Einheiten;1,40;AB003C003
Monat;2022;2;4;10;;Leitzinssätze, Ungarn;Prozent;Weder saisonal noch um Arbeitstage bereinigt;Österreich;Insgesamt;Standard, in Einheiten;13,00;AB003C006
Monat;2022;2;4;10;;Leitzinssätze, Polen;Prozent;Weder saisonal noch um Arbeitstage bereinigt;Österreich;Insgesamt;Standard, in Einheiten;6,75;AB003C007
Monat;2022;2;4;10;;Leitzinssätze, Rumänien;Prozent;Weder saisonal noch um Arbeitstage bereinigt;Österreich;Insgesamt;Standard, in Einheiten;6,25;AB003C008
Monat;2022;2;4;10;;Leitzinssätze, Schweden;Prozent;Weder saisonal noch um Arbeitstage bereinigt;Österreich;Insgesamt;Standard, in Einheiten;1,75;AB003C010
Monat;2022;2;4;10;;Leitzinssätze, Vereinigtes Königreich;Prozent;Weder saisonal noch um Arbeitstage bereinigt;Österreich;Insgesamt;Standard, in Einheiten;2,25;AB003C011
Monat;2022;2;4;10;;Leitzinssätze, Norwegen;Prozent;Weder saisonal noch um Arbeitstage bereinigt;Österreich;Insgesamt;Standard, in Einheiten;2,25;AB003C012
Monat;2022;2;4;10;;Leitzinssätze, Schweiz ;Prozent;Weder saisonal noch um Arbeitstage bereinigt;Österreich;Insgesamt;Standard, in Einheiten;0,50;AB003C013
Monat;2022;2;4;10;;Leitzinssätze, USA;Prozent;Weder saisonal noch um Arbeitstage bereinigt;Österreich;Insgesamt;Standard, in Einheiten;3,25;AB003C014
Monat;2022;2;4;10;;Leitzinssätze, Japan;Prozent;Weder saisonal noch um Arbeitstage bereinigt;Österreich;Insgesamt;Standard, in Einheiten;-0,10;AB003C015
Monat;2022;2;4;11;;Leitzinssätze, Euroraum-wechselnde Zusammensetzung;Prozent;Weder saisonal noch um Arbeitstage bereinigt;Österreich;Insgesamt;Standard, in Einheiten;2,00;AB003C000
Monat;2022;2;4;11;;Leitzinssätze, Tschechische Republik;Prozent;Weder saisonal noch um Arbeitstage bereinigt;Österreich;Insgesamt;Standard, in Einheiten;7,00;AB003C002
Monat;2022;2;4;11;;Leitzinssätze, Dänemark;Prozent;Weder saisonal noch um Arbeitstage bereinigt;Österreich;Insgesamt;Standard, in Einheiten;1,40;AB003C003
Monat;2022;2;4;11;;Leitzinssätze, Ungarn;Prozent;Weder saisonal noch um Arbeitstage bereinigt;Österreich;Insgesamt;Standard, in Einheiten;13,00;AB003C006
Monat;2022;2;4;11;;Leitzinssätze, Polen;Prozent;Weder saisonal noch um Arbeitstage bereinigt;Österreich;Insgesamt;Standard, in Einheiten;6,75;AB003C007
Monat;2022;2;4;11;;Leitzinssätze, Rumänien;Prozent;Weder saisonal noch um Arbeitstage bereinigt;Österreich;Insgesamt;Standard, in Einheiten;6,75;AB003C008
Monat;2022;2;4;11;;Leitzinssätze, Schweden;Prozent;Weder saisonal noch um Arbeitstage bereinigt;Österreich;Insgesamt;Standard, in Einheiten;2,50;AB003C010
Monat;2022;2;4;11;;Leitzinssätze, Vereinigtes Königreich;Prozent;Weder saisonal noch um Arbeitstage bereinigt;Österreich;Insgesamt;Standard, in Einheiten;3,00;AB003C011
Monat;2022;2;4;11;;Leitzinssätze, Norwegen;Prozent;Weder saisonal noch um Arbeitstage bereinigt;Österreich;Insgesamt;Standard, in Einheiten;2,50;AB003C012
Monat;2022;2;4;11;;Leitzinssätze, Schweiz ;Prozent;Weder saisonal noch um Arbeitstage bereinigt;Österreich;Insgesamt;Standard, in Einheiten;0,50;AB003C013
Monat;2022;2;4;11;;Leitzinssätze, USA;Prozent;Weder saisonal noch um Arbeitstage bereinigt;Österreich;Insgesamt;Standard, in Einheiten;4,00;AB003C014
Monat;2022;2;4;11;;Leitzinssätze, Japan;Prozent;Weder saisonal noch um Arbeitstage bereinigt;Österreich;Insgesamt;Standard, in Einheiten;-0,10;AB003C015
Monat;2022;2;4;12;;Leitzinssätze, Euroraum-wechselnde Zusammensetzung;Prozent;Weder saisonal noch um Arbeitstage bereinigt;Österreich;Insgesamt;Standard, in Einheiten;2,50;AB003C000
Monat;2022;2;4;12;;Leitzinssätze, Tschechische Republik;Prozent;Weder saisonal noch um Arbeitstage bereinigt;Österreich;Insgesamt;Standard, in Einheiten;7,00;AB003C002
Monat;2022;2;4;12;;Leitzinssätze, Dänemark;Prozent;Weder saisonal noch um Arbeitstage bereinigt;Österreich;Insgesamt;Standard, in Einheiten;1,90;AB003C003
Monat;2022;2;4;12;;Leitzinssätze, Ungarn;Prozent;Weder saisonal noch um Arbeitstage bereinigt;Österreich;Insgesamt;Standard, in Einheiten;13,00;AB003C006
Monat;2022;2;4;12;;Leitzinssätze, Polen;Prozent;Weder saisonal noch um Arbeitstage bereinigt;Österreich;Insgesamt;Standard, in Einheiten;6,75;AB003C007
Monat;2022;2;4;12;;Leitzinssätze, Rumänien;Prozent;Weder saisonal noch um Arbeitstage bereinigt;Österreich;Insgesamt;Standard, in Einheiten;6,75;AB003C008
Monat;2022;2;4;12;;Leitzinssätze, Schweden;Prozent;Weder saisonal noch um Arbeitstage bereinigt;Österreich;Insgesamt;Standard, in Einheiten;2,50;AB003C010
Monat;2022;2;4;12;;Leitzinssätze, Vereinigtes Königreich;Prozent;Weder saisonal noch um Arbeitstage bereinigt;Österreich;Insgesamt;Standard, in Einheiten;3,50;AB003C011
Monat;2022;2;4;12;;Leitzinssätze, Norwegen;Prozent;Weder saisonal noch um Arbeitstage bereinigt;Österreich;Insgesamt;Standard, in Einheiten;2,75;AB003C012
Monat;2022;2;4;12;;Leitzinssätze, Schweiz ;Prozent;Weder saisonal noch um Arbeitstage bereinigt;Österreich;Insgesamt;Standard, in Einheiten;1,00;AB003C013
Monat;2022;2;4;12;;Leitzinssätze, USA;Prozent;Weder saisonal noch um Arbeitstage bereinigt;Österreich;Insgesamt;Standard, in Einheiten;4,50;AB003C014
Monat;2022;2;4;12;;Leitzinssätze, Japan;Prozent;Weder saisonal noch um Arbeitstage bereinigt;Österreich;Insgesamt;Standard, in Einheiten;-0,10;AB003C015
Monat;2023;1;1;01;;Leitzinssätze, Euroraum-wechselnde Zusammensetzung;Prozent;Weder saisonal noch um Arbeitstage bereinigt;Österreich;Insgesamt;Standard, in Einheiten;2,50;AB003C000
Monat;2023;1;1;01;;Leitzinssätze, Tschechische Republik;Prozent;Weder saisonal noch um Arbeitstage bereinigt;Österreich;Insgesamt;Standard, in Einheiten;7,00;AB003C002
Monat;2023;1;1;01;;Leitzinssätze, Dänemark;Prozent;Weder saisonal noch um Arbeitstage bereinigt;Österreich;Insgesamt;Standard, in Einheiten;1,90;AB003C003
Monat;2023;1;1;01;;Leitzinssätze, Ungarn;Prozent;Weder saisonal noch um Arbeitstage bereinigt;Österreich;Insgesamt;Standard, in Einheiten;13,00;AB003C006
Monat;2023;1;1;01;;Leitzinssätze, Polen;Prozent;Weder saisonal noch um Arbeitstage bereinigt;Österreich;Insgesamt;Standard, in Einheiten;6,75;AB003C007
Monat;2023;1;1;01;;Leitzinssätze, Rumänien;Prozent;Weder saisonal noch um Arbeitstage bereinigt;Österreich;Insgesamt;Standard, in Einheiten;7,00;AB003C008
Monat;2023;1;1;01;;Leitzinssätze, Schweden;Prozent;Weder saisonal noch um Arbeitstage bereinigt;Österreich;Insgesamt;Standard, in Einheiten;2,50;AB003C010
Monat;2023;1;1;01;;Leitzinssätze, Vereinigtes Königreich;Prozent;Weder saisonal noch um Arbeitstage bereinigt;Österreich;Insgesamt;Standard, in Einheiten;3,50;AB003C011
Monat;2023;1;1;01;;Leitzinssätze, Norwegen;Prozent;Weder saisonal noch um Arbeitstage bereinigt;Österreich;Insgesamt;Standard, in Einheiten;2,75;AB003C012
Monat;2023;1;1;01;;Leitzinssätze, Schweiz ;Prozent;Weder saisonal noch um Arbeitstage bereinigt;Österreich;Insgesamt;Standard, in Einheiten;1,00;AB003C013
Monat;2023;1;1;01;;Leitzinssätze, USA;Prozent;Weder saisonal noch um Arbeitstage bereinigt;Österreich;Insgesamt;Standard, in Einheiten;4,50;AB003C014
Monat;2023;1;1;01;;Leitzinssätze, Japan;Prozent;Weder saisonal noch um Arbeitstage bereinigt;Österreich;Insgesamt;Standard, in Einheiten;-0,10;AB003C015
Monat;2023;1;1;02;;Leitzinssätze, Euroraum-wechselnde Zusammensetzung;Prozent;Weder saisonal noch um Arbeitstage bereinigt;Österreich;Insgesamt;Standard, in Einheiten;3,00;AB003C000
Monat;2023;1;1;02;;Leitzinssätze, Tschechische Republik;Prozent;Weder saisonal noch um Arbeitstage bereinigt;Österreich;Insgesamt;Standard, in Einheiten;7,00;AB003C002
Monat;2023;1;1;02;;Leitzinssätze, Dänemark;Prozent;Weder saisonal noch um Arbeitstage bereinigt;Österreich;Insgesamt;Standard, in Einheiten;2,25;AB003C003
Monat;2023;1;1;02;;Leitzinssätze, Ungarn;Prozent;Weder saisonal noch um Arbeitstage bereinigt;Österreich;Insgesamt;Standard, in Einheiten;13,00;AB003C006
Monat;2023;1;1;02;;Leitzinssätze, Polen;Prozent;Weder saisonal noch um Arbeitstage bereinigt;Österreich;Insgesamt;Standard, in Einheiten;6,75;AB003C007
Monat;2023;1;1;02;;Leitzinssätze, Rumänien;Prozent;Weder saisonal noch um Arbeitstage bereinigt;Österreich;Insgesamt;Standard, in Einheiten;7,00;AB003C008
Monat;2023;1;1;02;;Leitzinssätze, Schweden;Prozent;Weder saisonal noch um Arbeitstage bereinigt;Österreich;Insgesamt;Standard, in Einheiten;3,00;AB003C010
Monat;2023;1;1;02;;Leitzinssätze, Vereinigtes Königreich;Prozent;Weder saisonal noch um Arbeitstage bereinigt;Österreich;Insgesamt;Standard, in Einheiten;4,00;AB003C011
Monat;2023;1;1;02;;Leitzinssätze, Norwegen;Prozent;Weder saisonal noch um Arbeitstage bereinigt;Österreich;Insgesamt;Standard, in Einheiten;2,75;AB003C012
Monat;2023;1;1;02;;Leitzinssätze, Schweiz ;Prozent;Weder saisonal noch um Arbeitstage bereinigt;Österreich;Insgesamt;Standard, in Einheiten;1,00;AB003C013
Monat;2023;1;1;02;;Leitzinssätze, USA;Prozent;Weder saisonal noch um Arbeitstage bereinigt;Österreich;Insgesamt;Standard, in Einheiten;4,75;AB003C014
Monat;2023;1;1;02;;Leitzinssätze, Japan;Prozent;Weder saisonal noch um Arbeitstage bereinigt;Österreich;Insgesamt;Standard, in Einheiten;-0,10;AB003C015
Monat;2023;1;1;03;;Leitzinssätze, Euroraum-wechselnde Zusammensetzung;Prozent;Weder saisonal noch um Arbeitstage bereinigt;Österreich;Insgesamt;Standard, in Einheiten;3,50;AB003C000
Monat;2023;1;1;03;;Leitzinssätze, Tschechische Republik;Prozent;Weder saisonal noch um Arbeitstage bereinigt;Österreich;Insgesamt;Standard, in Einheiten;7,00;AB003C002
Monat;2023;1;1;03;;Leitzinssätze, Dänemark;Prozent;Weder saisonal noch um Arbeitstage bereinigt;Österreich;Insgesamt;Standard, in Einheiten;2,75;AB003C003
Monat;2023;1;1;03;;Leitzinssätze, Ungarn;Prozent;Weder saisonal noch um Arbeitstage bereinigt;Österreich;Insgesamt;Standard, in Einheiten;13,00;AB003C006
Monat;2023;1;1;03;;Leitzinssätze, Polen;Prozent;Weder saisonal noch um Arbeitstage bereinigt;Österreich;Insgesamt;Standard, in Einheiten;6,75;AB003C007
Monat;2023;1;1;03;;Leitzinssätze, Rumänien;Prozent;Weder saisonal noch um Arbeitstage bereinigt;Österreich;Insgesamt;Standard, in Einheiten;7,00;AB003C008
Monat;2023;1;1;03;;Leitzinssätze, Schweden;Prozent;Weder saisonal noch um Arbeitstage bereinigt;Österreich;Insgesamt;Standard, in Einheiten;3,00;AB003C010
Monat;2023;1;1;03;;Leitzinssätze, Vereinigtes Königreich;Prozent;Weder saisonal noch um Arbeitstage bereinigt;Österreich;Insgesamt;Standard, in Einheiten;4,25;AB003C011
Monat;2023;1;1;03;;Leitzinssätze, Norwegen;Prozent;Weder saisonal noch um Arbeitstage bereinigt;Österreich;Insgesamt;Standard, in Einheiten;3,00;AB003C012
Monat;2023;1;1;03;;Leitzinssätze, Schweiz ;Prozent;Weder saisonal noch um Arbeitstage bereinigt;Österreich;Insgesamt;Standard, in Einheiten;1,50;AB003C013
Monat;2023;1;1;03;;Leitzinssätze, USA;Prozent;Weder saisonal noch um Arbeitstage bereinigt;Österreich;Insgesamt;Standard, in Einheiten;5,00;AB003C014
Monat;2023;1;1;03;;Leitzinssätze, Japan;Prozent;Weder saisonal noch um Arbeitstage bereinigt;Österreich;Insgesamt;Standard, in Einheiten;-0,10;AB003C015
Monat;2023;1;2;04;;Leitzinssätze, Euroraum-wechselnde Zusammensetzung;Prozent;Weder saisonal noch um Arbeitstage bereinigt;Österreich;Insgesamt;Standard, in Einheiten;3,50;AB003C000
Monat;2023;1;2;04;;Leitzinssätze, Tschechische Republik;Prozent;Weder saisonal noch um Arbeitstage bereinigt;Österreich;Insgesamt;Standard, in Einheiten;7,00;AB003C002
Monat;2023;1;2;04;;Leitzinssätze, Dänemark;Prozent;Weder saisonal noch um Arbeitstage bereinigt;Österreich;Insgesamt;Standard, in Einheiten;2,75;AB003C003
Monat;2023;1;2;04;;Leitzinssätze, Ungarn;Prozent;Weder saisonal noch um Arbeitstage bereinigt;Österreich;Insgesamt;Standard, in Einheiten;13,00;AB003C006
Monat;2023;1;2;04;;Leitzinssätze, Polen;Prozent;Weder saisonal noch um Arbeitstage bereinigt;Österreich;Insgesamt;Standard, in Einheiten;6,75;AB003C007
Monat;2023;1;2;04;;Leitzinssätze, Rumänien;Prozent;Weder saisonal noch um Arbeitstage bereinigt;Österreich;Insgesamt;Standard, in Einheiten;7,00;AB003C008
Monat;2023;1;2;04;;Leitzinssätze, Schweden;Prozent;Weder saisonal noch um Arbeitstage bereinigt;Österreich;Insgesamt;Standard, in Einheiten;3,00;AB003C010
Monat;2023;1;2;04;;Leitzinssätze, Vereinigtes Königreich;Prozent;Weder saisonal noch um Arbeitstage bereinigt;Österreich;Insgesamt;Standard, in Einheiten;4,25;AB003C011
Monat;2023;1;2;04;;Leitzinssätze, Norwegen;Prozent;Weder saisonal noch um Arbeitstage bereinigt;Österreich;Insgesamt;Standard, in Einheiten;3,00;AB003C012
Monat;2023;1;2;04;;Leitzinssätze, Schweiz ;Prozent;Weder saisonal noch um Arbeitstage bereinigt;Österreich;Insgesamt;Standard, in Einheiten;1,50;AB003C013
Monat;2023;1;2;04;;Leitzinssätze, USA;Prozent;Weder saisonal noch um Arbeitstage bereinigt;Österreich;Insgesamt;Standard, in Einheiten;5,00;AB003C014
Monat;2023;1;2;04;;Leitzinssätze, Japan;Prozent;Weder saisonal noch um Arbeitstage bereinigt;Österreich;Insgesamt;Standard, in Einheiten;-0,10;AB003C015
Monat;2023;1;2;05;;Leitzinssätze, Euroraum-wechselnde Zusammensetzung;Prozent;Weder saisonal noch um Arbeitstage bereinigt;Österreich;Insgesamt;Standard, in Einheiten;3,75;AB003C000
Monat;2023;1;2;05;;Leitzinssätze, Tschechische Republik;Prozent;Weder saisonal noch um Arbeitstage bereinigt;Österreich;Insgesamt;Standard, in Einheiten;7,00;AB003C002
Monat;2023;1;2;05;;Leitzinssätze, Dänemark;Prozent;Weder saisonal noch um Arbeitstage bereinigt;Österreich;Insgesamt;Standard, in Einheiten;3,00;AB003C003
Monat;2023;1;2;05;;Leitzinssätze, Ungarn;Prozent;Weder saisonal noch um Arbeitstage bereinigt;Österreich;Insgesamt;Standard, in Einheiten;13,00;AB003C006
Monat;2023;1;2;05;;Leitzinssätze, Polen;Prozent;Weder saisonal noch um Arbeitstage bereinigt;Österreich;Insgesamt;Standard, in Einheiten;6,75;AB003C007
Monat;2023;1;2;05;;Leitzinssätze, Rumänien;Prozent;Weder saisonal noch um Arbeitstage bereinigt;Österreich;Insgesamt;Standard, in Einheiten;7,00;AB003C008
Monat;2023;1;2;05;;Leitzinssätze, Schweden;Prozent;Weder saisonal noch um Arbeitstage bereinigt;Österreich;Insgesamt;Standard, in Einheiten;3,50;AB003C010
Monat;2023;1;2;05;;Leitzinssätze, Vereinigtes Königreich;Prozent;Weder saisonal noch um Arbeitstage bereinigt;Österreich;Insgesamt;Standard, in Einheiten;4,50;AB003C011
Monat;2023;1;2;05;;Leitzinssätze, Norwegen;Prozent;Weder saisonal noch um Arbeitstage bereinigt;Österreich;Insgesamt;Standard, in Einheiten;3,25;AB003C012
Monat;2023;1;2;05;;Leitzinssätze, Schweiz ;Prozent;Weder saisonal noch um Arbeitstage bereinigt;Österreich;Insgesamt;Standard, in Einheiten;1,50;AB003C013
Monat;2023;1;2;05;;Leitzinssätze, USA;Prozent;Weder saisonal noch um Arbeitstage bereinigt;Österreich;Insgesamt;Standard, in Einheiten;5,25;AB003C014
Monat;2023;1;2;05;;Leitzinssätze, Japan;Prozent;Weder saisonal noch um Arbeitstage bereinigt;Österreich;Insgesamt;Standard, in Einheiten;-0,10;AB003C015
Monat;2023;1;2;06;;Leitzinssätze, Euroraum-wechselnde Zusammensetzung;Prozent;Weder saisonal noch um Arbeitstage bereinigt;Österreich;Insgesamt;Standard, in Einheiten;4,00;AB003C000
Monat;2023;1;2;06;;Leitzinssätze, Tschechische Republik;Prozent;Weder saisonal noch um Arbeitstage bereinigt;Österreich;Insgesamt;Standard, in Einheiten;7,00;AB003C002
Monat;2023;1;2;06;;Leitzinssätze, Dänemark;Prozent;Weder saisonal noch um Arbeitstage bereinigt;Österreich;Insgesamt;Standard, in Einheiten;3,25;AB003C003
Monat;2023;1;2;06;;Leitzinssätze, Ungarn;Prozent;Weder saisonal noch um Arbeitstage bereinigt;Österreich;Insgesamt;Standard, in Einheiten;13,00;AB003C006
Monat;2023;1;2;06;;Leitzinssätze, Polen;Prozent;Weder saisonal noch um Arbeitstage bereinigt;Österreich;Insgesamt;Standard, in Einheiten;6,75;AB003C007
Monat;2023;1;2;06;;Leitzinssätze, Rumänien;Prozent;Weder saisonal noch um Arbeitstage bereinigt;Österreich;Insgesamt;Standard, in Einheiten;7,00;AB003C008
Monat;2023;1;2;06;;Leitzinssätze, Schweden;Prozent;Weder saisonal noch um Arbeitstage bereinigt;Österreich;Insgesamt;Standard, in Einheiten;3,50;AB003C010
Monat;2023;1;2;06;;Leitzinssätze, Vereinigtes Königreich;Prozent;Weder saisonal noch um Arbeitstage bereinigt;Österreich;Insgesamt;Standard, in Einheiten;5,00;AB003C011
Monat;2023;1;2;06;;Leitzinssätze, Norwegen;Prozent;Weder saisonal noch um Arbeitstage bereinigt;Österreich;Insgesamt;Standard, in Einheiten;3,75;AB003C012
Monat;2023;1;2;06;;Leitzinssätze, Schweiz ;Prozent;Weder saisonal noch um Arbeitstage bereinigt;Österreich;Insgesamt;Standard, in Einheiten;1,75;AB003C013
Monat;2023;1;2;06;;Leitzinssätze, USA;Prozent;Weder saisonal noch um Arbeitstage bereinigt;Österreich;Insgesamt;Standard, in Einheiten;5,25;AB003C014
Monat;2023;1;2;06;;Leitzinssätze, Japan;Prozent;Weder saisonal noch um Arbeitstage bereinigt;Österreich;Insgesamt;Standard, in Einheiten;-0,10;AB003C015
Monat;2023;2;3;07;;Leitzinssätze, Euroraum-wechselnde Zusammensetzung;Prozent;Weder saisonal noch um Arbeitstage bereinigt;Österreich;Insgesamt;Standard, in Einheiten;4,00;AB003C000
Monat;2023;2;3;07;;Leitzinssätze, Tschechische Republik;Prozent;Weder saisonal noch um Arbeitstage bereinigt;Österreich;Insgesamt;Standard, in Einheiten;7,00;AB003C002
Monat;2023;2;3;07;;Leitzinssätze, Dänemark;Prozent;Weder saisonal noch um Arbeitstage bereinigt;Österreich;Insgesamt;Standard, in Einheiten;3,50;AB003C003
Monat;2023;2;3;07;;Leitzinssätze, Ungarn;Prozent;Weder saisonal noch um Arbeitstage bereinigt;Österreich;Insgesamt;Standard, in Einheiten;13,00;AB003C006
Monat;2023;2;3;07;;Leitzinssätze, Polen;Prozent;Weder saisonal noch um Arbeitstage bereinigt;Österreich;Insgesamt;Standard, in Einheiten;6,75;AB003C007
Monat;2023;2;3;07;;Leitzinssätze, Rumänien;Prozent;Weder saisonal noch um Arbeitstage bereinigt;Österreich;Insgesamt;Standard, in Einheiten;7,00;AB003C008
Monat;2023;2;3;07;;Leitzinssätze, Schweden;Prozent;Weder saisonal noch um Arbeitstage bereinigt;Österreich;Insgesamt;Standard, in Einheiten;3,75;AB003C010
Monat;2023;2;3;07;;Leitzinssätze, Vereinigtes Königreich;Prozent;Weder saisonal noch um Arbeitstage bereinigt;Österreich;Insgesamt;Standard, in Einheiten;5,00;AB003C011
Monat;2023;2;3;07;;Leitzinssätze, Norwegen;Prozent;Weder saisonal noch um Arbeitstage bereinigt;Österreich;Insgesamt;Standard, in Einheiten;3,75;AB003C012
Monat;2023;2;3;07;;Leitzinssätze, Schweiz ;Prozent;Weder saisonal noch um Arbeitstage bereinigt;Österreich;Insgesamt;Standard, in Einheiten;1,75;AB003C013
Monat;2023;2;3;07;;Leitzinssätze, USA;Prozent;Weder saisonal noch um Arbeitstage bereinigt;Österreich;Insgesamt;Standard, in Einheiten;5,50;AB003C014
Monat;2023;2;3;07;;Leitzinssätze, Japan;Prozent;Weder saisonal noch um Arbeitstage bereinigt;Österreich;Insgesamt;Standard, in Einheiten;-0,10;AB003C015
Monat;2023;2;3;08;;Leitzinssätze, Euroraum-wechselnde Zusammensetzung;Prozent;Weder saisonal noch um Arbeitstage bereinigt;Österreich;Insgesamt;Standard, in Einheiten;4,25;AB003C000
Monat;2023;2;3;08;;Leitzinssätze, Tschechische Republik;Prozent;Weder saisonal noch um Arbeitstage bereinigt;Österreich;Insgesamt;Standard, in Einheiten;7,00;AB003C002
Monat;2023;2;3;08;;Leitzinssätze, Dänemark;Prozent;Weder saisonal noch um Arbeitstage bereinigt;Österreich;Insgesamt;Standard, in Einheiten;3,50;AB003C003
Monat;2023;2;3;08;;Leitzinssätze, Ungarn;Prozent;Weder saisonal noch um Arbeitstage bereinigt;Österreich;Insgesamt;Standard, in Einheiten;13,00;AB003C006
Monat;2023;2;3;08;;Leitzinssätze, Polen;Prozent;Weder saisonal noch um Arbeitstage bereinigt;Österreich;Insgesamt;Standard, in Einheiten;6,75;AB003C007
Monat;2023;2;3;08;;Leitzinssätze, Rumänien;Prozent;Weder saisonal noch um Arbeitstage bereinigt;Österreich;Insgesamt;Standard, in Einheiten;7,00;AB003C008
Monat;2023;2;3;08;;Leitzinssätze, Schweden;Prozent;Weder saisonal noch um Arbeitstage bereinigt;Österreich;Insgesamt;Standard, in Einheiten;3,75;AB003C010
Monat;2023;2;3;08;;Leitzinssätze, Vereinigtes Königreich;Prozent;Weder saisonal noch um Arbeitstage bereinigt;Österreich;Insgesamt;Standard, in Einheiten;5,25;AB003C011
Monat;2023;2;3;08;;Leitzinssätze, Norwegen;Prozent;Weder saisonal noch um Arbeitstage bereinigt;Österreich;Insgesamt;Standard, in Einheiten;4,00;AB003C012
Monat;2023;2;3;08;;Leitzinssätze, Schweiz ;Prozent;Weder saisonal noch um Arbeitstage bereinigt;Österreich;Insgesamt;Standard, in Einheiten;1,75;AB003C013
Monat;2023;2;3;08;;Leitzinssätze, USA;Prozent;Weder saisonal noch um Arbeitstage bereinigt;Österreich;Insgesamt;Standard, in Einheiten;5,50;AB003C014
Monat;2023;2;3;08;;Leitzinssätze, Japan;Prozent;Weder saisonal noch um Arbeitstage bereinigt;Österreich;Insgesamt;Standard, in Einheiten;-0,10;AB003C015
Monat;2023;2;3;09;;Leitzinssätze, Euroraum-wechselnde Zusammensetzung;Prozent;Weder saisonal noch um Arbeitstage bereinigt;Österreich;Insgesamt;Standard, in Einheiten;4,50;AB003C000
Monat;2023;2;3;09;;Leitzinssätze, Tschechische Republik;Prozent;Weder saisonal noch um Arbeitstage bereinigt;Österreich;Insgesamt;Standard, in Einheiten;7,00;AB003C002
Monat;2023;2;3;09;;Leitzinssätze, Dänemark;Prozent;Weder saisonal noch um Arbeitstage bereinigt;Österreich;Insgesamt;Standard, in Einheiten;3,75;AB003C003
Monat;2023;2;3;09;;Leitzinssätze, Ungarn;Prozent;Weder saisonal noch um Arbeitstage bereinigt;Österreich;Insgesamt;Standard, in Einheiten;13,00;AB003C006
Monat;2023;2;3;09;;Leitzinssätze, Polen;Prozent;Weder saisonal noch um Arbeitstage bereinigt;Österreich;Insgesamt;Standard, in Einheiten;6,00;AB003C007
Monat;2023;2;3;09;;Leitzinssätze, Rumänien;Prozent;Weder saisonal noch um Arbeitstage bereinigt;Österreich;Insgesamt;Standard, in Einheiten;7,00;AB003C008
Monat;2023;2;3;09;;Leitzinssätze, Schweden;Prozent;Weder saisonal noch um Arbeitstage bereinigt;Österreich;Insgesamt;Standard, in Einheiten;4,00;AB003C010
Monat;2023;2;3;09;;Leitzinssätze, Vereinigtes Königreich;Prozent;Weder saisonal noch um Arbeitstage bereinigt;Österreich;Insgesamt;Standard, in Einheiten;5,25;AB003C011
Monat;2023;2;3;09;;Leitzinssätze, Norwegen;Prozent;Weder saisonal noch um Arbeitstage bereinigt;Österreich;Insgesamt;Standard, in Einheiten;4,25;AB003C012
Monat;2023;2;3;09;;Leitzinssätze, Schweiz ;Prozent;Weder saisonal noch um Arbeitstage bereinigt;Österreich;Insgesamt;Standard, in Einheiten;1,75;AB003C013
Monat;2023;2;3;09;;Leitzinssätze, USA;Prozent;Weder saisonal noch um Arbeitstage bereinigt;Österreich;Insgesamt;Standard, in Einheiten;5,50;AB003C014
Monat;2023;2;3;09;;Leitzinssätze, Japan;Prozent;Weder saisonal noch um Arbeitstage bereinigt;Österreich;Insgesamt;Standard, in Einheiten;-0,10;AB003C015
Monat;2023;2;4;10;;Leitzinssätze, Euroraum-wechselnde Zusammensetzung;Prozent;Weder saisonal noch um Arbeitstage bereinigt;Österreich;Insgesamt;Standard, in Einheiten;4,50;AB003C000
Monat;2023;2;4;10;;Leitzinssätze, Tschechische Republik;Prozent;Weder saisonal noch um Arbeitstage bereinigt;Österreich;Insgesamt;Standard, in Einheiten;7,00;AB003C002
Monat;2023;2;4;10;;Leitzinssätze, Dänemark;Prozent;Weder saisonal noch um Arbeitstage bereinigt;Österreich;Insgesamt;Standard, in Einheiten;3,75;AB003C003
Monat;2023;2;4;10;;Leitzinssätze, Ungarn;Prozent;Weder saisonal noch um Arbeitstage bereinigt;Österreich;Insgesamt;Standard, in Einheiten;12,25;AB003C006
Monat;2023;2;4;10;;Leitzinssätze, Polen;Prozent;Weder saisonal noch um Arbeitstage bereinigt;Österreich;Insgesamt;Standard, in Einheiten;5,75;AB003C007
Monat;2023;2;4;10;;Leitzinssätze, Rumänien;Prozent;Weder saisonal noch um Arbeitstage bereinigt;Österreich;Insgesamt;Standard, in Einheiten;7,00;AB003C008
Monat;2023;2;4;10;;Leitzinssätze, Schweden;Prozent;Weder saisonal noch um Arbeitstage bereinigt;Österreich;Insgesamt;Standard, in Einheiten;4,00;AB003C010
Monat;2023;2;4;10;;Leitzinssätze, Vereinigtes Königreich;Prozent;Weder saisonal noch um Arbeitstage bereinigt;Österreich;Insgesamt;Standard, in Einheiten;5,25;AB003C011
Monat;2023;2;4;10;;Leitzinssätze, Norwegen;Prozent;Weder saisonal noch um Arbeitstage bereinigt;Österreich;Insgesamt;Standard, in Einheiten;4,25;AB003C012
Monat;2023;2;4;10;;Leitzinssätze, Schweiz ;Prozent;Weder saisonal noch um Arbeitstage bereinigt;Österreich;Insgesamt;Standard, in Einheiten;1,75;AB003C013
Monat;2023;2;4;10;;Leitzinssätze, USA;Prozent;Weder saisonal noch um Arbeitstage bereinigt;Österreich;Insgesamt;Standard, in Einheiten;5,50;AB003C014
Monat;2023;2;4;10;;Leitzinssätze, Japan;Prozent;Weder saisonal noch um Arbeitstage bereinigt;Österreich;Insgesamt;Standard, in Einheiten;-0,10;AB003C015
Monat;2023;2;4;11;;Leitzinssätze, Euroraum-wechselnde Zusammensetzung;Prozent;Weder saisonal noch um Arbeitstage bereinigt;Österreich;Insgesamt;Standard, in Einheiten;4,50;AB003C000
Monat;2023;2;4;11;;Leitzinssätze, Tschechische Republik;Prozent;Weder saisonal noch um Arbeitstage bereinigt;Österreich;Insgesamt;Standard, in Einheiten;7,00;AB003C002
Monat;2023;2;4;11;;Leitzinssätze, Dänemark;Prozent;Weder saisonal noch um Arbeitstage bereinigt;Österreich;Insgesamt;Standard, in Einheiten;3,75;AB003C003
Monat;2023;2;4;11;;Leitzinssätze, Ungarn;Prozent;Weder saisonal noch um Arbeitstage bereinigt;Österreich;Insgesamt;Standard, in Einheiten;11,50;AB003C006
Monat;2023;2;4;11;;Leitzinssätze, Polen;Prozent;Weder saisonal noch um Arbeitstage bereinigt;Österreich;Insgesamt;Standard, in Einheiten;5,75;AB003C007
Monat;2023;2;4;11;;Leitzinssätze, Rumänien;Prozent;Weder saisonal noch um Arbeitstage bereinigt;Österreich;Insgesamt;Standard, in Einheiten;7,00;AB003C008
Monat;2023;2;4;11;;Leitzinssätze, Schweden;Prozent;Weder saisonal noch um Arbeitstage bereinigt;Österreich;Insgesamt;Standard, in Einheiten;4,00;AB003C010
Monat;2023;2;4;11;;Leitzinssätze, Vereinigtes Königreich;Prozent;Weder saisonal noch um Arbeitstage bereinigt;Österreich;Insgesamt;Standard, in Einheiten;5,25;AB003C011
Monat;2023;2;4;11;;Leitzinssätze, Norwegen;Prozent;Weder saisonal noch um Arbeitstage bereinigt;Österreich;Insgesamt;Standard, in Einheiten;4,25;AB003C012
Monat;2023;2;4;11;;Leitzinssätze, Schweiz ;Prozent;Weder saisonal noch um Arbeitstage bereinigt;Österreich;Insgesamt;Standard, in Einheiten;1,75;AB003C013
Monat;2023;2;4;11;;Leitzinssätze, USA;Prozent;Weder saisonal noch um Arbeitstage bereinigt;Österreich;Insgesamt;Standard, in Einheiten;5,50;AB003C014
Monat;2023;2;4;11;;Leitzinssätze, Japan;Prozent;Weder saisonal noch um Arbeitstage bereinigt;Österreich;Insgesamt;Standard, in Einheiten;-0,10;AB003C015
Monat;2023;2;4;12;;Leitzinssätze, Euroraum-wechselnde Zusammensetzung;Prozent;Weder saisonal noch um Arbeitstage bereinigt;Österreich;Insgesamt;Standard, in Einheiten;4,50;AB003C000
Monat;2023;2;4;12;;Leitzinssätze, Tschechische Republik;Prozent;Weder saisonal noch um Arbeitstage bereinigt;Österreich;Insgesamt;Standard, in Einheiten;6,75;AB003C002
Monat;2023;2;4;12;;Leitzinssätze, Dänemark;Prozent;Weder saisonal noch um Arbeitstage bereinigt;Österreich;Insgesamt;Standard, in Einheiten;3,75;AB003C003
Monat;2023;2;4;12;;Leitzinssätze, Ungarn;Prozent;Weder saisonal noch um Arbeitstage bereinigt;Österreich;Insgesamt;Standard, in Einheiten;10,75;AB003C006
Monat;2023;2;4;12;;Leitzinssätze, Polen;Prozent;Weder saisonal noch um Arbeitstage bereinigt;Österreich;Insgesamt;Standard, in Einheiten;5,75;AB003C007
Monat;2023;2;4;12;;Leitzinssätze, Rumänien;Prozent;Weder saisonal noch um Arbeitstage bereinigt;Österreich;Insgesamt;Standard, in Einheiten;7,00;AB003C008
Monat;2023;2;4;12;;Leitzinssätze, Schweden;Prozent;Weder saisonal noch um Arbeitstage bereinigt;Österreich;Insgesamt;Standard, in Einheiten;4,00;AB003C010
Monat;2023;2;4;12;;Leitzinssätze, Vereinigtes Königreich;Prozent;Weder saisonal noch um Arbeitstage bereinigt;Österreich;Insgesamt;Standard, in Einheiten;5,25;AB003C011
Monat;2023;2;4;12;;Leitzinssätze, Norwegen;Prozent;Weder saisonal noch um Arbeitstage bereinigt;Österreich;Insgesamt;Standard, in Einheiten;4,50;AB003C012
Monat;2023;2;4;12;;Leitzinssätze, Schweiz ;Prozent;Weder saisonal noch um Arbeitstage bereinigt;Österreich;Insgesamt;Standard, in Einheiten;1,75;AB003C013
Monat;2023;2;4;12;;Leitzinssätze, USA;Prozent;Weder saisonal noch um Arbeitstage bereinigt;Österreich;Insgesamt;Standard, in Einheiten;5,50;AB003C014
Monat;2023;2;4;12;;Leitzinssätze, Japan;Prozent;Weder saisonal noch um Arbeitstage bereinigt;Österreich;Insgesamt;Standard, in Einheiten;-0,10;AB003C015
Monat;2024;1;1;01;;Leitzinssätze, Euroraum-wechselnde Zusammensetzung;Prozent;Weder saisonal noch um Arbeitstage bereinigt;Österreich;Insgesamt;Standard, in Einheiten;4,50;AB003C000
Monat;2024;1;1;01;;Leitzinssätze, Tschechische Republik;Prozent;Weder saisonal noch um Arbeitstage bereinigt;Österreich;Insgesamt;Standard, in Einheiten;6,75;AB003C002
Monat;2024;1;1;01;;Leitzinssätze, Dänemark;Prozent;Weder saisonal noch um Arbeitstage bereinigt;Österreich;Insgesamt;Standard, in Einheiten;3,75;AB003C003
Monat;2024;1;1;01;;Leitzinssätze, Ungarn;Prozent;Weder saisonal noch um Arbeitstage bereinigt;Österreich;Insgesamt;Standard, in Einheiten;10,00;AB003C006
Monat;2024;1;1;01;;Leitzinssätze, Polen;Prozent;Weder saisonal noch um Arbeitstage bereinigt;Österreich;Insgesamt;Standard, in Einheiten;5,75;AB003C007
Monat;2024;1;1;01;;Leitzinssätze, Rumänien;Prozent;Weder saisonal noch um Arbeitstage bereinigt;Österreich;Insgesamt;Standard, in Einheiten;7,00;AB003C008
Monat;2024;1;1;01;;Leitzinssätze, Schweden;Prozent;Weder saisonal noch um Arbeitstage bereinigt;Österreich;Insgesamt;Standard, in Einheiten;4,00;AB003C010
Monat;2024;1;1;01;;Leitzinssätze, Vereinigtes Königreich;Prozent;Weder saisonal noch um Arbeitstage bereinigt;Österreich;Insgesamt;Standard, in Einheiten;5,25;AB003C011
Monat;2024;1;1;01;;Leitzinssätze, Norwegen;Prozent;Weder saisonal noch um Arbeitstage bereinigt;Österreich;Insgesamt;Standard, in Einheiten;4,50;AB003C012
Monat;2024;1;1;01;;Leitzinssätze, Schweiz ;Prozent;Weder saisonal noch um Arbeitstage bereinigt;Österreich;Insgesamt;Standard, in Einheiten;1,75;AB003C013
Monat;2024;1;1;01;;Leitzinssätze, USA;Prozent;Weder saisonal noch um Arbeitstage bereinigt;Österreich;Insgesamt;Standard, in Einheiten;5,50;AB003C014
Monat;2024;1;1;01;;Leitzinssätze, Japan;Prozent;Weder saisonal noch um Arbeitstage bereinigt;Österreich;Insgesamt;Standard, in Einheiten;-0,10;AB003C015
Monat;2024;1;1;02;;Leitzinssätze, Euroraum-wechselnde Zusammensetzung;Prozent;Weder saisonal noch um Arbeitstage bereinigt;Österreich;Insgesamt;Standard, in Einheiten;4,50;AB003C000
Monat;2024;1;1;02;;Leitzinssätze, Tschechische Republik;Prozent;Weder saisonal noch um Arbeitstage bereinigt;Österreich;Insgesamt;Standard, in Einheiten;6,25;AB003C002
Monat;2024;1;1;02;;Leitzinssätze, Dänemark;Prozent;Weder saisonal noch um Arbeitstage bereinigt;Österreich;Insgesamt;Standard, in Einheiten;3,75;AB003C003
Monat;2024;1;1;02;;Leitzinssätze, Ungarn;Prozent;Weder saisonal noch um Arbeitstage bereinigt;Österreich;Insgesamt;Standard, in Einheiten;9,00;AB003C006
Monat;2024;1;1;02;;Leitzinssätze, Polen;Prozent;Weder saisonal noch um Arbeitstage bereinigt;Österreich;Insgesamt;Standard, in Einheiten;5,75;AB003C007
Monat;2024;1;1;02;;Leitzinssätze, Rumänien;Prozent;Weder saisonal noch um Arbeitstage bereinigt;Österreich;Insgesamt;Standard, in Einheiten;7,00;AB003C008
Monat;2024;1;1;02;;Leitzinssätze, Schweden;Prozent;Weder saisonal noch um Arbeitstage bereinigt;Österreich;Insgesamt;Standard, in Einheiten;4,00;AB003C010
Monat;2024;1;1;02;;Leitzinssätze, Vereinigtes Königreich;Prozent;Weder saisonal noch um Arbeitstage bereinigt;Österreich;Insgesamt;Standard, in Einheiten;5,25;AB003C011
Monat;2024;1;1;02;;Leitzinssätze, Norwegen;Prozent;Weder saisonal noch um Arbeitstage bereinigt;Österreich;Insgesamt;Standard, in Einheiten;4,50;AB003C012
Monat;2024;1;1;02;;Leitzinssätze, Schweiz ;Prozent;Weder saisonal noch um Arbeitstage bereinigt;Österreich;Insgesamt;Standard, in Einheiten;1,75;AB003C013
Monat;2024;1;1;02;;Leitzinssätze, USA;Prozent;Weder saisonal noch um Arbeitstage bereinigt;Österreich;Insgesamt;Standard, in Einheiten;5,50;AB003C014
Monat;2024;1;1;02;;Leitzinssätze, Japan;Prozent;Weder saisonal noch um Arbeitstage bereinigt;Österreich;Insgesamt;Standard, in Einheiten;-0,10;AB003C015
Monat;2024;1;1;03;;Leitzinssätze, Euroraum-wechselnde Zusammensetzung;Prozent;Weder saisonal noch um Arbeitstage bereinigt;Österreich;Insgesamt;Standard, in Einheiten;4,50;AB003C000
Monat;2024;1;1;03;;Leitzinssätze, Tschechische Republik;Prozent;Weder saisonal noch um Arbeitstage bereinigt;Österreich;Insgesamt;Standard, in Einheiten;5,75;AB003C002
Monat;2024;1;1;03;;Leitzinssätze, Dänemark;Prozent;Weder saisonal noch um Arbeitstage bereinigt;Österreich;Insgesamt;Standard, in Einheiten;3,75;AB003C003
Monat;2024;1;1;03;;Leitzinssätze, Ungarn;Prozent;Weder saisonal noch um Arbeitstage bereinigt;Österreich;Insgesamt;Standard, in Einheiten;8,25;AB003C006
Monat;2024;1;1;03;;Leitzinssätze, Polen;Prozent;Weder saisonal noch um Arbeitstage bereinigt;Österreich;Insgesamt;Standard, in Einheiten;5,75;AB003C007
Monat;2024;1;1;03;;Leitzinssätze, Rumänien;Prozent;Weder saisonal noch um Arbeitstage bereinigt;Österreich;Insgesamt;Standard, in Einheiten;7,00;AB003C008
Monat;2024;1;1;03;;Leitzinssätze, Schweden;Prozent;Weder saisonal noch um Arbeitstage bereinigt;Österreich;Insgesamt;Standard, in Einheiten;4,00;AB003C010
Monat;2024;1;1;03;;Leitzinssätze, Vereinigtes Königreich;Prozent;Weder saisonal noch um Arbeitstage bereinigt;Österreich;Insgesamt;Standard, in Einheiten;5,25;AB003C011
Monat;2024;1;1;03;;Leitzinssätze, Norwegen;Prozent;Weder saisonal noch um Arbeitstage bereinigt;Österreich;Insgesamt;Standard, in Einheiten;4,50;AB003C012
Monat;2024;1;1;03;;Leitzinssätze, Schweiz ;Prozent;Weder saisonal noch um Arbeitstage bereinigt;Österreich;Insgesamt;Standard, in Einheiten;1,50;AB003C013
Monat;2024;1;1;03;;Leitzinssätze, USA;Prozent;Weder saisonal noch um Arbeitstage bereinigt;Österreich;Insgesamt;Standard, in Einheiten;5,50;AB003C014
Monat;2024;1;1;03;;Leitzinssätze, Japan;Prozent;Weder saisonal noch um Arbeitstage bereinigt;Österreich;Insgesamt;Standard, in Einheiten;0,10;AB003C015
Monat;2024;1;2;04;;Leitzinssätze, Euroraum-wechselnde Zusammensetzung;Prozent;Weder saisonal noch um Arbeitstage bereinigt;Österreich;Insgesamt;Standard, in Einheiten;4,50;AB003C000
Monat;2024;1;2;04;;Leitzinssätze, Tschechische Republik;Prozent;Weder saisonal noch um Arbeitstage bereinigt;Österreich;Insgesamt;Standard, in Einheiten;5,75;AB003C002
Monat;2024;1;2;04;;Leitzinssätze, Dänemark;Prozent;Weder saisonal noch um Arbeitstage bereinigt;Österreich;Insgesamt;Standard, in Einheiten;3,75;AB003C003
Monat;2024;1;2;04;;Leitzinssätze, Ungarn;Prozent;Weder saisonal noch um Arbeitstage bereinigt;Österreich;Insgesamt;Standard, in Einheiten;7,75;AB003C006
Monat;2024;1;2;04;;Leitzinssätze, Polen;Prozent;Weder saisonal noch um Arbeitstage bereinigt;Österreich;Insgesamt;Standard, in Einheiten;5,75;AB003C007
Monat;2024;1;2;04;;Leitzinssätze, Rumänien;Prozent;Weder saisonal noch um Arbeitstage bereinigt;Österreich;Insgesamt;Standard, in Einheiten;7,00;AB003C008
Monat;2024;1;2;04;;Leitzinssätze, Schweden;Prozent;Weder saisonal noch um Arbeitstage bereinigt;Österreich;Insgesamt;Standard, in Einheiten;4,00;AB003C010
Monat;2024;1;2;04;;Leitzinssätze, Vereinigtes Königreich;Prozent;Weder saisonal noch um Arbeitstage bereinigt;Österreich;Insgesamt;Standard, in Einheiten;5,25;AB003C011
Monat;2024;1;2;04;;Leitzinssätze, Norwegen;Prozent;Weder saisonal noch um Arbeitstage bereinigt;Österreich;Insgesamt;Standard, in Einheiten;4,50;AB003C012
Monat;2024;1;2;04;;Leitzinssätze, Schweiz ;Prozent;Weder saisonal noch um Arbeitstage bereinigt;Österreich;Insgesamt;Standard, in Einheiten;1,50;AB003C013
Monat;2024;1;2;04;;Leitzinssätze, USA;Prozent;Weder saisonal noch um Arbeitstage bereinigt;Österreich;Insgesamt;Standard, in Einheiten;5,50;AB003C014
Monat;2024;1;2;04;;Leitzinssätze, Japan;Prozent;Weder saisonal noch um Arbeitstage bereinigt;Österreich;Insgesamt;Standard, in Einheiten;0,10;AB003C015
Monat;2024;1;2;05;;Leitzinssätze, Euroraum-wechselnde Zusammensetzung;Prozent;Weder saisonal noch um Arbeitstage bereinigt;Österreich;Insgesamt;Standard, in Einheiten;4,50;AB003C000
Monat;2024;1;2;05;;Leitzinssätze, Tschechische Republik;Prozent;Weder saisonal noch um Arbeitstage bereinigt;Österreich;Insgesamt;Standard, in Einheiten;5,25;AB003C002
Monat;2024;1;2;05;;Leitzinssätze, Dänemark;Prozent;Weder saisonal noch um Arbeitstage bereinigt;Österreich;Insgesamt;Standard, in Einheiten;3,75;AB003C003
Monat;2024;1;2;05;;Leitzinssätze, Ungarn;Prozent;Weder saisonal noch um Arbeitstage bereinigt;Österreich;Insgesamt;Standard, in Einheiten;7,25;AB003C006
Monat;2024;1;2;05;;Leitzinssätze, Polen;Prozent;Weder saisonal noch um Arbeitstage bereinigt;Österreich;Insgesamt;Standard, in Einheiten;5,75;AB003C007
Monat;2024;1;2;05;;Leitzinssätze, Rumänien;Prozent;Weder saisonal noch um Arbeitstage bereinigt;Österreich;Insgesamt;Standard, in Einheiten;7,00;AB003C008
Monat;2024;1;2;05;;Leitzinssätze, Schweden;Prozent;Weder saisonal noch um Arbeitstage bereinigt;Österreich;Insgesamt;Standard, in Einheiten;3,75;AB003C010
Monat;2024;1;2;05;;Leitzinssätze, Vereinigtes Königreich;Prozent;Weder saisonal noch um Arbeitstage bereinigt;Österreich;Insgesamt;Standard, in Einheiten;5,25;AB003C011
Monat;2024;1;2;05;;Leitzinssätze, Norwegen;Prozent;Weder saisonal noch um Arbeitstage bereinigt;Österreich;Insgesamt;Standard, in Einheiten;4,50;AB003C012
Monat;2024;1;2;05;;Leitzinssätze, Schweiz ;Prozent;Weder saisonal noch um Arbeitstage bereinigt;Österreich;Insgesamt;Standard, in Einheiten;1,50;AB003C013
Monat;2024;1;2;05;;Leitzinssätze, USA;Prozent;Weder saisonal noch um Arbeitstage bereinigt;Österreich;Insgesamt;Standard, in Einheiten;5,50;AB003C014
Monat;2024;1;2;05;;Leitzinssätze, Japan;Prozent;Weder saisonal noch um Arbeitstage bereinigt;Österreich;Insgesamt;Standard, in Einheiten;0,10;AB003C015
Monat;2024;1;2;06;;Leitzinssätze, Euroraum-wechselnde Zusammensetzung;Prozent;Weder saisonal noch um Arbeitstage bereinigt;Österreich;Insgesamt;Standard, in Einheiten;4,25;AB003C000
Monat;2024;1;2;06;;Leitzinssätze, Tschechische Republik;Prozent;Weder saisonal noch um Arbeitstage bereinigt;Österreich;Insgesamt;Standard, in Einheiten;4,75;AB003C002
Monat;2024;1;2;06;;Leitzinssätze, Dänemark;Prozent;Weder saisonal noch um Arbeitstage bereinigt;Österreich;Insgesamt;Standard, in Einheiten;3,50;AB003C003
Monat;2024;1;2;06;;Leitzinssätze, Ungarn;Prozent;Weder saisonal noch um Arbeitstage bereinigt;Österreich;Insgesamt;Standard, in Einheiten;7,00;AB003C006
Monat;2024;1;2;06;;Leitzinssätze, Polen;Prozent;Weder saisonal noch um Arbeitstage bereinigt;Österreich;Insgesamt;Standard, in Einheiten;5,75;AB003C007
Monat;2024;1;2;06;;Leitzinssätze, Rumänien;Prozent;Weder saisonal noch um Arbeitstage bereinigt;Österreich;Insgesamt;Standard, in Einheiten;7,00;AB003C008
Monat;2024;1;2;06;;Leitzinssätze, Schweden;Prozent;Weder saisonal noch um Arbeitstage bereinigt;Österreich;Insgesamt;Standard, in Einheiten;3,75;AB003C010
Monat;2024;1;2;06;;Leitzinssätze, Vereinigtes Königreich;Prozent;Weder saisonal noch um Arbeitstage bereinigt;Österreich;Insgesamt;Standard, in Einheiten;5,25;AB003C011
Monat;2024;1;2;06;;Leitzinssätze, Norwegen;Prozent;Weder saisonal noch um Arbeitstage bereinigt;Österreich;Insgesamt;Standard, in Einheiten;4,50;AB003C012
Monat;2024;1;2;06;;Leitzinssätze, Schweiz ;Prozent;Weder saisonal noch um Arbeitstage bereinigt;Österreich;Insgesamt;Standard, in Einheiten;1,25;AB003C013
Monat;2024;1;2;06;;Leitzinssätze, USA;Prozent;Weder saisonal noch um Arbeitstage bereinigt;Österreich;Insgesamt;Standard, in Einheiten;5,50;AB003C014
Monat;2024;1;2;06;;Leitzinssätze, Japan;Prozent;Weder saisonal noch um Arbeitstage bereinigt;Österreich;Insgesamt;Standard, in Einheiten;0,10;AB003C015
Monat;2024;2;3;07;;Leitzinssätze, Euroraum-wechselnde Zusammensetzung;Prozent;Weder saisonal noch um Arbeitstage bereinigt;Österreich;Insgesamt;Standard, in Einheiten;4,25;AB003C000
Monat;2024;2;3;07;;Leitzinssätze, Tschechische Republik;Prozent;Weder saisonal noch um Arbeitstage bereinigt;Österreich;Insgesamt;Standard, in Einheiten;4,75;AB003C002
Monat;2024;2;3;07;;Leitzinssätze, Dänemark;Prozent;Weder saisonal noch um Arbeitstage bereinigt;Österreich;Insgesamt;Standard, in Einheiten;3,50;AB003C003
Monat;2024;2;3;07;;Leitzinssätze, Ungarn;Prozent;Weder saisonal noch um Arbeitstage bereinigt;Österreich;Insgesamt;Standard, in Einheiten;6,75;AB003C006
Monat;2024;2;3;07;;Leitzinssätze, Polen;Prozent;Weder saisonal noch um Arbeitstage bereinigt;Österreich;Insgesamt;Standard, in Einheiten;5,75;AB003C007
Monat;2024;2;3;07;;Leitzinssätze, Rumänien;Prozent;Weder saisonal noch um Arbeitstage bereinigt;Österreich;Insgesamt;Standard, in Einheiten;6,75;AB003C008
Monat;2024;2;3;07;;Leitzinssätze, Schweden;Prozent;Weder saisonal noch um Arbeitstage bereinigt;Österreich;Insgesamt;Standard, in Einheiten;3,75;AB003C010
Monat;2024;2;3;07;;Leitzinssätze, Vereinigtes Königreich;Prozent;Weder saisonal noch um Arbeitstage bereinigt;Österreich;Insgesamt;Standard, in Einheiten;5,25;AB003C011
Monat;2024;2;3;07;;Leitzinssätze, Norwegen;Prozent;Weder saisonal noch um Arbeitstage bereinigt;Österreich;Insgesamt;Standard, in Einheiten;4,50;AB003C012
Monat;2024;2;3;07;;Leitzinssätze, Schweiz ;Prozent;Weder saisonal noch um Arbeitstage bereinigt;Österreich;Insgesamt;Standard, in Einheiten;1,25;AB003C013
Monat;2024;2;3;07;;Leitzinssätze, USA;Prozent;Weder saisonal noch um Arbeitstage bereinigt;Österreich;Insgesamt;Standard, in Einheiten;5,50;AB003C014
Monat;2024;2;3;07;;Leitzinssätze, Japan;Prozent;Weder saisonal noch um Arbeitstage bereinigt;Österreich;Insgesamt;Standard, in Einheiten;0,10;AB003C015
Monat;2024;2;3;08;;Leitzinssätze, Euroraum-wechselnde Zusammensetzung;Prozent;Weder saisonal noch um Arbeitstage bereinigt;Österreich;Insgesamt;Standard, in Einheiten;4,25;AB003C000
Monat;2024;2;3;08;;Leitzinssätze, Tschechische Republik;Prozent;Weder saisonal noch um Arbeitstage bereinigt;Österreich;Insgesamt;Standard, in Einheiten;4,50;AB003C002
Monat;2024;2;3;08;;Leitzinssätze, Dänemark;Prozent;Weder saisonal noch um Arbeitstage bereinigt;Österreich;Insgesamt;Standard, in Einheiten;3,50;AB003C003
Monat;2024;2;3;08;;Leitzinssätze, Ungarn;Prozent;Weder saisonal noch um Arbeitstage bereinigt;Österreich;Insgesamt;Standard, in Einheiten;6,75;AB003C006
Monat;2024;2;3;08;;Leitzinssätze, Polen;Prozent;Weder saisonal noch um Arbeitstage bereinigt;Österreich;Insgesamt;Standard, in Einheiten;5,75;AB003C007
Monat;2024;2;3;08;;Leitzinssätze, Rumänien;Prozent;Weder saisonal noch um Arbeitstage bereinigt;Österreich;Insgesamt;Standard, in Einheiten;6,50;AB003C008
Monat;2024;2;3;08;;Leitzinssätze, Schweden;Prozent;Weder saisonal noch um Arbeitstage bereinigt;Österreich;Insgesamt;Standard, in Einheiten;3,50;AB003C010
Monat;2024;2;3;08;;Leitzinssätze, Vereinigtes Königreich;Prozent;Weder saisonal noch um Arbeitstage bereinigt;Österreich;Insgesamt;Standard, in Einheiten;5,00;AB003C011
Monat;2024;2;3;08;;Leitzinssätze, Norwegen;Prozent;Weder saisonal noch um Arbeitstage bereinigt;Österreich;Insgesamt;Standard, in Einheiten;4,50;AB003C012
Monat;2024;2;3;08;;Leitzinssätze, Schweiz ;Prozent;Weder saisonal noch um Arbeitstage bereinigt;Österreich;Insgesamt;Standard, in Einheiten;1,25;AB003C013
Monat;2024;2;3;08;;Leitzinssätze, USA;Prozent;Weder saisonal noch um Arbeitstage bereinigt;Österreich;Insgesamt;Standard, in Einheiten;5,50;AB003C014
Monat;2024;2;3;08;;Leitzinssätze, Japan;Prozent;Weder saisonal noch um Arbeitstage bereinigt;Österreich;Insgesamt;Standard, in Einheiten;0,25;AB003C015
Monat;2024;2;3;09;;Leitzinssätze, Euroraum-wechselnde Zusammensetzung;Prozent;Weder saisonal noch um Arbeitstage bereinigt;Österreich;Insgesamt;Standard, in Einheiten;3,65;AB003C000
Monat;2024;2;3;09;;Leitzinssätze, Tschechische Republik;Prozent;Weder saisonal noch um Arbeitstage bereinigt;Österreich;Insgesamt;Standard, in Einheiten;4,25;AB003C002
Monat;2024;2;3;09;;Leitzinssätze, Dänemark;Prozent;Weder saisonal noch um Arbeitstage bereinigt;Österreich;Insgesamt;Standard, in Einheiten;3,25;AB003C003
Monat;2024;2;3;09;;Leitzinssätze, Ungarn;Prozent;Weder saisonal noch um Arbeitstage bereinigt;Österreich;Insgesamt;Standard, in Einheiten;6,50;AB003C006
Monat;2024;2;3;09;;Leitzinssätze, Polen;Prozent;Weder saisonal noch um Arbeitstage bereinigt;Österreich;Insgesamt;Standard, in Einheiten;5,75;AB003C007
Monat;2024;2;3;09;;Leitzinssätze, Rumänien;Prozent;Weder saisonal noch um Arbeitstage bereinigt;Österreich;Insgesamt;Standard, in Einheiten;6,50;AB003C008
Monat;2024;2;3;09;;Leitzinssätze, Schweden;Prozent;Weder saisonal noch um Arbeitstage bereinigt;Österreich;Insgesamt;Standard, in Einheiten;3,50;AB003C010
Monat;2024;2;3;09;;Leitzinssätze, Vereinigtes Königreich;Prozent;Weder saisonal noch um Arbeitstage bereinigt;Österreich;Insgesamt;Standard, in Einheiten;5,00;AB003C011
Monat;2024;2;3;09;;Leitzinssätze, Norwegen;Prozent;Weder saisonal noch um Arbeitstage bereinigt;Österreich;Insgesamt;Standard, in Einheiten;4,50;AB003C012
Monat;2024;2;3;09;;Leitzinssätze, Schweiz ;Prozent;Weder saisonal noch um Arbeitstage bereinigt;Österreich;Insgesamt;Standard, in Einheiten;1,00;AB003C013
Monat;2024;2;3;09;;Leitzinssätze, USA;Prozent;Weder saisonal noch um Arbeitstage bereinigt;Österreich;Insgesamt;Standard, in Einheiten;5,00;AB003C014
Monat;2024;2;3;09;;Leitzinssätze, Japan;Prozent;Weder saisonal noch um Arbeitstage bereinigt;Österreich;Insgesamt;Standard, in Einheiten;0,25;AB003C015
Monat;2024;2;4;10;;Leitzinssätze, Euroraum-wechselnde Zusammensetzung;Prozent;Weder saisonal noch um Arbeitstage bereinigt;Österreich;Insgesamt;Standard, in Einheiten;3,40;AB003C000
Monat;2024;2;4;10;;Leitzinssätze, Tschechische Republik;Prozent;Weder saisonal noch um Arbeitstage bereinigt;Österreich;Insgesamt;Standard, in Einheiten;4,25;AB003C002
Monat;2024;2;4;10;;Leitzinssätze, Dänemark;Prozent;Weder saisonal noch um Arbeitstage bereinigt;Österreich;Insgesamt;Standard, in Einheiten;3,00;AB003C003
Monat;2024;2;4;10;;Leitzinssätze, Ungarn;Prozent;Weder saisonal noch um Arbeitstage bereinigt;Österreich;Insgesamt;Standard, in Einheiten;6,50;AB003C006
Monat;2024;2;4;10;;Leitzinssätze, Polen;Prozent;Weder saisonal noch um Arbeitstage bereinigt;Österreich;Insgesamt;Standard, in Einheiten;5,75;AB003C007
Monat;2024;2;4;10;;Leitzinssätze, Rumänien;Prozent;Weder saisonal noch um Arbeitstage bereinigt;Österreich;Insgesamt;Standard, in Einheiten;6,50;AB003C008
Monat;2024;2;4;10;;Leitzinssätze, Schweden;Prozent;Weder saisonal noch um Arbeitstage bereinigt;Österreich;Insgesamt;Standard, in Einheiten;3,25;AB003C010
Monat;2024;2;4;10;;Leitzinssätze, Vereinigtes Königreich;Prozent;Weder saisonal noch um Arbeitstage bereinigt;Österreich;Insgesamt;Standard, in Einheiten;5,00;AB003C011
Monat;2024;2;4;10;;Leitzinssätze, Norwegen;Prozent;Weder saisonal noch um Arbeitstage bereinigt;Österreich;Insgesamt;Standard, in Einheiten;4,50;AB003C012
Monat;2024;2;4;10;;Leitzinssätze, Schweiz ;Prozent;Weder saisonal noch um Arbeitstage bereinigt;Österreich;Insgesamt;Standard, in Einheiten;1,00;AB003C013
Monat;2024;2;4;10;;Leitzinssätze, USA;Prozent;Weder saisonal noch um Arbeitstage bereinigt;Österreich;Insgesamt;Standard, in Einheiten;5,00;AB003C014
Monat;2024;2;4;10;;Leitzinssätze, Japan;Prozent;Weder saisonal noch um Arbeitstage bereinigt;Österreich;Insgesamt;Standard, in Einheiten;0,25;AB003C015
Monat;2024;2;4;11;;Leitzinssätze, Euroraum-wechselnde Zusammensetzung;Prozent;Weder saisonal noch um Arbeitstage bereinigt;Österreich;Insgesamt;Standard, in Einheiten;3,40;AB003C000
Monat;2024;2;4;11;;Leitzinssätze, Tschechische Republik;Prozent;Weder saisonal noch um Arbeitstage bereinigt;Österreich;Insgesamt;Standard, in Einheiten;4,00;AB003C002
Monat;2024;2;4;11;;Leitzinssätze, Dänemark;Prozent;Weder saisonal noch um Arbeitstage bereinigt;Österreich;Insgesamt;Standard, in Einheiten;3,00;AB003C003
Monat;2024;2;4;11;;Leitzinssätze, Ungarn;Prozent;Weder saisonal noch um Arbeitstage bereinigt;Österreich;Insgesamt;Standard, in Einheiten;6,50;AB003C006
Monat;2024;2;4;11;;Leitzinssätze, Polen;Prozent;Weder saisonal noch um Arbeitstage bereinigt;Österreich;Insgesamt;Standard, in Einheiten;5,75;AB003C007
Monat;2024;2;4;11;;Leitzinssätze, Rumänien;Prozent;Weder saisonal noch um Arbeitstage bereinigt;Österreich;Insgesamt;Standard, in Einheiten;6,50;AB003C008
Monat;2024;2;4;11;;Leitzinssätze, Schweden;Prozent;Weder saisonal noch um Arbeitstage bereinigt;Österreich;Insgesamt;Standard, in Einheiten;2,75;AB003C010
Monat;2024;2;4;11;;Leitzinssätze, Vereinigtes Königreich;Prozent;Weder saisonal noch um Arbeitstage bereinigt;Österreich;Insgesamt;Standard, in Einheiten;4,75;AB003C011
Monat;2024;2;4;11;;Leitzinssätze, Norwegen;Prozent;Weder saisonal noch um Arbeitstage bereinigt;Österreich;Insgesamt;Standard, in Einheiten;4,50;AB003C012
Monat;2024;2;4;11;;Leitzinssätze, Schweiz ;Prozent;Weder saisonal noch um Arbeitstage bereinigt;Österreich;Insgesamt;Standard, in Einheiten;1,00;AB003C013
Monat;2024;2;4;11;;Leitzinssätze, USA;Prozent;Weder saisonal noch um Arbeitstage bereinigt;Österreich;Insgesamt;Standard, in Einheiten;4,75;AB003C014
Monat;2024;2;4;11;;Leitzinssätze, Japan;Prozent;Weder saisonal noch um Arbeitstage bereinigt;Österreich;Insgesamt;Standard, in Einheiten;0,25;AB003C015
Monat;2024;2;4;12;;Leitzinssätze, Euroraum-wechselnde Zusammensetzung;Prozent;Weder saisonal noch um Arbeitstage bereinigt;Österreich;Insgesamt;Standard, in Einheiten;3,15;AB003C000
Monat;2024;2;4;12;;Leitzinssätze, Tschechische Republik;Prozent;Weder saisonal noch um Arbeitstage bereinigt;Österreich;Insgesamt;Standard, in Einheiten;4,00;AB003C002
Monat;2024;2;4;12;;Leitzinssätze, Dänemark;Prozent;Weder saisonal noch um Arbeitstage bereinigt;Österreich;Insgesamt;Standard, in Einheiten;2,75;AB003C003
Monat;2024;2;4;12;;Leitzinssätze, Ungarn;Prozent;Weder saisonal noch um Arbeitstage bereinigt;Österreich;Insgesamt;Standard, in Einheiten;6,50;AB003C006
Monat;2024;2;4;12;;Leitzinssätze, Polen;Prozent;Weder saisonal noch um Arbeitstage bereinigt;Österreich;Insgesamt;Standard, in Einheiten;5,75;AB003C007
Monat;2024;2;4;12;;Leitzinssätze, Rumänien;Prozent;Weder saisonal noch um Arbeitstage bereinigt;Österreich;Insgesamt;Standard, in Einheiten;6,50;AB003C008
Monat;2024;2;4;12;;Leitzinssätze, Schweden;Prozent;Weder saisonal noch um Arbeitstage bereinigt;Österreich;Insgesamt;Standard, in Einheiten;2,75;AB003C010
Monat;2024;2;4;12;;Leitzinssätze, Vereinigtes Königreich;Prozent;Weder saisonal noch um Arbeitstage bereinigt;Österreich;Insgesamt;Standard, in Einheiten;4,75;AB003C011
Monat;2024;2;4;12;;Leitzinssätze, Norwegen;Prozent;Weder saisonal noch um Arbeitstage bereinigt;Österreich;Insgesamt;Standard, in Einheiten;4,50;AB003C012
Monat;2024;2;4;12;;Leitzinssätze, Schweiz ;Prozent;Weder saisonal noch um Arbeitstage bereinigt;Österreich;Insgesamt;Standard, in Einheiten;0,50;AB003C013
Monat;2024;2;4;12;;Leitzinssätze, USA;Prozent;Weder saisonal noch um Arbeitstage bereinigt;Österreich;Insgesamt;Standard, in Einheiten;4,50;AB003C014
Monat;2024;2;4;12;;Leitzinssätze, Japan;Prozent;Weder saisonal noch um Arbeitstage bereinigt;Österreich;Insgesamt;Standard, in Einheiten;0,25;AB003C015
Monat;2025;1;1;01;;Leitzinssätze, Euroraum-wechselnde Zusammensetzung;Prozent;Weder saisonal noch um Arbeitstage bereinigt;Österreich;Insgesamt;Standard, in Einheiten;3,15;AB003C000
Monat;2025;1;1;01;;Leitzinssätze, Tschechische Republik;Prozent;Weder saisonal noch um Arbeitstage bereinigt;Österreich;Insgesamt;Standard, in Einheiten;4,00;AB003C002
Monat;2025;1;1;01;;Leitzinssätze, Dänemark;Prozent;Weder saisonal noch um Arbeitstage bereinigt;Österreich;Insgesamt;Standard, in Einheiten;2,50;AB003C003
Monat;2025;1;1;01;;Leitzinssätze, Ungarn;Prozent;Weder saisonal noch um Arbeitstage bereinigt;Österreich;Insgesamt;Standard, in Einheiten;6,50;AB003C006
Monat;2025;1;1;01;;Leitzinssätze, Polen;Prozent;Weder saisonal noch um Arbeitstage bereinigt;Österreich;Insgesamt;Standard, in Einheiten;5,75;AB003C007
Monat;2025;1;1;01;;Leitzinssätze, Rumänien;Prozent;Weder saisonal noch um Arbeitstage bereinigt;Österreich;Insgesamt;Standard, in Einheiten;6,50;AB003C008
Monat;2025;1;1;01;;Leitzinssätze, Schweden;Prozent;Weder saisonal noch um Arbeitstage bereinigt;Österreich;Insgesamt;Standard, in Einheiten;2,50;AB003C010
Monat;2025;1;1;01;;Leitzinssätze, Vereinigtes Königreich;Prozent;Weder saisonal noch um Arbeitstage bereinigt;Österreich;Insgesamt;Standard, in Einheiten;4,75;AB003C011
Monat;2025;1;1;01;;Leitzinssätze, Norwegen;Prozent;Weder saisonal noch um Arbeitstage bereinigt;Österreich;Insgesamt;Standard, in Einheiten;4,50;AB003C012
Monat;2025;1;1;01;;Leitzinssätze, Schweiz ;Prozent;Weder saisonal noch um Arbeitstage bereinigt;Österreich;Insgesamt;Standard, in Einheiten;0,50;AB003C013
Monat;2025;1;1;01;;Leitzinssätze, USA;Prozent;Weder saisonal noch um Arbeitstage bereinigt;Österreich;Insgesamt;Standard, in Einheiten;4,50;AB003C014
Monat;2025;1;1;01;;Leitzinssätze, Japan;Prozent;Weder saisonal noch um Arbeitstage bereinigt;Österreich;Insgesamt;Standard, in Einheiten;0,50;AB003C015
Monat;2025;1;1;02;;Leitzinssätze, Euroraum-wechselnde Zusammensetzung;Prozent;Weder saisonal noch um Arbeitstage bereinigt;Österreich;Insgesamt;Standard, in Einheiten;2,90;AB003C000
Monat;2025;1;1;02;;Leitzinssätze, Tschechische Republik;Prozent;Weder saisonal noch um Arbeitstage bereinigt;Österreich;Insgesamt;Standard, in Einheiten;3,75;AB003C002
Monat;2025;1;1;02;;Leitzinssätze, Dänemark;Prozent;Weder saisonal noch um Arbeitstage bereinigt;Österreich;Insgesamt;Standard, in Einheiten;2,50;AB003C003
Monat;2025;1;1;02;;Leitzinssätze, Ungarn;Prozent;Weder saisonal noch um Arbeitstage bereinigt;Österreich;Insgesamt;Standard, in Einheiten;6,50;AB003C006
Monat;2025;1;1;02;;Leitzinssätze, Polen;Prozent;Weder saisonal noch um Arbeitstage bereinigt;Österreich;Insgesamt;Standard, in Einheiten;5,75;AB003C007
Monat;2025;1;1;02;;Leitzinssätze, Rumänien;Prozent;Weder saisonal noch um Arbeitstage bereinigt;Österreich;Insgesamt;Standard, in Einheiten;6,50;AB003C008
Monat;2025;1;1;02;;Leitzinssätze, Schweden;Prozent;Weder saisonal noch um Arbeitstage bereinigt;Österreich;Insgesamt;Standard, in Einheiten;2,25;AB003C010
Monat;2025;1;1;02;;Leitzinssätze, Vereinigtes Königreich;Prozent;Weder saisonal noch um Arbeitstage bereinigt;Österreich;Insgesamt;Standard, in Einheiten;4,50;AB003C011
Monat;2025;1;1;02;;Leitzinssätze, Norwegen;Prozent;Weder saisonal noch um Arbeitstage bereinigt;Österreich;Insgesamt;Standard, in Einheiten;4,50;AB003C012
Monat;2025;1;1;02;;Leitzinssätze, Schweiz ;Prozent;Weder saisonal noch um Arbeitstage bereinigt;Österreich;Insgesamt;Standard, in Einheiten;0,50;AB003C013
Monat;2025;1;1;02;;Leitzinssätze, USA;Prozent;Weder saisonal noch um Arbeitstage bereinigt;Österreich;Insgesamt;Standard, in Einheiten;4,50;AB003C014
Monat;2025;1;1;02;;Leitzinssätze, Japan;Prozent;Weder saisonal noch um Arbeitstage bereinigt;Österreich;Insgesamt;Standard, in Einheiten;0,50;AB003C015
Monat;2025;1;1;03;;Leitzinssätze, Euroraum-wechselnde Zusammensetzung;Prozent;Weder saisonal noch um Arbeitstage bereinigt;Österreich;Insgesamt;Standard, in Einheiten;2,65;AB003C000
Monat;2025;1;1;03;;Leitzinssätze, Tschechische Republik;Prozent;Weder saisonal noch um Arbeitstage bereinigt;Österreich;Insgesamt;Standard, in Einheiten;3,75;AB003C002
Monat;2025;1;1;03;;Leitzinssätze, Dänemark;Prozent;Weder saisonal noch um Arbeitstage bereinigt;Österreich;Insgesamt;Standard, in Einheiten;2,25;AB003C003
Monat;2025;1;1;03;;Leitzinssätze, Ungarn;Prozent;Weder saisonal noch um Arbeitstage bereinigt;Österreich;Insgesamt;Standard, in Einheiten;6,50;AB003C006
Monat;2025;1;1;03;;Leitzinssätze, Polen;Prozent;Weder saisonal noch um Arbeitstage bereinigt;Österreich;Insgesamt;Standard, in Einheiten;5,75;AB003C007
Monat;2025;1;1;03;;Leitzinssätze, Rumänien;Prozent;Weder saisonal noch um Arbeitstage bereinigt;Österreich;Insgesamt;Standard, in Einheiten;6,50;AB003C008
Monat;2025;1;1;03;;Leitzinssätze, Schweden;Prozent;Weder saisonal noch um Arbeitstage bereinigt;Österreich;Insgesamt;Standard, in Einheiten;2,25;AB003C010
Monat;2025;1;1;03;;Leitzinssätze, Vereinigtes Königreich;Prozent;Weder saisonal noch um Arbeitstage bereinigt;Österreich;Insgesamt;Standard, in Einheiten;4,50;AB003C011
Monat;2025;1;1;03;;Leitzinssätze, Norwegen;Prozent;Weder saisonal noch um Arbeitstage bereinigt;Österreich;Insgesamt;Standard, in Einheiten;4,50;AB003C012
Monat;2025;1;1;03;;Leitzinssätze, Schweiz ;Prozent;Weder saisonal noch um Arbeitstage bereinigt;Österreich;Insgesamt;Standard, in Einheiten;0,25;AB003C013
Monat;2025;1;1;03;;Leitzinssätze, USA;Prozent;Weder saisonal noch um Arbeitstage bereinigt;Österreich;Insgesamt;Standard, in Einheiten;4,50;AB003C014
Monat;2025;1;1;03;;Leitzinssätze, Japan;Prozent;Weder saisonal noch um Arbeitstage bereinigt;Österreich;Insgesamt;Standard, in Einheiten;0,50;AB003C015
Monat;2025;1;2;04;;Leitzinssätze, Euroraum-wechselnde Zusammensetzung;Prozent;Weder saisonal noch um Arbeitstage bereinigt;Österreich;Insgesamt;Standard, in Einheiten;2,40;AB003C000
Monat;2025;1;2;04;;Leitzinssätze, Tschechische Republik;Prozent;Weder saisonal noch um Arbeitstage bereinigt;Österreich;Insgesamt;Standard, in Einheiten;3,75;AB003C002
Monat;2025;1;2;04;;Leitzinssätze, Dänemark;Prozent;Weder saisonal noch um Arbeitstage bereinigt;Österreich;Insgesamt;Standard, in Einheiten;2,00;AB003C003
Monat;2025;1;2;04;;Leitzinssätze, Ungarn;Prozent;Weder saisonal noch um Arbeitstage bereinigt;Österreich;Insgesamt;Standard, in Einheiten;6,50;AB003C006
Monat;2025;1;2;04;;Leitzinssätze, Polen;Prozent;Weder saisonal noch um Arbeitstage bereinigt;Österreich;Insgesamt;Standard, in Einheiten;5,75;AB003C007
Monat;2025;1;2;04;;Leitzinssätze, Rumänien;Prozent;Weder saisonal noch um Arbeitstage bereinigt;Österreich;Insgesamt;Standard, in Einheiten;6,50;AB003C008
Monat;2025;1;2;04;;Leitzinssätze, Schweden;Prozent;Weder saisonal noch um Arbeitstage bereinigt;Österreich;Insgesamt;Standard, in Einheiten;2,25;AB003C010
Monat;2025;1;2;04;;Leitzinssätze, Vereinigtes Königreich;Prozent;Weder saisonal noch um Arbeitstage bereinigt;Österreich;Insgesamt;Standard, in Einheiten;4,50;AB003C011
Monat;2025;1;2;04;;Leitzinssätze, Norwegen;Prozent;Weder saisonal noch um Arbeitstage bereinigt;Österreich;Insgesamt;Standard, in Einheiten;4,50;AB003C012
Monat;2025;1;2;04;;Leitzinssätze, Schweiz ;Prozent;Weder saisonal noch um Arbeitstage bereinigt;Österreich;Insgesamt;Standard, in Einheiten;0,25;AB003C013
Monat;2025;1;2;04;;Leitzinssätze, USA;Prozent;Weder saisonal noch um Arbeitstage bereinigt;Österreich;Insgesamt;Standard, in Einheiten;4,50;AB003C014
Monat;2025;1;2;04;;Leitzinssätze, Japan;Prozent;Weder saisonal noch um Arbeitstage bereinigt;Österreich;Insgesamt;Standard, in Einheiten;0,50;AB003C015
Monat;2025;1;2;05;;Leitzinssätze, Euroraum-wechselnde Zusammensetzung;Prozent;Weder saisonal noch um Arbeitstage bereinigt;Österreich;Insgesamt;Standard, in Einheiten;2,40;AB003C000
Monat;2025;1;2;05;;Leitzinssätze, Tschechische Republik;Prozent;Weder saisonal noch um Arbeitstage bereinigt;Österreich;Insgesamt;Standard, in Einheiten;3,50;AB003C002
Monat;2025;1;2;05;;Leitzinssätze, Dänemark;Prozent;Weder saisonal noch um Arbeitstage bereinigt;Österreich;Insgesamt;Standard, in Einheiten;2,00;AB003C003
Monat;2025;1;2;05;;Leitzinssätze, Ungarn;Prozent;Weder saisonal noch um Arbeitstage bereinigt;Österreich;Insgesamt;Standard, in Einheiten;6,50;AB003C006
Monat;2025;1;2;05;;Leitzinssätze, Polen;Prozent;Weder saisonal noch um Arbeitstage bereinigt;Österreich;Insgesamt;Standard, in Einheiten;5,25;AB003C007
Monat;2025;1;2;05;;Leitzinssätze, Rumänien;Prozent;Weder saisonal noch um Arbeitstage bereinigt;Österreich;Insgesamt;Standard, in Einheiten;6,50;AB003C008
Monat;2025;1;2;05;;Leitzinssätze, Schweden;Prozent;Weder saisonal noch um Arbeitstage bereinigt;Österreich;Insgesamt;Standard, in Einheiten;2,25;AB003C010
Monat;2025;1;2;05;;Leitzinssätze, Vereinigtes Königreich;Prozent;Weder saisonal noch um Arbeitstage bereinigt;Österreich;Insgesamt;Standard, in Einheiten;4,25;AB003C011
Monat;2025;1;2;05;;Leitzinssätze, Norwegen;Prozent;Weder saisonal noch um Arbeitstage bereinigt;Österreich;Insgesamt;Standard, in Einheiten;4,50;AB003C012
Monat;2025;1;2;05;;Leitzinssätze, Schweiz ;Prozent;Weder saisonal noch um Arbeitstage bereinigt;Österreich;Insgesamt;Standard, in Einheiten;0,25;AB003C013
Monat;2025;1;2;05;;Leitzinssätze, USA;Prozent;Weder saisonal noch um Arbeitstage bereinigt;Österreich;Insgesamt;Standard, in Einheiten;4,50;AB003C014
Monat;2025;1;2;05;;Leitzinssätze, Japan;Prozent;Weder saisonal noch um Arbeitstage bereinigt;Österreich;Insgesamt;Standard, in Einheiten;0,50;AB003C015
Monat;2025;1;2;06;;Leitzinssätze, Euroraum-wechselnde Zusammensetzung;Prozent;Weder saisonal noch um Arbeitstage bereinigt;Österreich;Insgesamt;Standard, in Einheiten;2,15;AB003C000
Monat;2025;1;2;06;;Leitzinssätze, Tschechische Republik;Prozent;Weder saisonal noch um Arbeitstage bereinigt;Österreich;Insgesamt;Standard, in Einheiten;3,50;AB003C002
Monat;2025;1;2;06;;Leitzinssätze, Dänemark;Prozent;Weder saisonal noch um Arbeitstage bereinigt;Österreich;Insgesamt;Standard, in Einheiten;1,75;AB003C003
Monat;2025;1;2;06;;Leitzinssätze, Ungarn;Prozent;Weder saisonal noch um Arbeitstage bereinigt;Österreich;Insgesamt;Standard, in Einheiten;6,50;AB003C006
Monat;2025;1;2;06;;Leitzinssätze, Polen;Prozent;Weder saisonal noch um Arbeitstage bereinigt;Österreich;Insgesamt;Standard, in Einheiten;5,25;AB003C007
Monat;2025;1;2;06;;Leitzinssätze, Rumänien;Prozent;Weder saisonal noch um Arbeitstage bereinigt;Österreich;Insgesamt;Standard, in Einheiten;6,50;AB003C008
Monat;2025;1;2;06;;Leitzinssätze, Schweden;Prozent;Weder saisonal noch um Arbeitstage bereinigt;Österreich;Insgesamt;Standard, in Einheiten;2,00;AB003C010
Monat;2025;1;2;06;;Leitzinssätze, Vereinigtes Königreich;Prozent;Weder saisonal noch um Arbeitstage bereinigt;Österreich;Insgesamt;Standard, in Einheiten;4,25;AB003C011
Monat;2025;1;2;06;;Leitzinssätze, Norwegen;Prozent;Weder saisonal noch um Arbeitstage bereinigt;Österreich;Insgesamt;Standard, in Einheiten;4,25;AB003C012
Monat;2025;1;2;06;;Leitzinssätze, Schweiz ;Prozent;Weder saisonal noch um Arbeitstage bereinigt;Österreich;Insgesamt;Standard, in Einheiten;0,00;AB003C013
Monat;2025;1;2;06;;Leitzinssätze, USA;Prozent;Weder saisonal noch um Arbeitstage bereinigt;Österreich;Insgesamt;Standard, in Einheiten;4,50;AB003C014
Monat;2025;1;2;06;;Leitzinssätze, Japan;Prozent;Weder saisonal noch um Arbeitstage bereinigt;Österreich;Insgesamt;Standard, in Einheiten;0,50;AB003C015
Monat;2025;2;3;07;;Leitzinssätze, Euroraum-wechselnde Zusammensetzung;Prozent;Weder saisonal noch um Arbeitstage bereinigt;Österreich;Insgesamt;Standard, in Einheiten;2,15;AB003C000
Monat;2025;2;3;07;;Leitzinssätze, Tschechische Republik;Prozent;Weder saisonal noch um Arbeitstage bereinigt;Österreich;Insgesamt;Standard, in Einheiten;3,50;AB003C002
Monat;2025;2;3;07;;Leitzinssätze, Dänemark;Prozent;Weder saisonal noch um Arbeitstage bereinigt;Österreich;Insgesamt;Standard, in Einheiten;1,75;AB003C003
Monat;2025;2;3;07;;Leitzinssätze, Ungarn;Prozent;Weder saisonal noch um Arbeitstage bereinigt;Österreich;Insgesamt;Standard, in Einheiten;6,50;AB003C006
Monat;2025;2;3;07;;Leitzinssätze, Polen;Prozent;Weder saisonal noch um Arbeitstage bereinigt;Österreich;Insgesamt;Standard, in Einheiten;5,00;AB003C007
Monat;2025;2;3;07;;Leitzinssätze, Rumänien;Prozent;Weder saisonal noch um Arbeitstage bereinigt;Österreich;Insgesamt;Standard, in Einheiten;6,50;AB003C008
Monat;2025;2;3;07;;Leitzinssätze, Schweden;Prozent;Weder saisonal noch um Arbeitstage bereinigt;Österreich;Insgesamt;Standard, in Einheiten;2,00;AB003C010
Monat;2025;2;3;07;;Leitzinssätze, Vereinigtes Königreich;Prozent;Weder saisonal noch um Arbeitstage bereinigt;Österreich;Insgesamt;Standard, in Einheiten;4,25;AB003C011
Monat;2025;2;3;07;;Leitzinssätze, Norwegen;Prozent;Weder saisonal noch um Arbeitstage bereinigt;Österreich;Insgesamt;Standard, in Einheiten;4,25;AB003C012
Monat;2025;2;3;07;;Leitzinssätze, Schweiz ;Prozent;Weder saisonal noch um Arbeitstage bereinigt;Österreich;Insgesamt;Standard, in Einheiten;0,00;AB003C013
Monat;2025;2;3;07;;Leitzinssätze, USA;Prozent;Weder saisonal noch um Arbeitstage bereinigt;Österreich;Insgesamt;Standard, in Einheiten;4,50;AB003C014
Monat;2025;2;3;07;;Leitzinssätze, Japan;Prozent;Weder saisonal noch um Arbeitstage bereinigt;Österreich;Insgesamt;Standard, in Einheiten;0,50;AB003C015
Monat;2025;2;3;08;;Leitzinssätze, Euroraum-wechselnde Zusammensetzung;Prozent;Weder saisonal noch um Arbeitstage bereinigt;Österreich;Insgesamt;Standard, in Einheiten;2,15;AB003C000
Monat;2025;2;3;08;;Leitzinssätze, Tschechische Republik;Prozent;Weder saisonal noch um Arbeitstage bereinigt;Österreich;Insgesamt;Standard, in Einheiten;3,50;AB003C002
Monat;2025;2;3;08;;Leitzinssätze, Dänemark;Prozent;Weder saisonal noch um Arbeitstage bereinigt;Österreich;Insgesamt;Standard, in Einheiten;1,75;AB003C003
Monat;2025;2;3;08;;Leitzinssätze, Ungarn;Prozent;Weder saisonal noch um Arbeitstage bereinigt;Österreich;Insgesamt;Standard, in Einheiten;6,50;AB003C006
Monat;2025;2;3;08;;Leitzinssätze, Polen;Prozent;Weder saisonal noch um Arbeitstage bereinigt;Österreich;Insgesamt;Standard, in Einheiten;5,00;AB003C007
Monat;2025;2;3;08;;Leitzinssätze, Rumänien;Prozent;Weder saisonal noch um Arbeitstage bereinigt;Österreich;Insgesamt;Standard, in Einheiten;6,50;AB003C008
Monat;2025;2;3;08;;Leitzinssätze, Schweden;Prozent;Weder saisonal noch um Arbeitstage bereinigt;Österreich;Insgesamt;Standard, in Einheiten;2,00;AB003C010
Monat;2025;2;3;08;;Leitzinssätze, Vereinigtes Königreich;Prozent;Weder saisonal noch um Arbeitstage bereinigt;Österreich;Insgesamt;Standard, in Einheiten;4,00;AB003C011
Monat;2025;2;3;08;;Leitzinssätze, Norwegen;Prozent;Weder saisonal noch um Arbeitstage bereinigt;Österreich;Insgesamt;Standard, in Einheiten;4,25;AB003C012
Monat;2025;2;3;08;;Leitzinssätze, Schweiz ;Prozent;Weder saisonal noch um Arbeitstage bereinigt;Österreich;Insgesamt;Standard, in Einheiten;0,00;AB003C013
Monat;2025;2;3;08;;Leitzinssätze, USA;Prozent;Weder saisonal noch um Arbeitstage bereinigt;Österreich;Insgesamt;Standard, in Einheiten;4,50;AB003C014
Monat;2025;2;3;08;;Leitzinssätze, Japan;Prozent;Weder saisonal noch um Arbeitstage bereinigt;Österreich;Insgesamt;Standard, in Einheiten;0,50;AB003C015
Monat;2025;2;3;09;;Leitzinssätze, Euroraum-wechselnde Zusammensetzung;Prozent;Weder saisonal noch um Arbeitstage bereinigt;Österreich;Insgesamt;Standard, in Einheiten;2,15;AB003C000
Monat;2025;2;3;09;;Leitzinssätze, Tschechische Republik;Prozent;Weder saisonal noch um Arbeitstage bereinigt;Österreich;Insgesamt;Standard, in Einheiten;3,50;AB003C002
Monat;2025;2;3;09;;Leitzinssätze, Dänemark;Prozent;Weder saisonal noch um Arbeitstage bereinigt;Österreich;Insgesamt;Standard, in Einheiten;1,75;AB003C003
Monat;2025;2;3;09;;Leitzinssätze, Ungarn;Prozent;Weder saisonal noch um Arbeitstage bereinigt;Österreich;Insgesamt;Standard, in Einheiten;6,50;AB003C006
Monat;2025;2;3;09;;Leitzinssätze, Polen;Prozent;Weder saisonal noch um Arbeitstage bereinigt;Österreich;Insgesamt;Standard, in Einheiten;4,75;AB003C007
Monat;2025;2;3;09;;Leitzinssätze, Rumänien;Prozent;Weder saisonal noch um Arbeitstage bereinigt;Österreich;Insgesamt;Standard, in Einheiten;6,50;AB003C008
Monat;2025;2;3;09;;Leitzinssätze, Schweden;Prozent;Weder saisonal noch um Arbeitstage bereinigt;Österreich;Insgesamt;Standard, in Einheiten;2,00;AB003C010
Monat;2025;2;3;09;;Leitzinssätze, Vereinigtes Königreich;Prozent;Weder saisonal noch um Arbeitstage bereinigt;Österreich;Insgesamt;Standard, in Einheiten;4,00;AB003C011
Monat;2025;2;3;09;;Leitzinssätze, Norwegen;Prozent;Weder saisonal noch um Arbeitstage bereinigt;Österreich;Insgesamt;Standard, in Einheiten;4,00;AB003C012
Monat;2025;2;3;09;;Leitzinssätze, Schweiz ;Prozent;Weder saisonal noch um Arbeitstage bereinigt;Österreich;Insgesamt;Standard, in Einheiten;0,00;AB003C013
Monat;2025;2;3;09;;Leitzinssätze, USA;Prozent;Weder saisonal noch um Arbeitstage bereinigt;Österreich;Insgesamt;Standard, in Einheiten;4,25;AB003C014
Monat;2025;2;3;09;;Leitzinssätze, Japan;Prozent;Weder saisonal noch um Arbeitstage bereinigt;Österreich;Insgesamt;Standard, in Einheiten;0,50;AB003C015
Monat;2025;2;4;10;;Leitzinssätze, Euroraum-wechselnde Zusammensetzung;Prozent;Weder saisonal noch um Arbeitstage bereinigt;Österreich;Insgesamt;Standard, in Einheiten;2,15;AB003C000
Monat;2025;2;4;10;;Leitzinssätze, Tschechische Republik;Prozent;Weder saisonal noch um Arbeitstage bereinigt;Österreich;Insgesamt;Standard, in Einheiten;3,50;AB003C002
Monat;2025;2;4;10;;Leitzinssätze, Dänemark;Prozent;Weder saisonal noch um Arbeitstage bereinigt;Österreich;Insgesamt;Standard, in Einheiten;1,75;AB003C003
Monat;2025;2;4;10;;Leitzinssätze, Ungarn;Prozent;Weder saisonal noch um Arbeitstage bereinigt;Österreich;Insgesamt;Standard, in Einheiten;6,50;AB003C006
Monat;2025;2;4;10;;Leitzinssätze, Polen;Prozent;Weder saisonal noch um Arbeitstage bereinigt;Österreich;Insgesamt;Standard, in Einheiten;4,50;AB003C007
Monat;2025;2;4;10;;Leitzinssätze, Rumänien;Prozent;Weder saisonal noch um Arbeitstage bereinigt;Österreich;Insgesamt;Standard, in Einheiten;6,50;AB003C008
Monat;2025;2;4;10;;Leitzinssätze, Schweden;Prozent;Weder saisonal noch um Arbeitstage bereinigt;Österreich;Insgesamt;Standard, in Einheiten;1,75;AB003C010
Monat;2025;2;4;10;;Leitzinssätze, Vereinigtes Königreich;Prozent;Weder saisonal noch um Arbeitstage bereinigt;Österreich;Insgesamt;Standard, in Einheiten;4,00;AB003C011
Monat;2025;2;4;10;;Leitzinssätze, Norwegen;Prozent;Weder saisonal noch um Arbeitstage bereinigt;Österreich;Insgesamt;Standard, in Einheiten;4,00;AB003C012
Monat;2025;2;4;10;;Leitzinssätze, Schweiz ;Prozent;Weder saisonal noch um Arbeitstage bereinigt;Österreich;Insgesamt;Standard, in Einheiten;0,00;AB003C013
Monat;2025;2;4;10;;Leitzinssätze, USA;Prozent;Weder saisonal noch um Arbeitstage bereinigt;Österreich;Insgesamt;Standard, in Einheiten;4,00;AB003C014
Monat;2025;2;4;10;;Leitzinssätze, Japan;Prozent;Weder saisonal noch um Arbeitstage bereinigt;Österreich;Insgesamt;Standard, in Einheiten;0,50;AB003C015
Monat;2025;2;4;11;;Leitzinssätze, Euroraum-wechselnde Zusammensetzung;Prozent;Weder saisonal noch um Arbeitstage bereinigt;Österreich;Insgesamt;Standard, in Einheiten;2,15;AB003C000
Monat;2025;2;4;11;;Leitzinssätze, Tschechische Republik;Prozent;Weder saisonal noch um Arbeitstage bereinigt;Österreich;Insgesamt;Standard, in Einheiten;3,50;AB003C002
Monat;2025;2;4;11;;Leitzinssätze, Dänemark;Prozent;Weder saisonal noch um Arbeitstage bereinigt;Österreich;Insgesamt;Standard, in Einheiten;1,75;AB003C003
Monat;2025;2;4;11;;Leitzinssätze, Ungarn;Prozent;Weder saisonal noch um Arbeitstage bereinigt;Österreich;Insgesamt;Standard, in Einheiten;6,50;AB003C006
Monat;2025;2;4;11;;Leitzinssätze, Polen;Prozent;Weder saisonal noch um Arbeitstage bereinigt;Österreich;Insgesamt;Standard, in Einheiten;4,25;AB003C007
Monat;2025;2;4;11;;Leitzinssätze, Rumänien;Prozent;Weder saisonal noch um Arbeitstage bereinigt;Österreich;Insgesamt;Standard, in Einheiten;6,50;AB003C008
Monat;2025;2;4;11;;Leitzinssätze, Schweden;Prozent;Weder saisonal noch um Arbeitstage bereinigt;Österreich;Insgesamt;Standard, in Einheiten;1,75;AB003C010
Monat;2025;2;4;11;;Leitzinssätze, Vereinigtes Königreich;Prozent;Weder saisonal noch um Arbeitstage bereinigt;Österreich;Insgesamt;Standard, in Einheiten;4,00;AB003C011
Monat;2025;2;4;11;;Leitzinssätze, Norwegen;Prozent;Weder saisonal noch um Arbeitstage bereinigt;Österreich;Insgesamt;Standard, in Einheiten;4,00;AB003C012
Monat;2025;2;4;11;;Leitzinssätze, Schweiz ;Prozent;Weder saisonal noch um Arbeitstage bereinigt;Österreich;Insgesamt;Standard, in Einheiten;0,00;AB003C013
Monat;2025;2;4;11;;Leitzinssätze, USA;Prozent;Weder saisonal noch um Arbeitstage bereinigt;Österreich;Insgesamt;Standard, in Einheiten;4,00;AB003C014
Monat;2025;2;4;11;;Leitzinssätze, Japan;Prozent;Weder saisonal noch um Arbeitstage bereinigt;Österreich;Insgesamt;Standard, in Einheiten;0,50;AB003C015
Monat;2025;2;4;12;;Leitzinssätze, Euroraum-wechselnde Zusammensetzung;Prozent;Weder saisonal noch um Arbeitstage bereinigt;Österreich;Insgesamt;Standard, in Einheiten;2,15;AB003C000
Monat;2025;2;4;12;;Leitzinssätze, Tschechische Republik;Prozent;Weder saisonal noch um Arbeitstage bereinigt;Österreich;Insgesamt;Standard, in Einheiten;3,50;AB003C002
Monat;2025;2;4;12;;Leitzinssätze, Dänemark;Prozent;Weder saisonal noch um Arbeitstage bereinigt;Österreich;Insgesamt;Standard, in Einheiten;1,75;AB003C003
Monat;2025;2;4;12;;Leitzinssätze, Ungarn;Prozent;Weder saisonal noch um Arbeitstage bereinigt;Österreich;Insgesamt;Standard, in Einheiten;6,50;AB003C006
Monat;2025;2;4;12;;Leitzinssätze, Polen;Prozent;Weder saisonal noch um Arbeitstage bereinigt;Österreich;Insgesamt;Standard, in Einheiten;4,00;AB003C007
Monat;2025;2;4;12;;Leitzinssätze, Rumänien;Prozent;Weder saisonal noch um Arbeitstage bereinigt;Österreich;Insgesamt;Standard, in Einheiten;6,50;AB003C008
Monat;2025;2;4;12;;Leitzinssätze, Schweden;Prozent;Weder saisonal noch um Arbeitstage bereinigt;Österreich;Insgesamt;Standard, in Einheiten;1,75;AB003C010
Monat;2025;2;4;12;;Leitzinssätze, Vereinigtes Königreich;Prozent;Weder saisonal noch um Arbeitstage bereinigt;Österreich;Insgesamt;Standard, in Einheiten;3,75;AB003C011
Monat;2025;2;4;12;;Leitzinssätze, Norwegen;Prozent;Weder saisonal noch um Arbeitstage bereinigt;Österreich;Insgesamt;Standard, in Einheiten;4,00;AB003C012
Monat;2025;2;4;12;;Leitzinssätze, Schweiz ;Prozent;Weder saisonal noch um Arbeitstage bereinigt;Österreich;Insgesamt;Standard, in Einheiten;0,00;AB003C013
Monat;2025;2;4;12;;Leitzinssätze, USA;Prozent;Weder saisonal noch um Arbeitstage bereinigt;Österreich;Insgesamt;Standard, in Einheiten;3,75;AB003C014
Monat;2025;2;4;12;;Leitzinssätze, Japan;Prozent;Weder saisonal noch um Arbeitstage bereinigt;Österreich;Insgesamt;Standard, in Einheiten;0,75;AB003C015
Monat;2026;1;1;01;;Leitzinssätze, Euroraum-wechselnde Zusammensetzung;Prozent;Weder saisonal noch um Arbeitstage bereinigt;Österreich;Insgesamt;Standard, in Einheiten;2,15;AB003C000
Monat;2026;1;1;01;;Leitzinssätze, Tschechische Republik;Prozent;Weder saisonal noch um Arbeitstage bereinigt;Österreich;Insgesamt;Standard, in Einheiten;3,50;AB003C002
Monat;2026;1;1;01;;Leitzinssätze, Dänemark;Prozent;Weder saisonal noch um Arbeitstage bereinigt;Österreich;Insgesamt;Standard, in Einheiten;1,75;AB003C003
Monat;2026;1;1;01;;Leitzinssätze, Ungarn;Prozent;Weder saisonal noch um Arbeitstage bereinigt;Österreich;Insgesamt;Standard, in Einheiten;6,50;AB003C006
Monat;2026;1;1;01;;Leitzinssätze, Polen;Prozent;Weder saisonal noch um Arbeitstage bereinigt;Österreich;Insgesamt;Standard, in Einheiten;4,00;AB003C007
Monat;2026;1;1;01;;Leitzinssätze, Rumänien;Prozent;Weder saisonal noch um Arbeitstage bereinigt;Österreich;Insgesamt;Standard, in Einheiten;6,50;AB003C008
Monat;2026;1;1;01;;Leitzinssätze, Schweden;Prozent;Weder saisonal noch um Arbeitstage bereinigt;Österreich;Insgesamt;Standard, in Einheiten;1,75;AB003C010
Monat;2026;1;1;01;;Leitzinssätze, Vereinigtes Königreich;Prozent;Weder saisonal noch um Arbeitstage bereinigt;Österreich;Insgesamt;Standard, in Einheiten;3,75;AB003C011
Monat;2026;1;1;01;;Leitzinssätze, Norwegen;Prozent;Weder saisonal noch um Arbeitstage bereinigt;Österreich;Insgesamt;Standard, in Einheiten;4,00;AB003C012
Monat;2026;1;1;01;;Leitzinssätze, Schweiz ;Prozent;Weder saisonal noch um Arbeitstage bereinigt;Österreich;Insgesamt;Standard, in Einheiten;0,00;AB003C013
Monat;2026;1;1;01;;Leitzinssätze, USA;Prozent;Weder saisonal noch um Arbeitstage bereinigt;Österreich;Insgesamt;Standard, in Einheiten;3,75;AB003C014
Monat;2026;1;1;01;;Leitzinssätze, Japan;Prozent;Weder saisonal noch um Arbeitstage bereinigt;Österreich;Insgesamt;Standard, in Einheiten;0,75;AB003C015
Monat;2026;1;1;02;;Leitzinssätze, Euroraum-wechselnde Zusammensetzung;Prozent;Weder saisonal noch um Arbeitstage bereinigt;Österreich;Insgesamt;Standard, in Einheiten;2,15;AB003C000
Monat;2026;1;1;02;;Leitzinssätze, Tschechische Republik;Prozent;Weder saisonal noch um Arbeitstage bereinigt;Österreich;Insgesamt;Standard, in Einheiten;3,50;AB003C002
Monat;2026;1;1;02;;Leitzinssätze, Dänemark;Prozent;Weder saisonal noch um Arbeitstage bereinigt;Österreich;Insgesamt;Standard, in Einheiten;1,75;AB003C003
Monat;2026;1;1;02;;Leitzinssätze, Ungarn;Prozent;Weder saisonal noch um Arbeitstage bereinigt;Österreich;Insgesamt;Standard, in Einheiten;6,25;AB003C006
Monat;2026;1;1;02;;Leitzinssätze, Polen;Prozent;Weder saisonal noch um Arbeitstage bereinigt;Österreich;Insgesamt;Standard, in Einheiten;4,00;AB003C007
Monat;2026;1;1;02;;Leitzinssätze, Rumänien;Prozent;Weder saisonal noch um Arbeitstage bereinigt;Österreich;Insgesamt;Standard, in Einheiten;6,50;AB003C008
Monat;2026;1;1;02;;Leitzinssätze, Schweden;Prozent;Weder saisonal noch um Arbeitstage bereinigt;Österreich;Insgesamt;Standard, in Einheiten;1,75;AB003C010
Monat;2026;1;1;02;;Leitzinssätze, Vereinigtes Königreich;Prozent;Weder saisonal noch um Arbeitstage bereinigt;Österreich;Insgesamt;Standard, in Einheiten;3,75;AB003C011
Monat;2026;1;1;02;;Leitzinssätze, Norwegen;Prozent;Weder saisonal noch um Arbeitstage bereinigt;Österreich;Insgesamt;Standard, in Einheiten;4,00;AB003C012
Monat;2026;1;1;02;;Leitzinssätze, Schweiz ;Prozent;Weder saisonal noch um Arbeitstage bereinigt;Österreich;Insgesamt;Standard, in Einheiten;0,00;AB003C013
Monat;2026;1;1;02;;Leitzinssätze, USA;Prozent;Weder saisonal noch um Arbeitstage bereinigt;Österreich;Insgesamt;Standard, in Einheiten;3,75;AB003C014
Monat;2026;1;1;02;;Leitzinssätze, Japan;Prozent;Weder saisonal noch um Arbeitstage bereinigt;Österreich;Insgesamt;Standard, in Einheiten;0,75;AB003C015
Monat;2026;1;1;03;;Leitzinssätze, Euroraum-wechselnde Zusammensetzung;Prozent;Weder saisonal noch um Arbeitstage bereinigt;Österreich;Insgesamt;Standard, in Einheiten;2,15;AB003C000
Monat;2026;1;1;03;;Leitzinssätze, Tschechische Republik;Prozent;Weder saisonal noch um Arbeitstage bereinigt;Österreich;Insgesamt;Standard, in Einheiten;3,50;AB003C002
Monat;2026;1;1;03;;Leitzinssätze, Dänemark;Prozent;Weder saisonal noch um Arbeitstage bereinigt;Österreich;Insgesamt;Standard, in Einheiten;1,75;AB003C003
Monat;2026;1;1;03;;Leitzinssätze, Ungarn;Prozent;Weder saisonal noch um Arbeitstage bereinigt;Österreich;Insgesamt;Standard, in Einheiten;6,25;AB003C006
Monat;2026;1;1;03;;Leitzinssätze, Polen;Prozent;Weder saisonal noch um Arbeitstage bereinigt;Österreich;Insgesamt;Standard, in Einheiten;3,75;AB003C007
Monat;2026;1;1;03;;Leitzinssätze, Rumänien;Prozent;Weder saisonal noch um Arbeitstage bereinigt;Österreich;Insgesamt;Standard, in Einheiten;6,50;AB003C008
Monat;2026;1;1;03;;Leitzinssätze, Schweden;Prozent;Weder saisonal noch um Arbeitstage bereinigt;Österreich;Insgesamt;Standard, in Einheiten;1,75;AB003C010
Monat;2026;1;1;03;;Leitzinssätze, Vereinigtes Königreich;Prozent;Weder saisonal noch um Arbeitstage bereinigt;Österreich;Insgesamt;Standard, in Einheiten;3,75;AB003C011
Monat;2026;1;1;03;;Leitzinssätze, Norwegen;Prozent;Weder saisonal noch um Arbeitstage bereinigt;Österreich;Insgesamt;Standard, in Einheiten;4,00;AB003C012
Monat;2026;1;1;03;;Leitzinssätze, Schweiz ;Prozent;Weder saisonal noch um Arbeitstage bereinigt;Österreich;Insgesamt;Standard, in Einheiten;0,00;AB003C013
Monat;2026;1;1;03;;Leitzinssätze, USA;Prozent;Weder saisonal noch um Arbeitstage bereinigt;Österreich;Insgesamt;Standard, in Einheiten;3,75;AB003C014
Monat;2026;1;1;03;;Leitzinssätze, Japan;Prozent;Weder saisonal noch um Arbeitstage bereinigt;Österreich;Insgesamt;Standard, in Einheiten;0,75;AB003C015
Monat;2026;1;2;04;;Leitzinssätze, Euroraum-wechselnde Zusammensetzung;Prozent;Weder saisonal noch um Arbeitstage bereinigt;Österreich;Insgesamt;Standard, in Einheiten;2,15;AB003C000
Monat;2026;1;2;04;;Leitzinssätze, Tschechische Republik;Prozent;Weder saisonal noch um Arbeitstage bereinigt;Österreich;Insgesamt;Standard, in Einheiten;3,50;AB003C002
Monat;2026;1;2;04;;Leitzinssätze, Dänemark;Prozent;Weder saisonal noch um Arbeitstage bereinigt;Österreich;Insgesamt;Standard, in Einheiten;1,75;AB003C003
Monat;2026;1;2;04;;Leitzinssätze, Ungarn;Prozent;Weder saisonal noch um Arbeitstage bereinigt;Österreich;Insgesamt;Standard, in Einheiten;6,25;AB003C006
Monat;2026;1;2;04;;Leitzinssätze, Polen;Prozent;Weder saisonal noch um Arbeitstage bereinigt;Österreich;Insgesamt;Standard, in Einheiten;3,75;AB003C007
Monat;2026;1;2;04;;Leitzinssätze, Rumänien;Prozent;Weder saisonal noch um Arbeitstage bereinigt;Österreich;Insgesamt;Standard, in Einheiten;6,50;AB003C008
Monat;2026;1;2;04;;Leitzinssätze, Schweden;Prozent;Weder saisonal noch um Arbeitstage bereinigt;Österreich;Insgesamt;Standard, in Einheiten;1,75;AB003C010
Monat;2026;1;2;04;;Leitzinssätze, Vereinigtes Königreich;Prozent;Weder saisonal noch um Arbeitstage bereinigt;Österreich;Insgesamt;Standard, in Einheiten;3,75;AB003C011
Monat;2026;1;2;04;;Leitzinssätze, Norwegen;Prozent;Weder saisonal noch um Arbeitstage bereinigt;Österreich;Insgesamt;Standard, in Einheiten;4,00;AB003C012
Monat;2026;1;2;04;;Leitzinssätze, Schweiz ;Prozent;Weder saisonal noch um Arbeitstage bereinigt;Österreich;Insgesamt;Standard, in Einheiten;0,00;AB003C013
Monat;2026;1;2;04;;Leitzinssätze, USA;Prozent;Weder saisonal noch um Arbeitstage bereinigt;Österreich;Insgesamt;Standard, in Einheiten;3,75;AB003C014
Monat;2026;1;2;04;;Leitzinssätze, Japan;Prozent;Weder saisonal noch um Arbeitstage bereinigt;Österreich;Insgesamt;Standard, in Einheiten;0,75;AB003C015
Monat;2026;1;2;05;;Leitzinssätze, Euroraum-wechselnde Zusammensetzung;Prozent;Weder saisonal noch um Arbeitstage bereinigt;Österreich;Insgesamt;Standard, in Einheiten;2,15;AB003C000
Monat;2026;1;2;05;;Leitzinssätze, Tschechische Republik;Prozent;Weder saisonal noch um Arbeitstage bereinigt;Österreich;Insgesamt;Standard, in Einheiten;3,50;AB003C002
Monat;2026;1;2;05;;Leitzinssätze, Dänemark;Prozent;Weder saisonal noch um Arbeitstage bereinigt;Österreich;Insgesamt;Standard, in Einheiten;1,75;AB003C003
Monat;2026;1;2;05;;Leitzinssätze, Ungarn;Prozent;Weder saisonal noch um Arbeitstage bereinigt;Österreich;Insgesamt;Standard, in Einheiten;6,25;AB003C006
Monat;2026;1;2;05;;Leitzinssätze, Polen;Prozent;Weder saisonal noch um Arbeitstage bereinigt;Österreich;Insgesamt;Standard, in Einheiten;3,75;AB003C007
Monat;2026;1;2;05;;Leitzinssätze, Rumänien;Prozent;Weder saisonal noch um Arbeitstage bereinigt;Österreich;Insgesamt;Standard, in Einheiten;6,50;AB003C008
Monat;2026;1;2;05;;Leitzinssätze, Schweden;Prozent;Weder saisonal noch um Arbeitstage bereinigt;Österreich;Insgesamt;Standard, in Einheiten;1,75;AB003C010
Monat;2026;1;2;05;;Leitzinssätze, Vereinigtes Königreich;Prozent;Weder saisonal noch um Arbeitstage bereinigt;Österreich;Insgesamt;Standard, in Einheiten;3,75;AB003C011
Monat;2026;1;2;05;;Leitzinssätze, Norwegen;Prozent;Weder saisonal noch um Arbeitstage bereinigt;Österreich;Insgesamt;Standard, in Einheiten;4,25;AB003C012
Monat;2026;1;2;05;;Leitzinssätze, Schweiz ;Prozent;Weder saisonal noch um Arbeitstage bereinigt;Österreich;Insgesamt;Standard, in Einheiten;0,00;AB003C013
Monat;2026;1;2;05;;Leitzinssätze, USA;Prozent;Weder saisonal noch um Arbeitstage bereinigt;Österreich;Insgesamt;Standard, in Einheiten;3,75;AB003C014
Monat;2026;1;2;05;;Leitzinssätze, Japan;Prozent;Weder saisonal noch um Arbeitstage bereinigt;Österreich;Insgesamt;Standard, in Einheiten;0,75;AB003C015
Monat;2026;1;2;06;;Leitzinssätze, Euroraum-wechselnde Zusammensetzung;Prozent;Weder saisonal noch um Arbeitstage bereinigt;Österreich;Insgesamt;Standard, in Einheiten;2,40;AB003C000
Monat;2026;1;2;06;;Leitzinssätze, Tschechische Republik;Prozent;Weder saisonal noch um Arbeitstage bereinigt;Österreich;Insgesamt;Standard, in Einheiten;3,75;AB003C002
Monat;2026;1;2;06;;Leitzinssätze, Dänemark;Prozent;Weder saisonal noch um Arbeitstage bereinigt;Österreich;Insgesamt;Standard, in Einheiten;2,00;AB003C003
Monat;2026;1;2;06;;Leitzinssätze, Ungarn;Prozent;Weder saisonal noch um Arbeitstage bereinigt;Österreich;Insgesamt;Standard, in Einheiten;6,00;AB003C006
Monat;2026;1;2;06;;Leitzinssätze, Polen;Prozent;Weder saisonal noch um Arbeitstage bereinigt;Österreich;Insgesamt;Standard, in Einheiten;3,75;AB003C007
Monat;2026;1;2;06;;Leitzinssätze, Rumänien;Prozent;Weder saisonal noch um Arbeitstage bereinigt;Österreich;Insgesamt;Standard, in Einheiten;6,50;AB003C008
Monat;2026;1;2;06;;Leitzinssätze, Schweden;Prozent;Weder saisonal noch um Arbeitstage bereinigt;Österreich;Insgesamt;Standard, in Einheiten;1,75;AB003C010
Monat;2026;1;2;06;;Leitzinssätze, Vereinigtes Königreich;Prozent;Weder saisonal noch um Arbeitstage bereinigt;Österreich;Insgesamt;Standard, in Einheiten;3,75;AB003C011
Monat;2026;1;2;06;;Leitzinssätze, Norwegen;Prozent;Weder saisonal noch um Arbeitstage bereinigt;Österreich;Insgesamt;Standard, in Einheiten;4,25;AB003C012
Monat;2026;1;2;06;;Leitzinssätze, Schweiz ;Prozent;Weder saisonal noch um Arbeitstage bereinigt;Österreich;Insgesamt;Standard, in Einheiten;0,00;AB003C013
Monat;2026;1;2;06;;Leitzinssätze, USA;Prozent;Weder saisonal noch um Arbeitstage bereinigt;Österreich;Insgesamt;Standard, in Einheiten;3,75;AB003C014
Monat;2026;1;2;06;;Leitzinssätze, Japan;Prozent;Weder saisonal noch um Arbeitstage bereinigt;Österreich;Insgesamt;Standard, in Einheiten;1,00;AB003C015
Monat;2026;2;3;07;;Leitzinssätze, Euroraum-wechselnde Zusammensetzung;Prozent;Weder saisonal noch um Arbeitstage bereinigt;Österreich;Insgesamt;Standard, in Einheiten;2,40;AB003C000
Monat;2026;2;3;07;;Leitzinssätze, Tschechische Republik;Prozent;Weder saisonal noch um Arbeitstage bereinigt;Österreich;Insgesamt;Standard, in Einheiten;3,75;AB003C002
Monat;2026;2;3;07;;Leitzinssätze, Dänemark;Prozent;Weder saisonal noch um Arbeitstage bereinigt;Österreich;Insgesamt;Standard, in Einheiten;2,00;AB003C003
Monat;2026;2;3;07;;Leitzinssätze, Ungarn;Prozent;Weder saisonal noch um Arbeitstage bereinigt;Österreich;Insgesamt;Standard, in Einheiten;5,75;AB003C006
Monat;2026;2;3;07;;Leitzinssätze, Polen;Prozent;Weder saisonal noch um Arbeitstage bereinigt;Österreich;Insgesamt;Standard, in Einheiten;3,75;AB003C007
Monat;2026;2;3;07;;Leitzinssätze, Rumänien;Prozent;Weder saisonal noch um Arbeitstage bereinigt;Österreich;Insgesamt;Standard, in Einheiten;6,50;AB003C008
Monat;2026;2;3;07;;Leitzinssätze, Schweden;Prozent;Weder saisonal noch um Arbeitstage bereinigt;Österreich;Insgesamt;Standard, in Einheiten;1,75;AB003C010
Monat;2026;2;3;07;;Leitzinssätze, Vereinigtes Königreich;Prozent;Weder saisonal noch um Arbeitstage bereinigt;Österreich;Insgesamt;Standard, in Einheiten;3,75;AB003C011
Monat;2026;2;3;07;;Leitzinssätze, Norwegen;Prozent;Weder saisonal noch um Arbeitstage bereinigt;Österreich;Insgesamt;Standard, in Einheiten;4,25;AB003C012
Monat;2026;2;3;07;;Leitzinssätze, Schweiz ;Prozent;Weder saisonal noch um Arbeitstage bereinigt;Österreich;Insgesamt;Standard, in Einheiten;0,00;AB003C013
Monat;2026;2;3;07;;Leitzinssätze, USA;Prozent;Weder saisonal noch um Arbeitstage bereinigt;Österreich;Insgesamt;Standard, in Einheiten;3,75;AB003C014
Monat;2026;2;3;07;;Leitzinssätze, Japan;Prozent;Weder saisonal noch um Arbeitstage bereinigt;Österreich;Insgesamt;Standard, in Einheiten;1,00;AB003C015
Monat;2026;2;3;08;;Leitzinssätze, Euroraum-wechselnde Zusammensetzung;Prozent;Weder saisonal noch um Arbeitstage bereinigt;Österreich;Insgesamt;Standard, in Einheiten;2,40;AB003C000
Monat;2026;2;3;08;;Leitzinssätze, Tschechische Republik;Prozent;Weder saisonal noch um Arbeitstage bereinigt;Österreich;Insgesamt;Standard, in Einheiten;3,75;AB003C002
Monat;2026;2;3;08;;Leitzinssätze, Dänemark;Prozent;Weder saisonal noch um Arbeitstage bereinigt;Österreich;Insgesamt;Standard, in Einheiten;2,00;AB003C003
Monat;2026;2;3;08;;Leitzinssätze, Ungarn;Prozent;Weder saisonal noch um Arbeitstage bereinigt;Österreich;Insgesamt;Standard, in Einheiten;5,50;AB003C006
Monat;2026;2;3;08;;Leitzinssätze, Polen;Prozent;Weder saisonal noch um Arbeitstage bereinigt;Österreich;Insgesamt;Standard, in Einheiten;3,75;AB003C007
Monat;2026;2;3;08;;Leitzinssätze, Rumänien;Prozent;Weder saisonal noch um Arbeitstage bereinigt;Österreich;Insgesamt;Standard, in Einheiten;6,50;AB003C008
Monat;2026;2;3;08;;Leitzinssätze, Schweden;Prozent;Weder saisonal noch um Arbeitstage bereinigt;Österreich;Insgesamt;Standard, in Einheiten;1,75;AB003C010
Monat;2026;2;3;08;;Leitzinssätze, Vereinigtes Königreich;Prozent;Weder saisonal noch um Arbeitstage bereinigt;Österreich;Insgesamt;Standard, in Einheiten;3,75;AB003C011
Monat;2026;2;3;08;;Leitzinssätze, Norwegen;Prozent;Weder saisonal noch um Arbeitstage bereinigt;Österreich;Insgesamt;Standard, in Einheiten;4,25;AB003C012
Monat;2026;2;3;08;;Leitzinssätze, Schweiz ;Prozent;Weder saisonal noch um Arbeitstage bereinigt;Österreich;Insgesamt;Standard, in Einheiten;0,00;AB003C013
Monat;2026;2;3;08;;Leitzinssätze, USA;Prozent;Weder saisonal noch um Arbeitstage bereinigt;Österreich;Insgesamt;Standard, in Einheiten;3,75;AB003C014
Monat;2026;2;3;08;;Leitzinssätze, Japan;Prozent;Weder saisonal noch um Arbeitstage bereinigt;Österreich;Insgesamt;Standard, in Einheiten;1,00;AB003C015
Monat;2026;2;3;09;;Leitzinssätze, Euroraum-wechselnde Zusammensetzung;Prozent;Weder saisonal noch um Arbeitstage bereinigt;Österreich;Insgesamt;Standard, in Einheiten;2,65;AB003C000
Monat;2026;2;3;09;;Leitzinssätze, Tschechische Republik;Prozent;Weder saisonal noch um Arbeitstage bereinigt;Österreich;Insgesamt;Standard, in Einheiten;3,75;AB003C002
Monat;2026;2;3;09;;Leitzinssätze, Dänemark;Prozent;Weder saisonal noch um Arbeitstage bereinigt;Österreich;Insgesamt;Standard, in Einheiten;2,25;AB003C003
Monat;2026;2;3;09;;Leitzinssätze, Ungarn;Prozent;Weder saisonal noch um Arbeitstage bereinigt;Österreich;Insgesamt;Standard, in Einheiten;5,50;AB003C006
Monat;2026;2;3;09;;Leitzinssätze, Polen;Prozent;Weder saisonal noch um Arbeitstage bereinigt;Österreich;Insgesamt;Standard, in Einheiten;3,75;AB003C007
Monat;2026;2;3;09;;Leitzinssätze, Rumänien;Prozent;Weder saisonal noch um Arbeitstage bereinigt;Österreich;Insgesamt;Standard, in Einheiten;6,50;AB003C008
Monat;2026;2;3;09;;Leitzinssätze, Schweden;Prozent;Weder saisonal noch um Arbeitstage bereinigt;Österreich;Insgesamt;Standard, in Einheiten;1,75;AB003C010
Monat;2026;2;3;09;;Leitzinssätze, Vereinigtes Königreich;Prozent;Weder saisonal noch um Arbeitstage bereinigt;Österreich;Insgesamt;Standard, in Einheiten;3,75;AB003C011
Monat;2026;2;3;09;;Leitzinssätze, Norwegen;Prozent;Weder saisonal noch um Arbeitstage bereinigt;Österreich;Insgesamt;Standard, in Einheiten;4,50;AB003C012
Monat;2026;2;3;09;;Leitzinssätze, Schweiz ;Prozent;Weder saisonal noch um Arbeitstage bereinigt;Österreich;Insgesamt;Standard, in Einheiten;0,00;AB003C013
Monat;2026;2;3;09;;Leitzinssätze, USA;Prozent;Weder saisonal noch um Arbeitstage bereinigt;Österreich;Insgesamt;Standard, in Einheiten;4,00;AB003C014
Monat;2026;2;3;09;;Leitzinssätze, Japan;Prozent;Weder saisonal noch um Arbeitstage bereinigt;Österreich;Insgesamt;Standard, in Einheiten;1,25;AB003C015
