KEY,FREQ,REF_AREA,ADJUSTMENT,BS_REP_SECTOR,BS_ITEM,MATURITY_ORIG,DATA_TYPE,COUNT_AREA,BS_COUNT_SECTOR,CURRENCY_TRANS,BS_SUFFIX,TIME_PERIOD,OBS_VALUE,OBS_STATUS,OBS_CONF,OBS_PRE_BREAK,OBS_COM,TIME_FORMAT,BREAKS,COLLECTION,COMPILING_ORG,DISS_ORG,DOM_SER_IDS,PUBL_ECB,PUBL_MU,PUBL_PUBLIC,UNIT_INDEX_BASE,COMPILATION,DECIMALS,NAT_TITLE,SOURCE_AGENCY,TITLE,TITLE_COMPL,UNIT,UNIT_MULT
BSI.M.U2.Y.V.M10.X.1.U2.2300.Z01.E,M,U2,Y,V,M10,X,1,U2,2300,Z01,E,1999-01,1807005,A,F,,,P1M,,E,,,,,,,,,2,,,"Monetary aggregate M1, Stocks","Euro area (changing composition), Outstanding amounts at the end of the period (stocks), MFIs, central government and post office giro institutions reporting sector - Monetary aggregate M1, All currencies combined - Euro area (changing composition) counterpart, Non-MFIs excluding central government sector, denominated in Euro, data Working day and seasonally adjusted",EUR,6
BSI.M.U2.Y.V.M10.X.1.U2.2300.Z01.E,M,U2,Y,V,M10,X,1,U2,2300,Z01,E,1999-02,1785973,A,F,,,P1M,,E,,,,,,,,,2,,,"Monetary aggregate M1, Stocks","Euro area (changing composition), Outstanding amounts at the end of the period (stocks), MFIs, central government and post office giro institutions reporting sector - Monetary aggregate M1, All currencies combined - Euro area (changing composition) counterpart, Non-MFIs excluding central government sector, denominated in Euro, data Working day and seasonally adjusted",EUR,6
BSI.M.U2.Y.V.M10.X.1.U2.2300.Z01.E,M,U2,Y,V,M10,X,1,U2,2300,Z01,E,1999-03,1806407,A,F,,,P1M,,E,,,,,,,,,2,,,"Monetary aggregate M1, Stocks","Euro area (changing composition), Outstanding amounts at the end of the period (stocks), MFIs, central government and post office giro institutions reporting sector - Monetary aggregate M1, All currencies combined - Euro area (changing composition) counterpart, Non-MFIs excluding central government sector, denominated in Euro, data Working day and seasonally adjusted",EUR,6
BSI.M.U2.Y.V.M10.X.1.U2.2300.Z01.E,M,U2,Y,V,M10,X,1,U2,2300,Z01,E,1999-04,1823152,A,F,,,P1M,,E,,,,,,,,,2,,,"Monetary aggregate M1, Stocks","Euro area (changing composition), Outstanding amounts at the end of the period (stocks), MFIs, central government and post office giro institutions reporting sector - Monetary aggregate M1, All currencies combined - Euro area (changing composition) counterpart, Non-MFIs excluding central government sector, denominated in Euro, data Working day and seasonally adjusted",EUR,6
BSI.M.U2.Y.V.M10.X.1.U2.2300.Z01.E,M,U2,Y,V,M10,X,1,U2,2300,Z01,E,1999-05,1836913,A,F,,,P1M,,E,,,,,,,,,2,,,"Monetary aggregate M1, Stocks","Euro area (changing composition), Outstanding amounts at the end of the period (stocks), MFIs, central government and post office giro institutions reporting sector - Monetary aggregate M1, All currencies combined - Euro area (changing composition) counterpart, Non-MFIs excluding central government sector, denominated in Euro, data Working day and seasonally adjusted",EUR,6
BSI.M.U2.Y.V.M10.X.1.U2.2300.Z01.E,M,U2,Y,V,M10,X,1,U2,2300,Z01,E,1999-06,1858495,A,F,,,P1M,,E,,,,,,,,,2,,,"Monetary aggregate M1, Stocks","Euro area (changing composition), Outstanding amounts at the end of the period (stocks), MFIs, central government and post office giro institutions reporting sector - Monetary aggregate M1, All currencies combined - Euro area (changing composition) counterpart, Non-MFIs excluding central government sector, denominated in Euro, data Working day and seasonally adjusted",EUR,6
BSI.M.U2.Y.V.M10.X.1.U2.2300.Z01.E,M,U2,Y,V,M10,X,1,U2,2300,Z01,E,1999-07,1882493,A,F,,,P1M,,E,,,,,,,,,2,,,"Monetary aggregate M1, Stocks","Euro area (changing composition), Outstanding amounts at the end of the period (stocks), MFIs, central government and post office giro institutions reporting sector - Monetary aggregate M1, All currencies combined - Euro area (changing composition) counterpart, Non-MFIs excluding central government sector, denominated in Euro, data Working day and seasonally adjusted",EUR,6
BSI.M.U2.Y.V.M10.X.1.U2.2300.Z01.E,M,U2,Y,V,M10,X,1,U2,2300,Z01,E,1999-08,1879218,A,F,,,P1M,,E,,,,,,,,,2,,,"Monetary aggregate M1, Stocks","Euro area (changing composition), Outstanding amounts at the end of the period (stocks), MFIs, central government and post office giro institutions reporting sector - Monetary aggregate M1, All currencies combined - Euro area (changing composition) counterpart, Non-MFIs excluding central government sector, denominated in Euro, data Working day and seasonally adjusted",EUR,6
BSI.M.U2.Y.V.M10.X.1.U2.2300.Z01.E,M,U2,Y,V,M10,X,1,U2,2300,Z01,E,1999-09,1886642,A,F,,,P1M,,E,,,,,,,,,2,,,"Monetary aggregate M1, Stocks","Euro area (changing composition), Outstanding amounts at the end of the period (stocks), MFIs, central government and post office giro institutions reporting sector - Monetary aggregate M1, All currencies combined - Euro area (changing composition) counterpart, Non-MFIs excluding central government sector, denominated in Euro, data Working day and seasonally adjusted",EUR,6
BSI.M.U2.Y.V.M10.X.1.U2.2300.Z01.E,M,U2,Y,V,M10,X,1,U2,2300,Z01,E,1999-10,1900478,A,F,,,P1M,,E,,,,,,,,,2,,,"Monetary aggregate M1, Stocks","Euro area (changing composition), Outstanding amounts at the end of the period (stocks), MFIs, central government and post office giro institutions reporting sector - Monetary aggregate M1, All currencies combined - Euro area (changing composition) counterpart, Non-MFIs excluding central government sector, denominated in Euro, data Working day and seasonally adjusted",EUR,6
BSI.M.U2.Y.V.M10.X.1.U2.2300.Z01.E,M,U2,Y,V,M10,X,1,U2,2300,Z01,E,1999-11,1912382,A,F,,,P1M,,E,,,,,,,,,2,,,"Monetary aggregate M1, Stocks","Euro area (changing composition), Outstanding amounts at the end of the period (stocks), MFIs, central government and post office giro institutions reporting sector - Monetary aggregate M1, All currencies combined - Euro area (changing composition) counterpart, Non-MFIs excluding central government sector, denominated in Euro, data Working day and seasonally adjusted",EUR,6
BSI.M.U2.Y.V.M10.X.1.U2.2300.Z01.E,M,U2,Y,V,M10,X,1,U2,2300,Z01,E,1999-12,1925201,A,F,,,P1M,,E,,,,,,,,,2,,,"Monetary aggregate M1, Stocks","Euro area (changing composition), Outstanding amounts at the end of the period (stocks), MFIs, central government and post office giro institutions reporting sector - Monetary aggregate M1, All currencies combined - Euro area (changing composition) counterpart, Non-MFIs excluding central government sector, denominated in Euro, data Working day and seasonally adjusted",EUR,6
BSI.M.U2.Y.V.M10.X.1.U2.2300.Z01.E,M,U2,Y,V,M10,X,1,U2,2300,Z01,E,2000-01,1986266,A,F,,,P1M,,E,,,,,,,,,2,,,"Monetary aggregate M1, Stocks","Euro area (changing composition), Outstanding amounts at the end of the period (stocks), MFIs, central government and post office giro institutions reporting sector - Monetary aggregate M1, All currencies combined - Euro area (changing composition) counterpart, Non-MFIs excluding central government sector, denominated in Euro, data Working day and seasonally adjusted",EUR,6
BSI.M.U2.Y.V.M10.X.1.U2.2300.Z01.E,M,U2,Y,V,M10,X,1,U2,2300,Z01,E,2000-02,1987628,A,F,,,P1M,,E,,,,,,,,,2,,,"Monetary aggregate M1, Stocks","Euro area (changing composition), Outstanding amounts at the end of the period (stocks), MFIs, central government and post office giro institutions reporting sector - Monetary aggregate M1, All currencies combined - Euro area (changing composition) counterpart, Non-MFIs excluding central government sector, denominated in Euro, data Working day and seasonally adjusted",EUR,6
BSI.M.U2.Y.V.M10.X.1.U2.2300.Z01.E,M,U2,Y,V,M10,X,1,U2,2300,Z01,E,2000-03,2003675,A,F,,,P1M,,E,,,,,,,,,2,,,"Monetary aggregate M1, Stocks","Euro area (changing composition), Outstanding amounts at the end of the period (stocks), MFIs, central government and post office giro institutions reporting sector - Monetary aggregate M1, All currencies combined - Euro area (changing composition) counterpart, Non-MFIs excluding central government sector, denominated in Euro, data Working day and seasonally adjusted",EUR,6
BSI.M.U2.Y.V.M10.X.1.U2.2300.Z01.E,M,U2,Y,V,M10,X,1,U2,2300,Z01,E,2000-04,2022293,A,F,,,P1M,,E,,,,,,,,,2,,,"Monetary aggregate M1, Stocks","Euro area (changing composition), Outstanding amounts at the end of the period (stocks), MFIs, central government and post office giro institutions reporting sector - Monetary aggregate M1, All currencies combined - Euro area (changing composition) counterpart, Non-MFIs excluding central government sector, denominated in Euro, data Working day and seasonally adjusted",EUR,6
BSI.M.U2.Y.V.M10.X.1.U2.2300.Z01.E,M,U2,Y,V,M10,X,1,U2,2300,Z01,E,2000-05,2005841,A,F,,,P1M,,E,,,,,,,,,2,,,"Monetary aggregate M1, Stocks","Euro area (changing composition), Outstanding amounts at the end of the period (stocks), MFIs, central government and post office giro institutions reporting sector - Monetary aggregate M1, All currencies combined - Euro area (changing composition) counterpart, Non-MFIs excluding central government sector, denominated in Euro, data Working day and seasonally adjusted",EUR,6
BSI.M.U2.Y.V.M10.X.1.U2.2300.Z01.E,M,U2,Y,V,M10,X,1,U2,2300,Z01,E,2000-06,2001262,A,F,,,P1M,,E,,,,,,,,,2,,,"Monetary aggregate M1, Stocks","Euro area (changing composition), Outstanding amounts at the end of the period (stocks), MFIs, central government and post office giro institutions reporting sector - Monetary aggregate M1, All currencies combined - Euro area (changing composition) counterpart, Non-MFIs excluding central government sector, denominated in Euro, data Working day and seasonally adjusted",EUR,6
BSI.M.U2.Y.V.M10.X.1.U2.2300.Z01.E,M,U2,Y,V,M10,X,1,U2,2300,Z01,E,2000-07,2011982,A,F,,,P1M,,E,,,,,,,,,2,,,"Monetary aggregate M1, Stocks","Euro area (changing composition), Outstanding amounts at the end of the period (stocks), MFIs, central government and post office giro institutions reporting sector - Monetary aggregate M1, All currencies combined - Euro area (changing composition) counterpart, Non-MFIs excluding central government sector, denominated in Euro, data Working day and seasonally adjusted",EUR,6
BSI.M.U2.Y.V.M10.X.1.U2.2300.Z01.E,M,U2,Y,V,M10,X,1,U2,2300,Z01,E,2000-08,2022187,A,F,,,P1M,,E,,,,,,,,,2,,,"Monetary aggregate M1, Stocks","Euro area (changing composition), Outstanding amounts at the end of the period (stocks), MFIs, central government and post office giro institutions reporting sector - Monetary aggregate M1, All currencies combined - Euro area (changing composition) counterpart, Non-MFIs excluding central government sector, denominated in Euro, data Working day and seasonally adjusted",EUR,6
BSI.M.U2.Y.V.M10.X.1.U2.2300.Z01.E,M,U2,Y,V,M10,X,1,U2,2300,Z01,E,2000-09,2015210,A,F,,,P1M,,E,,,,,,,,,2,,,"Monetary aggregate M1, Stocks","Euro area (changing composition), Outstanding amounts at the end of the period (stocks), MFIs, central government and post office giro institutions reporting sector - Monetary aggregate M1, All currencies combined - Euro area (changing composition) counterpart, Non-MFIs excluding central government sector, denominated in Euro, data Working day and seasonally adjusted",EUR,6
BSI.M.U2.Y.V.M10.X.1.U2.2300.Z01.E,M,U2,Y,V,M10,X,1,U2,2300,Z01,E,2000-10,2022687,A,F,,,P1M,,E,,,,,,,,,2,,,"Monetary aggregate M1, Stocks","Euro area (changing composition), Outstanding amounts at the end of the period (stocks), MFIs, central government and post office giro institutions reporting sector - Monetary aggregate M1, All currencies combined - Euro area (changing composition) counterpart, Non-MFIs excluding central government sector, denominated in Euro, data Working day and seasonally adjusted",EUR,6
BSI.M.U2.Y.V.M10.X.1.U2.2300.Z01.E,M,U2,Y,V,M10,X,1,U2,2300,Z01,E,2000-11,2019092,A,F,,,P1M,,E,,,,,,,,,2,,,"Monetary aggregate M1, Stocks","Euro area (changing composition), Outstanding amounts at the end of the period (stocks), MFIs, central government and post office giro institutions reporting sector - Monetary aggregate M1, All currencies combined - Euro area (changing composition) counterpart, Non-MFIs excluding central government sector, denominated in Euro, data Working day and seasonally adjusted",EUR,6
BSI.M.U2.Y.V.M10.X.1.U2.2300.Z01.E,M,U2,Y,V,M10,X,1,U2,2300,Z01,E,2000-12,2025182,A,F,,,P1M,,E,,,,,,,,,2,,,"Monetary aggregate M1, Stocks","Euro area (changing composition), Outstanding amounts at the end of the period (stocks), MFIs, central government and post office giro institutions reporting sector - Monetary aggregate M1, All currencies combined - Euro area (changing composition) counterpart, Non-MFIs excluding central government sector, denominated in Euro, data Working day and seasonally adjusted",EUR,6
BSI.M.U2.Y.V.M10.X.1.U2.2300.Z01.E,M,U2,Y,V,M10,X,1,U2,2300,Z01,E,2001-01,2094231,A,F,,,P1M,,E,,,,,,,,,2,,,"Monetary aggregate M1, Stocks","Euro area (changing composition), Outstanding amounts at the end of the period (stocks), MFIs, central government and post office giro institutions reporting sector - Monetary aggregate M1, All currencies combined - Euro area (changing composition) counterpart, Non-MFIs excluding central government sector, denominated in Euro, data Working day and seasonally adjusted",EUR,6
BSI.M.U2.Y.V.M10.X.1.U2.2300.Z01.E,M,U2,Y,V,M10,X,1,U2,2300,Z01,E,2001-02,2104954,A,F,,,P1M,,E,,,,,,,,,2,,,"Monetary aggregate M1, Stocks","Euro area (changing composition), Outstanding amounts at the end of the period (stocks), MFIs, central government and post office giro institutions reporting sector - Monetary aggregate M1, All currencies combined - Euro area (changing composition) counterpart, Non-MFIs excluding central government sector, denominated in Euro, data Working day and seasonally adjusted",EUR,6
BSI.M.U2.Y.V.M10.X.1.U2.2300.Z01.E,M,U2,Y,V,M10,X,1,U2,2300,Z01,E,2001-03,2106179,A,F,,,P1M,,E,,,,,,,,,2,,,"Monetary aggregate M1, Stocks","Euro area (changing composition), Outstanding amounts at the end of the period (stocks), MFIs, central government and post office giro institutions reporting sector - Monetary aggregate M1, All currencies combined - Euro area (changing composition) counterpart, Non-MFIs excluding central government sector, denominated in Euro, data Working day and seasonally adjusted",EUR,6
BSI.M.U2.Y.V.M10.X.1.U2.2300.Z01.E,M,U2,Y,V,M10,X,1,U2,2300,Z01,E,2001-04,2124789,A,F,,,P1M,,E,,,,,,,,,2,,,"Monetary aggregate M1, Stocks","Euro area (changing composition), Outstanding amounts at the end of the period (stocks), MFIs, central government and post office giro institutions reporting sector - Monetary aggregate M1, All currencies combined - Euro area (changing composition) counterpart, Non-MFIs excluding central government sector, denominated in Euro, data Working day and seasonally adjusted",EUR,6
BSI.M.U2.Y.V.M10.X.1.U2.2300.Z01.E,M,U2,Y,V,M10,X,1,U2,2300,Z01,E,2001-05,2142955,A,F,,,P1M,,E,,,,,,,,,2,,,"Monetary aggregate M1, Stocks","Euro area (changing composition), Outstanding amounts at the end of the period (stocks), MFIs, central government and post office giro institutions reporting sector - Monetary aggregate M1, All currencies combined - Euro area (changing composition) counterpart, Non-MFIs excluding central government sector, denominated in Euro, data Working day and seasonally adjusted",EUR,6
BSI.M.U2.Y.V.M10.X.1.U2.2300.Z01.E,M,U2,Y,V,M10,X,1,U2,2300,Z01,E,2001-06,2158667,A,F,,,P1M,,E,,,,,,,,,2,,,"Monetary aggregate M1, Stocks","Euro area (changing composition), Outstanding amounts at the end of the period (stocks), MFIs, central government and post office giro institutions reporting sector - Monetary aggregate M1, All currencies combined - Euro area (changing composition) counterpart, Non-MFIs excluding central government sector, denominated in Euro, data Working day and seasonally adjusted",EUR,6
BSI.M.U2.Y.V.M10.X.1.U2.2300.Z01.E,M,U2,Y,V,M10,X,1,U2,2300,Z01,E,2001-07,2157872,A,F,,,P1M,,E,,,,,,,,,2,,,"Monetary aggregate M1, Stocks","Euro area (changing composition), Outstanding amounts at the end of the period (stocks), MFIs, central government and post office giro institutions reporting sector - Monetary aggregate M1, All currencies combined - Euro area (changing composition) counterpart, Non-MFIs excluding central government sector, denominated in Euro, data Working day and seasonally adjusted",EUR,6
BSI.M.U2.Y.V.M10.X.1.U2.2300.Z01.E,M,U2,Y,V,M10,X,1,U2,2300,Z01,E,2001-08,2173000,A,F,,,P1M,,E,,,,,,,,,2,,,"Monetary aggregate M1, Stocks","Euro area (changing composition), Outstanding amounts at the end of the period (stocks), MFIs, central government and post office giro institutions reporting sector - Monetary aggregate M1, All currencies combined - Euro area (changing composition) counterpart, Non-MFIs excluding central government sector, denominated in Euro, data Working day and seasonally adjusted",EUR,6
BSI.M.U2.Y.V.M10.X.1.U2.2300.Z01.E,M,U2,Y,V,M10,X,1,U2,2300,Z01,E,2001-09,2190698,A,F,,,P1M,,E,,,,,,,,,2,,,"Monetary aggregate M1, Stocks","Euro area (changing composition), Outstanding amounts at the end of the period (stocks), MFIs, central government and post office giro institutions reporting sector - Monetary aggregate M1, All currencies combined - Euro area (changing composition) counterpart, Non-MFIs excluding central government sector, denominated in Euro, data Working day and seasonally adjusted",EUR,6
BSI.M.U2.Y.V.M10.X.1.U2.2300.Z01.E,M,U2,Y,V,M10,X,1,U2,2300,Z01,E,2001-10,2202764,A,F,,,P1M,,E,,,,,,,,,2,,,"Monetary aggregate M1, Stocks","Euro area (changing composition), Outstanding amounts at the end of the period (stocks), MFIs, central government and post office giro institutions reporting sector - Monetary aggregate M1, All currencies combined - Euro area (changing composition) counterpart, Non-MFIs excluding central government sector, denominated in Euro, data Working day and seasonally adjusted",EUR,6
BSI.M.U2.Y.V.M10.X.1.U2.2300.Z01.E,M,U2,Y,V,M10,X,1,U2,2300,Z01,E,2001-11,2220198,A,F,,,P1M,,E,,,,,,,,,2,,,"Monetary aggregate M1, Stocks","Euro area (changing composition), Outstanding amounts at the end of the period (stocks), MFIs, central government and post office giro institutions reporting sector - Monetary aggregate M1, All currencies combined - Euro area (changing composition) counterpart, Non-MFIs excluding central government sector, denominated in Euro, data Working day and seasonally adjusted",EUR,6
BSI.M.U2.Y.V.M10.X.1.U2.2300.Z01.E,M,U2,Y,V,M10,X,1,U2,2300,Z01,E,2001-12,2221922,A,F,,,P1M,,E,,,,,,,,,2,,,"Monetary aggregate M1, Stocks","Euro area (changing composition), Outstanding amounts at the end of the period (stocks), MFIs, central government and post office giro institutions reporting sector - Monetary aggregate M1, All currencies combined - Euro area (changing composition) counterpart, Non-MFIs excluding central government sector, denominated in Euro, data Working day and seasonally adjusted",EUR,6
BSI.M.U2.Y.V.M10.X.1.U2.2300.Z01.E,M,U2,Y,V,M10,X,1,U2,2300,Z01,E,2002-01,2247196,A,F,,,P1M,,E,,,,,,,,,2,,,"Monetary aggregate M1, Stocks","Euro area (changing composition), Outstanding amounts at the end of the period (stocks), MFIs, central government and post office giro institutions reporting sector - Monetary aggregate M1, All currencies combined - Euro area (changing composition) counterpart, Non-MFIs excluding central government sector, denominated in Euro, data Working day and seasonally adjusted",EUR,6
BSI.M.U2.Y.V.M10.X.1.U2.2300.Z01.E,M,U2,Y,V,M10,X,1,U2,2300,Z01,E,2002-02,2248416,A,F,,,P1M,,E,,,,,,,,,2,,,"Monetary aggregate M1, Stocks","Euro area (changing composition), Outstanding amounts at the end of the period (stocks), MFIs, central government and post office giro institutions reporting sector - Monetary aggregate M1, All currencies combined - Euro area (changing composition) counterpart, Non-MFIs excluding central government sector, denominated in Euro, data Working day and seasonally adjusted",EUR,6
BSI.M.U2.Y.V.M10.X.1.U2.2300.Z01.E,M,U2,Y,V,M10,X,1,U2,2300,Z01,E,2002-03,2238965,A,F,,,P1M,,E,,,,,,,,,2,,,"Monetary aggregate M1, Stocks","Euro area (changing composition), Outstanding amounts at the end of the period (stocks), MFIs, central government and post office giro institutions reporting sector - Monetary aggregate M1, All currencies combined - Euro area (changing composition) counterpart, Non-MFIs excluding central government sector, denominated in Euro, data Working day and seasonally adjusted",EUR,6
BSI.M.U2.Y.V.M10.X.1.U2.2300.Z01.E,M,U2,Y,V,M10,X,1,U2,2300,Z01,E,2002-04,2273547,A,F,,,P1M,,E,,,,,,,,,2,,,"Monetary aggregate M1, Stocks","Euro area (changing composition), Outstanding amounts at the end of the period (stocks), MFIs, central government and post office giro institutions reporting sector - Monetary aggregate M1, All currencies combined - Euro area (changing composition) counterpart, Non-MFIs excluding central government sector, denominated in Euro, data Working day and seasonally adjusted",EUR,6
BSI.M.U2.Y.V.M10.X.1.U2.2300.Z01.E,M,U2,Y,V,M10,X,1,U2,2300,Z01,E,2002-05,2293570,A,F,,,P1M,,E,,,,,,,,,2,,,"Monetary aggregate M1, Stocks","Euro area (changing composition), Outstanding amounts at the end of the period (stocks), MFIs, central government and post office giro institutions reporting sector - Monetary aggregate M1, All currencies combined - Euro area (changing composition) counterpart, Non-MFIs excluding central government sector, denominated in Euro, data Working day and seasonally adjusted",EUR,6
BSI.M.U2.Y.V.M10.X.1.U2.2300.Z01.E,M,U2,Y,V,M10,X,1,U2,2300,Z01,E,2002-06,2304238,A,F,,,P1M,,E,,,,,,,,,2,,,"Monetary aggregate M1, Stocks","Euro area (changing composition), Outstanding amounts at the end of the period (stocks), MFIs, central government and post office giro institutions reporting sector - Monetary aggregate M1, All currencies combined - Euro area (changing composition) counterpart, Non-MFIs excluding central government sector, denominated in Euro, data Working day and seasonally adjusted",EUR,6
BSI.M.U2.Y.V.M10.X.1.U2.2300.Z01.E,M,U2,Y,V,M10,X,1,U2,2300,Z01,E,2002-07,2323079,A,F,,,P1M,,E,,,,,,,,,2,,,"Monetary aggregate M1, Stocks","Euro area (changing composition), Outstanding amounts at the end of the period (stocks), MFIs, central government and post office giro institutions reporting sector - Monetary aggregate M1, All currencies combined - Euro area (changing composition) counterpart, Non-MFIs excluding central government sector, denominated in Euro, data Working day and seasonally adjusted",EUR,6
BSI.M.U2.Y.V.M10.X.1.U2.2300.Z01.E,M,U2,Y,V,M10,X,1,U2,2300,Z01,E,2002-08,2340395,A,F,,,P1M,,E,,,,,,,,,2,,,"Monetary aggregate M1, Stocks","Euro area (changing composition), Outstanding amounts at the end of the period (stocks), MFIs, central government and post office giro institutions reporting sector - Monetary aggregate M1, All currencies combined - Euro area (changing composition) counterpart, Non-MFIs excluding central government sector, denominated in Euro, data Working day and seasonally adjusted",EUR,6
BSI.M.U2.Y.V.M10.X.1.U2.2300.Z01.E,M,U2,Y,V,M10,X,1,U2,2300,Z01,E,2002-09,2369110,A,F,,,P1M,,E,,,,,,,,,2,,,"Monetary aggregate M1, Stocks","Euro area (changing composition), Outstanding amounts at the end of the period (stocks), MFIs, central government and post office giro institutions reporting sector - Monetary aggregate M1, All currencies combined - Euro area (changing composition) counterpart, Non-MFIs excluding central government sector, denominated in Euro, data Working day and seasonally adjusted",EUR,6
BSI.M.U2.Y.V.M10.X.1.U2.2300.Z01.E,M,U2,Y,V,M10,X,1,U2,2300,Z01,E,2002-10,2380902,A,F,,,P1M,,E,,,,,,,,,2,,,"Monetary aggregate M1, Stocks","Euro area (changing composition), Outstanding amounts at the end of the period (stocks), MFIs, central government and post office giro institutions reporting sector - Monetary aggregate M1, All currencies combined - Euro area (changing composition) counterpart, Non-MFIs excluding central government sector, denominated in Euro, data Working day and seasonally adjusted",EUR,6
BSI.M.U2.Y.V.M10.X.1.U2.2300.Z01.E,M,U2,Y,V,M10,X,1,U2,2300,Z01,E,2002-11,2417288,A,F,,,P1M,,E,,,,,,,,,2,,,"Monetary aggregate M1, Stocks","Euro area (changing composition), Outstanding amounts at the end of the period (stocks), MFIs, central government and post office giro institutions reporting sector - Monetary aggregate M1, All currencies combined - Euro area (changing composition) counterpart, Non-MFIs excluding central government sector, denominated in Euro, data Working day and seasonally adjusted",EUR,6
BSI.M.U2.Y.V.M10.X.1.U2.2300.Z01.E,M,U2,Y,V,M10,X,1,U2,2300,Z01,E,2002-12,2442884,A,F,,,P1M,,E,,,,,,,,,2,,,"Monetary aggregate M1, Stocks","Euro area (changing composition), Outstanding amounts at the end of the period (stocks), MFIs, central government and post office giro institutions reporting sector - Monetary aggregate M1, All currencies combined - Euro area (changing composition) counterpart, Non-MFIs excluding central government sector, denominated in Euro, data Working day and seasonally adjusted",EUR,6
BSI.M.U2.Y.V.M10.X.1.U2.2300.Z01.E,M,U2,Y,V,M10,X,1,U2,2300,Z01,E,2003-01,2454715,A,F,,,P1M,,E,,,,,,,,,2,,,"Monetary aggregate M1, Stocks","Euro area (changing composition), Outstanding amounts at the end of the period (stocks), MFIs, central government and post office giro institutions reporting sector - Monetary aggregate M1, All currencies combined - Euro area (changing composition) counterpart, Non-MFIs excluding central government sector, denominated in Euro, data Working day and seasonally adjusted",EUR,6
BSI.M.U2.Y.V.M10.X.1.U2.2300.Z01.E,M,U2,Y,V,M10,X,1,U2,2300,Z01,E,2003-02,2481185,A,F,,,P1M,,E,,,,,,,,,2,,,"Monetary aggregate M1, Stocks","Euro area (changing composition), Outstanding amounts at the end of the period (stocks), MFIs, central government and post office giro institutions reporting sector - Monetary aggregate M1, All currencies combined - Euro area (changing composition) counterpart, Non-MFIs excluding central government sector, denominated in Euro, data Working day and seasonally adjusted",EUR,6
BSI.M.U2.Y.V.M10.X.1.U2.2300.Z01.E,M,U2,Y,V,M10,X,1,U2,2300,Z01,E,2003-03,2499997,A,F,,,P1M,,E,,,,,,,,,2,,,"Monetary aggregate M1, Stocks","Euro area (changing composition), Outstanding amounts at the end of the period (stocks), MFIs, central government and post office giro institutions reporting sector - Monetary aggregate M1, All currencies combined - Euro area (changing composition) counterpart, Non-MFIs excluding central government sector, denominated in Euro, data Working day and seasonally adjusted",EUR,6
BSI.M.U2.Y.V.M10.X.1.U2.2300.Z01.E,M,U2,Y,V,M10,X,1,U2,2300,Z01,E,2003-04,2531994,A,F,,,P1M,,E,,,,,,,,,2,,,"Monetary aggregate M1, Stocks","Euro area (changing composition), Outstanding amounts at the end of the period (stocks), MFIs, central government and post office giro institutions reporting sector - Monetary aggregate M1, All currencies combined - Euro area (changing composition) counterpart, Non-MFIs excluding central government sector, denominated in Euro, data Working day and seasonally adjusted",EUR,6
BSI.M.U2.Y.V.M10.X.1.U2.2300.Z01.E,M,U2,Y,V,M10,X,1,U2,2300,Z01,E,2003-05,2549757,A,F,,,P1M,,E,,,,,,,,,2,,,"Monetary aggregate M1, Stocks","Euro area (changing composition), Outstanding amounts at the end of the period (stocks), MFIs, central government and post office giro institutions reporting sector - Monetary aggregate M1, All currencies combined - Euro area (changing composition) counterpart, Non-MFIs excluding central government sector, denominated in Euro, data Working day and seasonally adjusted",EUR,6
BSI.M.U2.Y.V.M10.X.1.U2.2300.Z01.E,M,U2,Y,V,M10,X,1,U2,2300,Z01,E,2003-06,2558373,A,F,,,P1M,,E,,,,,,,,,2,,,"Monetary aggregate M1, Stocks","Euro area (changing composition), Outstanding amounts at the end of the period (stocks), MFIs, central government and post office giro institutions reporting sector - Monetary aggregate M1, All currencies combined - Euro area (changing composition) counterpart, Non-MFIs excluding central government sector, denominated in Euro, data Working day and seasonally adjusted",EUR,6
BSI.M.U2.Y.V.M10.X.1.U2.2300.Z01.E,M,U2,Y,V,M10,X,1,U2,2300,Z01,E,2003-07,2576935,A,F,,,P1M,,E,,,,,,,,,2,,,"Monetary aggregate M1, Stocks","Euro area (changing composition), Outstanding amounts at the end of the period (stocks), MFIs, central government and post office giro institutions reporting sector - Monetary aggregate M1, All currencies combined - Euro area (changing composition) counterpart, Non-MFIs excluding central government sector, denominated in Euro, data Working day and seasonally adjusted",EUR,6
BSI.M.U2.Y.V.M10.X.1.U2.2300.Z01.E,M,U2,Y,V,M10,X,1,U2,2300,Z01,E,2003-08,2607442,A,F,,,P1M,,E,,,,,,,,,2,,,"Monetary aggregate M1, Stocks","Euro area (changing composition), Outstanding amounts at the end of the period (stocks), MFIs, central government and post office giro institutions reporting sector - Monetary aggregate M1, All currencies combined - Euro area (changing composition) counterpart, Non-MFIs excluding central government sector, denominated in Euro, data Working day and seasonally adjusted",EUR,6
BSI.M.U2.Y.V.M10.X.1.U2.2300.Z01.E,M,U2,Y,V,M10,X,1,U2,2300,Z01,E,2003-09,2623849,A,F,,,P1M,,E,,,,,,,,,2,,,"Monetary aggregate M1, Stocks","Euro area (changing composition), Outstanding amounts at the end of the period (stocks), MFIs, central government and post office giro institutions reporting sector - Monetary aggregate M1, All currencies combined - Euro area (changing composition) counterpart, Non-MFIs excluding central government sector, denominated in Euro, data Working day and seasonally adjusted",EUR,6
BSI.M.U2.Y.V.M10.X.1.U2.2300.Z01.E,M,U2,Y,V,M10,X,1,U2,2300,Z01,E,2003-10,2655345,A,F,,,P1M,,E,,,,,,,,,2,,,"Monetary aggregate M1, Stocks","Euro area (changing composition), Outstanding amounts at the end of the period (stocks), MFIs, central government and post office giro institutions reporting sector - Monetary aggregate M1, All currencies combined - Euro area (changing composition) counterpart, Non-MFIs excluding central government sector, denominated in Euro, data Working day and seasonally adjusted",EUR,6
BSI.M.U2.Y.V.M10.X.1.U2.2300.Z01.E,M,U2,Y,V,M10,X,1,U2,2300,Z01,E,2003-11,2663643,A,F,,,P1M,,E,,,,,,,,,2,,,"Monetary aggregate M1, Stocks","Euro area (changing composition), Outstanding amounts at the end of the period (stocks), MFIs, central government and post office giro institutions reporting sector - Monetary aggregate M1, All currencies combined - Euro area (changing composition) counterpart, Non-MFIs excluding central government sector, denominated in Euro, data Working day and seasonally adjusted",EUR,6
BSI.M.U2.Y.V.M10.X.1.U2.2300.Z01.E,M,U2,Y,V,M10,X,1,U2,2300,Z01,E,2003-12,2681722,A,F,,,P1M,,E,,,,,,,,,2,,,"Monetary aggregate M1, Stocks","Euro area (changing composition), Outstanding amounts at the end of the period (stocks), MFIs, central government and post office giro institutions reporting sector - Monetary aggregate M1, All currencies combined - Euro area (changing composition) counterpart, Non-MFIs excluding central government sector, denominated in Euro, data Working day and seasonally adjusted",EUR,6
BSI.M.U2.Y.V.M10.X.1.U2.2300.Z01.E,M,U2,Y,V,M10,X,1,U2,2300,Z01,E,2004-01,2704804,A,F,,,P1M,,E,,,,,,,,,2,,,"Monetary aggregate M1, Stocks","Euro area (changing composition), Outstanding amounts at the end of the period (stocks), MFIs, central government and post office giro institutions reporting sector - Monetary aggregate M1, All currencies combined - Euro area (changing composition) counterpart, Non-MFIs excluding central government sector, denominated in Euro, data Working day and seasonally adjusted",EUR,6
BSI.M.U2.Y.V.M10.X.1.U2.2300.Z01.E,M,U2,Y,V,M10,X,1,U2,2300,Z01,E,2004-02,2722810,A,F,,,P1M,,E,,,,,,,,,2,,,"Monetary aggregate M1, Stocks","Euro area (changing composition), Outstanding amounts at the end of the period (stocks), MFIs, central government and post office giro institutions reporting sector - Monetary aggregate M1, All currencies combined - Euro area (changing composition) counterpart, Non-MFIs excluding central government sector, denominated in Euro, data Working day and seasonally adjusted",EUR,6
BSI.M.U2.Y.V.M10.X.1.U2.2300.Z01.E,M,U2,Y,V,M10,X,1,U2,2300,Z01,E,2004-03,2760683,A,F,,,P1M,,E,,,,,,,,,2,,,"Monetary aggregate M1, Stocks","Euro area (changing composition), Outstanding amounts at the end of the period (stocks), MFIs, central government and post office giro institutions reporting sector - Monetary aggregate M1, All currencies combined - Euro area (changing composition) counterpart, Non-MFIs excluding central government sector, denominated in Euro, data Working day and seasonally adjusted",EUR,6
BSI.M.U2.Y.V.M10.X.1.U2.2300.Z01.E,M,U2,Y,V,M10,X,1,U2,2300,Z01,E,2004-04,2776949,A,F,,,P1M,,E,,,,,,,,,2,,,"Monetary aggregate M1, Stocks","Euro area (changing composition), Outstanding amounts at the end of the period (stocks), MFIs, central government and post office giro institutions reporting sector - Monetary aggregate M1, All currencies combined - Euro area (changing composition) counterpart, Non-MFIs excluding central government sector, denominated in Euro, data Working day and seasonally adjusted",EUR,6
BSI.M.U2.Y.V.M10.X.1.U2.2300.Z01.E,M,U2,Y,V,M10,X,1,U2,2300,Z01,E,2004-05,2774765,A,F,,,P1M,,E,,,,,,,,,2,,,"Monetary aggregate M1, Stocks","Euro area (changing composition), Outstanding amounts at the end of the period (stocks), MFIs, central government and post office giro institutions reporting sector - Monetary aggregate M1, All currencies combined - Euro area (changing composition) counterpart, Non-MFIs excluding central government sector, denominated in Euro, data Working day and seasonally adjusted",EUR,6
BSI.M.U2.Y.V.M10.X.1.U2.2300.Z01.E,M,U2,Y,V,M10,X,1,U2,2300,Z01,E,2004-06,2796512,A,F,,,P1M,,E,,,,,,,,,2,,,"Monetary aggregate M1, Stocks","Euro area (changing composition), Outstanding amounts at the end of the period (stocks), MFIs, central government and post office giro institutions reporting sector - Monetary aggregate M1, All currencies combined - Euro area (changing composition) counterpart, Non-MFIs excluding central government sector, denominated in Euro, data Working day and seasonally adjusted",EUR,6
BSI.M.U2.Y.V.M10.X.1.U2.2300.Z01.E,M,U2,Y,V,M10,X,1,U2,2300,Z01,E,2004-07,2820299,A,F,,,P1M,,E,,,,,,,,,2,,,"Monetary aggregate M1, Stocks","Euro area (changing composition), Outstanding amounts at the end of the period (stocks), MFIs, central government and post office giro institutions reporting sector - Monetary aggregate M1, All currencies combined - Euro area (changing composition) counterpart, Non-MFIs excluding central government sector, denominated in Euro, data Working day and seasonally adjusted",EUR,6
BSI.M.U2.Y.V.M10.X.1.U2.2300.Z01.E,M,U2,Y,V,M10,X,1,U2,2300,Z01,E,2004-08,2834917,A,F,,,P1M,,E,,,,,,,,,2,,,"Monetary aggregate M1, Stocks","Euro area (changing composition), Outstanding amounts at the end of the period (stocks), MFIs, central government and post office giro institutions reporting sector - Monetary aggregate M1, All currencies combined - Euro area (changing composition) counterpart, Non-MFIs excluding central government sector, denominated in Euro, data Working day and seasonally adjusted",EUR,6
BSI.M.U2.Y.V.M10.X.1.U2.2300.Z01.E,M,U2,Y,V,M10,X,1,U2,2300,Z01,E,2004-09,2868123,A,F,,,P1M,,E,,,,,,,,,2,,,"Monetary aggregate M1, Stocks","Euro area (changing composition), Outstanding amounts at the end of the period (stocks), MFIs, central government and post office giro institutions reporting sector - Monetary aggregate M1, All currencies combined - Euro area (changing composition) counterpart, Non-MFIs excluding central government sector, denominated in Euro, data Working day and seasonally adjusted",EUR,6
BSI.M.U2.Y.V.M10.X.1.U2.2300.Z01.E,M,U2,Y,V,M10,X,1,U2,2300,Z01,E,2004-10,2888055,A,F,,,P1M,,E,,,,,,,,,2,,,"Monetary aggregate M1, Stocks","Euro area (changing composition), Outstanding amounts at the end of the period (stocks), MFIs, central government and post office giro institutions reporting sector - Monetary aggregate M1, All currencies combined - Euro area (changing composition) counterpart, Non-MFIs excluding central government sector, denominated in Euro, data Working day and seasonally adjusted",EUR,6
BSI.M.U2.Y.V.M10.X.1.U2.2300.Z01.E,M,U2,Y,V,M10,X,1,U2,2300,Z01,E,2004-11,2913177,A,F,,,P1M,,E,,,,,,,,,2,,,"Monetary aggregate M1, Stocks","Euro area (changing composition), Outstanding amounts at the end of the period (stocks), MFIs, central government and post office giro institutions reporting sector - Monetary aggregate M1, All currencies combined - Euro area (changing composition) counterpart, Non-MFIs excluding central government sector, denominated in Euro, data Working day and seasonally adjusted",EUR,6
BSI.M.U2.Y.V.M10.X.1.U2.2300.Z01.E,M,U2,Y,V,M10,X,1,U2,2300,Z01,E,2004-12,2905953,A,F,,,P1M,,E,,,,,,,,,2,,,"Monetary aggregate M1, Stocks","Euro area (changing composition), Outstanding amounts at the end of the period (stocks), MFIs, central government and post office giro institutions reporting sector - Monetary aggregate M1, All currencies combined - Euro area (changing composition) counterpart, Non-MFIs excluding central government sector, denominated in Euro, data Working day and seasonally adjusted",EUR,6
BSI.M.U2.Y.V.M10.X.1.U2.2300.Z01.E,M,U2,Y,V,M10,X,1,U2,2300,Z01,E,2005-01,2963795,A,F,,,P1M,,E,,,,,,,,,2,,,"Monetary aggregate M1, Stocks","Euro area (changing composition), Outstanding amounts at the end of the period (stocks), MFIs, central government and post office giro institutions reporting sector - Monetary aggregate M1, All currencies combined - Euro area (changing composition) counterpart, Non-MFIs excluding central government sector, denominated in Euro, data Working day and seasonally adjusted",EUR,6
BSI.M.U2.Y.V.M10.X.1.U2.2300.Z01.E,M,U2,Y,V,M10,X,1,U2,2300,Z01,E,2005-02,2990384,A,F,,,P1M,,E,,,,,,,,,2,,,"Monetary aggregate M1, Stocks","Euro area (changing composition), Outstanding amounts at the end of the period (stocks), MFIs, central government and post office giro institutions reporting sector - Monetary aggregate M1, All currencies combined - Euro area (changing composition) counterpart, Non-MFIs excluding central government sector, denominated in Euro, data Working day and seasonally adjusted",EUR,6
BSI.M.U2.Y.V.M10.X.1.U2.2300.Z01.E,M,U2,Y,V,M10,X,1,U2,2300,Z01,E,2005-03,3006328,A,F,,,P1M,,E,,,,,,,,,2,,,"Monetary aggregate M1, Stocks","Euro area (changing composition), Outstanding amounts at the end of the period (stocks), MFIs, central government and post office giro institutions reporting sector - Monetary aggregate M1, All currencies combined - Euro area (changing composition) counterpart, Non-MFIs excluding central government sector, denominated in Euro, data Working day and seasonally adjusted",EUR,6
BSI.M.U2.Y.V.M10.X.1.U2.2300.Z01.E,M,U2,Y,V,M10,X,1,U2,2300,Z01,E,2005-04,3024122,A,F,,,P1M,,E,,,,,,,,,2,,,"Monetary aggregate M1, Stocks","Euro area (changing composition), Outstanding amounts at the end of the period (stocks), MFIs, central government and post office giro institutions reporting sector - Monetary aggregate M1, All currencies combined - Euro area (changing composition) counterpart, Non-MFIs excluding central government sector, denominated in Euro, data Working day and seasonally adjusted",EUR,6
BSI.M.U2.Y.V.M10.X.1.U2.2300.Z01.E,M,U2,Y,V,M10,X,1,U2,2300,Z01,E,2005-05,3054725,A,F,,,P1M,,E,,,,,,,,,2,,,"Monetary aggregate M1, Stocks","Euro area (changing composition), Outstanding amounts at the end of the period (stocks), MFIs, central government and post office giro institutions reporting sector - Monetary aggregate M1, All currencies combined - Euro area (changing composition) counterpart, Non-MFIs excluding central government sector, denominated in Euro, data Working day and seasonally adjusted",EUR,6
BSI.M.U2.Y.V.M10.X.1.U2.2300.Z01.E,M,U2,Y,V,M10,X,1,U2,2300,Z01,E,2005-06,3256960,A,F,,,P1M,,E,,,,,,,,,2,,,"Monetary aggregate M1, Stocks","Euro area (changing composition), Outstanding amounts at the end of the period (stocks), MFIs, central government and post office giro institutions reporting sector - Monetary aggregate M1, All currencies combined - Euro area (changing composition) counterpart, Non-MFIs excluding central government sector, denominated in Euro, data Working day and seasonally adjusted",EUR,6
BSI.M.U2.Y.V.M10.X.1.U2.2300.Z01.E,M,U2,Y,V,M10,X,1,U2,2300,Z01,E,2005-07,3302577,A,F,,,P1M,,E,,,,,,,,,2,,,"Monetary aggregate M1, Stocks","Euro area (changing composition), Outstanding amounts at the end of the period (stocks), MFIs, central government and post office giro institutions reporting sector - Monetary aggregate M1, All currencies combined - Euro area (changing composition) counterpart, Non-MFIs excluding central government sector, denominated in Euro, data Working day and seasonally adjusted",EUR,6
BSI.M.U2.Y.V.M10.X.1.U2.2300.Z01.E,M,U2,Y,V,M10,X,1,U2,2300,Z01,E,2005-08,3323473,A,F,,,P1M,,E,,,,,,,,,2,,,"Monetary aggregate M1, Stocks","Euro area (changing composition), Outstanding amounts at the end of the period (stocks), MFIs, central government and post office giro institutions reporting sector - Monetary aggregate M1, All currencies combined - Euro area (changing composition) counterpart, Non-MFIs excluding central government sector, denominated in Euro, data Working day and seasonally adjusted",EUR,6
BSI.M.U2.Y.V.M10.X.1.U2.2300.Z01.E,M,U2,Y,V,M10,X,1,U2,2300,Z01,E,2005-09,3343523,A,F,,,P1M,,E,,,,,,,,,2,,,"Monetary aggregate M1, Stocks","Euro area (changing composition), Outstanding amounts at the end of the period (stocks), MFIs, central government and post office giro institutions reporting sector - Monetary aggregate M1, All currencies combined - Euro area (changing composition) counterpart, Non-MFIs excluding central government sector, denominated in Euro, data Working day and seasonally adjusted",EUR,6
BSI.M.U2.Y.V.M10.X.1.U2.2300.Z01.E,M,U2,Y,V,M10,X,1,U2,2300,Z01,E,2005-10,3370621,A,F,,,P1M,,E,,,,,,,,,2,,,"Monetary aggregate M1, Stocks","Euro area (changing composition), Outstanding amounts at the end of the period (stocks), MFIs, central government and post office giro institutions reporting sector - Monetary aggregate M1, All currencies combined - Euro area (changing composition) counterpart, Non-MFIs excluding central government sector, denominated in Euro, data Working day and seasonally adjusted",EUR,6
BSI.M.U2.Y.V.M10.X.1.U2.2300.Z01.E,M,U2,Y,V,M10,X,1,U2,2300,Z01,E,2005-11,3390768,A,F,,,P1M,,E,,,,,,,,,2,,,"Monetary aggregate M1, Stocks","Euro area (changing composition), Outstanding amounts at the end of the period (stocks), MFIs, central government and post office giro institutions reporting sector - Monetary aggregate M1, All currencies combined - Euro area (changing composition) counterpart, Non-MFIs excluding central government sector, denominated in Euro, data Working day and seasonally adjusted",EUR,6
BSI.M.U2.Y.V.M10.X.1.U2.2300.Z01.E,M,U2,Y,V,M10,X,1,U2,2300,Z01,E,2005-12,3422279,A,F,,,P1M,,E,,,,,,,,,2,,,"Monetary aggregate M1, Stocks","Euro area (changing composition), Outstanding amounts at the end of the period (stocks), MFIs, central government and post office giro institutions reporting sector - Monetary aggregate M1, All currencies combined - Euro area (changing composition) counterpart, Non-MFIs excluding central government sector, denominated in Euro, data Working day and seasonally adjusted",EUR,6
BSI.M.U2.Y.V.M10.X.1.U2.2300.Z01.E,M,U2,Y,V,M10,X,1,U2,2300,Z01,E,2006-01,3445371,A,F,,,P1M,,E,,,,,,,,,2,,,"Monetary aggregate M1, Stocks","Euro area (changing composition), Outstanding amounts at the end of the period (stocks), MFIs, central government and post office giro institutions reporting sector - Monetary aggregate M1, All currencies combined - Euro area (changing composition) counterpart, Non-MFIs excluding central government sector, denominated in Euro, data Working day and seasonally adjusted",EUR,6
BSI.M.U2.Y.V.M10.X.1.U2.2300.Z01.E,M,U2,Y,V,M10,X,1,U2,2300,Z01,E,2006-02,3470031,A,F,,,P1M,,E,,,,,,,,,2,,,"Monetary aggregate M1, Stocks","Euro area (changing composition), Outstanding amounts at the end of the period (stocks), MFIs, central government and post office giro institutions reporting sector - Monetary aggregate M1, All currencies combined - Euro area (changing composition) counterpart, Non-MFIs excluding central government sector, denominated in Euro, data Working day and seasonally adjusted",EUR,6
BSI.M.U2.Y.V.M10.X.1.U2.2300.Z01.E,M,U2,Y,V,M10,X,1,U2,2300,Z01,E,2006-03,3489442,A,F,,,P1M,,E,,,,,,,,,2,,,"Monetary aggregate M1, Stocks","Euro area (changing composition), Outstanding amounts at the end of the period (stocks), MFIs, central government and post office giro institutions reporting sector - Monetary aggregate M1, All currencies combined - Euro area (changing composition) counterpart, Non-MFIs excluding central government sector, denominated in Euro, data Working day and seasonally adjusted",EUR,6
BSI.M.U2.Y.V.M10.X.1.U2.2300.Z01.E,M,U2,Y,V,M10,X,1,U2,2300,Z01,E,2006-04,3523343,A,F,,,P1M,,E,,,,,,,,,2,,,"Monetary aggregate M1, Stocks","Euro area (changing composition), Outstanding amounts at the end of the period (stocks), MFIs, central government and post office giro institutions reporting sector - Monetary aggregate M1, All currencies combined - Euro area (changing composition) counterpart, Non-MFIs excluding central government sector, denominated in Euro, data Working day and seasonally adjusted",EUR,6
BSI.M.U2.Y.V.M10.X.1.U2.2300.Z01.E,M,U2,Y,V,M10,X,1,U2,2300,Z01,E,2006-05,3553540,A,F,,,P1M,,E,,,,,,,,,2,,,"Monetary aggregate M1, Stocks","Euro area (changing composition), Outstanding amounts at the end of the period (stocks), MFIs, central government and post office giro institutions reporting sector - Monetary aggregate M1, All currencies combined - Euro area (changing composition) counterpart, Non-MFIs excluding central government sector, denominated in Euro, data Working day and seasonally adjusted",EUR,6
BSI.M.U2.Y.V.M10.X.1.U2.2300.Z01.E,M,U2,Y,V,M10,X,1,U2,2300,Z01,E,2006-06,3560905,A,F,,,P1M,,E,,,,,,,,,2,,,"Monetary aggregate M1, Stocks","Euro area (changing composition), Outstanding amounts at the end of the period (stocks), MFIs, central government and post office giro institutions reporting sector - Monetary aggregate M1, All currencies combined - Euro area (changing composition) counterpart, Non-MFIs excluding central government sector, denominated in Euro, data Working day and seasonally adjusted",EUR,6
BSI.M.U2.Y.V.M10.X.1.U2.2300.Z01.E,M,U2,Y,V,M10,X,1,U2,2300,Z01,E,2006-07,3554322,A,F,,,P1M,,E,,,,,,,,,2,,,"Monetary aggregate M1, Stocks","Euro area (changing composition), Outstanding amounts at the end of the period (stocks), MFIs, central government and post office giro institutions reporting sector - Monetary aggregate M1, All currencies combined - Euro area (changing composition) counterpart, Non-MFIs excluding central government sector, denominated in Euro, data Working day and seasonally adjusted",EUR,6
BSI.M.U2.Y.V.M10.X.1.U2.2300.Z01.E,M,U2,Y,V,M10,X,1,U2,2300,Z01,E,2006-08,3565013,A,F,,,P1M,,E,,,,,,,,,2,,,"Monetary aggregate M1, Stocks","Euro area (changing composition), Outstanding amounts at the end of the period (stocks), MFIs, central government and post office giro institutions reporting sector - Monetary aggregate M1, All currencies combined - Euro area (changing composition) counterpart, Non-MFIs excluding central government sector, denominated in Euro, data Working day and seasonally adjusted",EUR,6
BSI.M.U2.Y.V.M10.X.1.U2.2300.Z01.E,M,U2,Y,V,M10,X,1,U2,2300,Z01,E,2006-09,3590868,A,F,,,P1M,,E,,,,,,,,,2,,,"Monetary aggregate M1, Stocks","Euro area (changing composition), Outstanding amounts at the end of the period (stocks), MFIs, central government and post office giro institutions reporting sector - Monetary aggregate M1, All currencies combined - Euro area (changing composition) counterpart, Non-MFIs excluding central government sector, denominated in Euro, data Working day and seasonally adjusted",EUR,6
BSI.M.U2.Y.V.M10.X.1.U2.2300.Z01.E,M,U2,Y,V,M10,X,1,U2,2300,Z01,E,2006-10,3589937,A,F,,,P1M,,E,,,,,,,,,2,,,"Monetary aggregate M1, Stocks","Euro area (changing composition), Outstanding amounts at the end of the period (stocks), MFIs, central government and post office giro institutions reporting sector - Monetary aggregate M1, All currencies combined - Euro area (changing composition) counterpart, Non-MFIs excluding central government sector, denominated in Euro, data Working day and seasonally adjusted",EUR,6
BSI.M.U2.Y.V.M10.X.1.U2.2300.Z01.E,M,U2,Y,V,M10,X,1,U2,2300,Z01,E,2006-11,3617914,A,F,,,P1M,,E,,,,,,,,,2,,,"Monetary aggregate M1, Stocks","Euro area (changing composition), Outstanding amounts at the end of the period (stocks), MFIs, central government and post office giro institutions reporting sector - Monetary aggregate M1, All currencies combined - Euro area (changing composition) counterpart, Non-MFIs excluding central government sector, denominated in Euro, data Working day and seasonally adjusted",EUR,6
BSI.M.U2.Y.V.M10.X.1.U2.2300.Z01.E,M,U2,Y,V,M10,X,1,U2,2300,Z01,E,2006-12,3696019,A,F,,,P1M,,E,,,,,,,,,2,,,"Monetary aggregate M1, Stocks","Euro area (changing composition), Outstanding amounts at the end of the period (stocks), MFIs, central government and post office giro institutions reporting sector - Monetary aggregate M1, All currencies combined - Euro area (changing composition) counterpart, Non-MFIs excluding central government sector, denominated in Euro, data Working day and seasonally adjusted",EUR,6
BSI.M.U2.Y.V.M10.X.1.U2.2300.Z01.E,M,U2,Y,V,M10,X,1,U2,2300,Z01,E,2007-01,3696560,A,F,,,P1M,,E,,,,,,,,,2,,,"Monetary aggregate M1, Stocks","Euro area (changing composition), Outstanding amounts at the end of the period (stocks), MFIs, central government and post office giro institutions reporting sector - Monetary aggregate M1, All currencies combined - Euro area (changing composition) counterpart, Non-MFIs excluding central government sector, denominated in Euro, data Working day and seasonally adjusted",EUR,6
BSI.M.U2.Y.V.M10.X.1.U2.2300.Z01.E,M,U2,Y,V,M10,X,1,U2,2300,Z01,E,2007-02,3718712,A,F,,,P1M,,E,,,,,,,,,2,,,"Monetary aggregate M1, Stocks","Euro area (changing composition), Outstanding amounts at the end of the period (stocks), MFIs, central government and post office giro institutions reporting sector - Monetary aggregate M1, All currencies combined - Euro area (changing composition) counterpart, Non-MFIs excluding central government sector, denominated in Euro, data Working day and seasonally adjusted",EUR,6
BSI.M.U2.Y.V.M10.X.1.U2.2300.Z01.E,M,U2,Y,V,M10,X,1,U2,2300,Z01,E,2007-03,3746750,A,F,,,P1M,,E,,,,,,,,,2,,,"Monetary aggregate M1, Stocks","Euro area (changing composition), Outstanding amounts at the end of the period (stocks), MFIs, central government and post office giro institutions reporting sector - Monetary aggregate M1, All currencies combined - Euro area (changing composition) counterpart, Non-MFIs excluding central government sector, denominated in Euro, data Working day and seasonally adjusted",EUR,6
BSI.M.U2.Y.V.M10.X.1.U2.2300.Z01.E,M,U2,Y,V,M10,X,1,U2,2300,Z01,E,2007-04,3744814,A,F,,,P1M,,E,,,,,,,,,2,,,"Monetary aggregate M1, Stocks","Euro area (changing composition), Outstanding amounts at the end of the period (stocks), MFIs, central government and post office giro institutions reporting sector - Monetary aggregate M1, All currencies combined - Euro area (changing composition) counterpart, Non-MFIs excluding central government sector, denominated in Euro, data Working day and seasonally adjusted",EUR,6
BSI.M.U2.Y.V.M10.X.1.U2.2300.Z01.E,M,U2,Y,V,M10,X,1,U2,2300,Z01,E,2007-05,3773413,A,F,,,P1M,,E,,,,,,,,,2,,,"Monetary aggregate M1, Stocks","Euro area (changing composition), Outstanding amounts at the end of the period (stocks), MFIs, central government and post office giro institutions reporting sector - Monetary aggregate M1, All currencies combined - Euro area (changing composition) counterpart, Non-MFIs excluding central government sector, denominated in Euro, data Working day and seasonally adjusted",EUR,6
BSI.M.U2.Y.V.M10.X.1.U2.2300.Z01.E,M,U2,Y,V,M10,X,1,U2,2300,Z01,E,2007-06,3794192,A,F,,,P1M,,E,,,,,,,,,2,,,"Monetary aggregate M1, Stocks","Euro area (changing composition), Outstanding amounts at the end of the period (stocks), MFIs, central government and post office giro institutions reporting sector - Monetary aggregate M1, All currencies combined - Euro area (changing composition) counterpart, Non-MFIs excluding central government sector, denominated in Euro, data Working day and seasonally adjusted",EUR,6
BSI.M.U2.Y.V.M10.X.1.U2.2300.Z01.E,M,U2,Y,V,M10,X,1,U2,2300,Z01,E,2007-07,3821040,A,F,,,P1M,,E,,,,,,,,,2,,,"Monetary aggregate M1, Stocks","Euro area (changing composition), Outstanding amounts at the end of the period (stocks), MFIs, central government and post office giro institutions reporting sector - Monetary aggregate M1, All currencies combined - Euro area (changing composition) counterpart, Non-MFIs excluding central government sector, denominated in Euro, data Working day and seasonally adjusted",EUR,6
BSI.M.U2.Y.V.M10.X.1.U2.2300.Z01.E,M,U2,Y,V,M10,X,1,U2,2300,Z01,E,2007-08,3810958,A,F,,,P1M,,E,,,,,,,,,2,,,"Monetary aggregate M1, Stocks","Euro area (changing composition), Outstanding amounts at the end of the period (stocks), MFIs, central government and post office giro institutions reporting sector - Monetary aggregate M1, All currencies combined - Euro area (changing composition) counterpart, Non-MFIs excluding central government sector, denominated in Euro, data Working day and seasonally adjusted",EUR,6
BSI.M.U2.Y.V.M10.X.1.U2.2300.Z01.E,M,U2,Y,V,M10,X,1,U2,2300,Z01,E,2007-09,3831681,A,F,,,P1M,,E,,,,,,,,,2,,,"Monetary aggregate M1, Stocks","Euro area (changing composition), Outstanding amounts at the end of the period (stocks), MFIs, central government and post office giro institutions reporting sector - Monetary aggregate M1, All currencies combined - Euro area (changing composition) counterpart, Non-MFIs excluding central government sector, denominated in Euro, data Working day and seasonally adjusted",EUR,6
BSI.M.U2.Y.V.M10.X.1.U2.2300.Z01.E,M,U2,Y,V,M10,X,1,U2,2300,Z01,E,2007-10,3829110,A,F,,,P1M,,E,,,,,,,,,2,,,"Monetary aggregate M1, Stocks","Euro area (changing composition), Outstanding amounts at the end of the period (stocks), MFIs, central government and post office giro institutions reporting sector - Monetary aggregate M1, All currencies combined - Euro area (changing composition) counterpart, Non-MFIs excluding central government sector, denominated in Euro, data Working day and seasonally adjusted",EUR,6
BSI.M.U2.Y.V.M10.X.1.U2.2300.Z01.E,M,U2,Y,V,M10,X,1,U2,2300,Z01,E,2007-11,3854352,A,F,,,P1M,,E,,,,,,,,,2,,,"Monetary aggregate M1, Stocks","Euro area (changing composition), Outstanding amounts at the end of the period (stocks), MFIs, central government and post office giro institutions reporting sector - Monetary aggregate M1, All currencies combined - Euro area (changing composition) counterpart, Non-MFIs excluding central government sector, denominated in Euro, data Working day and seasonally adjusted",EUR,6
BSI.M.U2.Y.V.M10.X.1.U2.2300.Z01.E,M,U2,Y,V,M10,X,1,U2,2300,Z01,E,2007-12,3839555,A,F,,,P1M,,E,,,,,,,,,2,,,"Monetary aggregate M1, Stocks","Euro area (changing composition), Outstanding amounts at the end of the period (stocks), MFIs, central government and post office giro institutions reporting sector - Monetary aggregate M1, All currencies combined - Euro area (changing composition) counterpart, Non-MFIs excluding central government sector, denominated in Euro, data Working day and seasonally adjusted",EUR,6
BSI.M.U2.Y.V.M10.X.1.U2.2300.Z01.E,M,U2,Y,V,M10,X,1,U2,2300,Z01,E,2008-01,3852397,A,F,,,P1M,,E,,,,,,,,,2,,,"Monetary aggregate M1, Stocks","Euro area (changing composition), Outstanding amounts at the end of the period (stocks), MFIs, central government and post office giro institutions reporting sector - Monetary aggregate M1, All currencies combined - Euro area (changing composition) counterpart, Non-MFIs excluding central government sector, denominated in Euro, data Working day and seasonally adjusted",EUR,6
BSI.M.U2.Y.V.M10.X.1.U2.2300.Z01.E,M,U2,Y,V,M10,X,1,U2,2300,Z01,E,2008-02,3845184,A,F,,,P1M,,E,,,,,,,,,2,,,"Monetary aggregate M1, Stocks","Euro area (changing composition), Outstanding amounts at the end of the period (stocks), MFIs, central government and post office giro institutions reporting sector - Monetary aggregate M1, All currencies combined - Euro area (changing composition) counterpart, Non-MFIs excluding central government sector, denominated in Euro, data Working day and seasonally adjusted",EUR,6
BSI.M.U2.Y.V.M10.X.1.U2.2300.Z01.E,M,U2,Y,V,M10,X,1,U2,2300,Z01,E,2008-03,3859561,A,F,,,P1M,,E,,,,,,,,,2,,,"Monetary aggregate M1, Stocks","Euro area (changing composition), Outstanding amounts at the end of the period (stocks), MFIs, central government and post office giro institutions reporting sector - Monetary aggregate M1, All currencies combined - Euro area (changing composition) counterpart, Non-MFIs excluding central government sector, denominated in Euro, data Working day and seasonally adjusted",EUR,6
BSI.M.U2.Y.V.M10.X.1.U2.2300.Z01.E,M,U2,Y,V,M10,X,1,U2,2300,Z01,E,2008-04,3840284,A,F,,,P1M,,E,,,,,,,,,2,,,"Monetary aggregate M1, Stocks","Euro area (changing composition), Outstanding amounts at the end of the period (stocks), MFIs, central government and post office giro institutions reporting sector - Monetary aggregate M1, All currencies combined - Euro area (changing composition) counterpart, Non-MFIs excluding central government sector, denominated in Euro, data Working day and seasonally adjusted",EUR,6
BSI.M.U2.Y.V.M10.X.1.U2.2300.Z01.E,M,U2,Y,V,M10,X,1,U2,2300,Z01,E,2008-05,3857591,A,F,,,P1M,,E,,,,,,,,,2,,,"Monetary aggregate M1, Stocks","Euro area (changing composition), Outstanding amounts at the end of the period (stocks), MFIs, central government and post office giro institutions reporting sector - Monetary aggregate M1, All currencies combined - Euro area (changing composition) counterpart, Non-MFIs excluding central government sector, denominated in Euro, data Working day and seasonally adjusted",EUR,6
BSI.M.U2.Y.V.M10.X.1.U2.2300.Z01.E,M,U2,Y,V,M10,X,1,U2,2300,Z01,E,2008-06,3857729,A,F,,,P1M,,E,,,,,,,,,2,,,"Monetary aggregate M1, Stocks","Euro area (changing composition), Outstanding amounts at the end of the period (stocks), MFIs, central government and post office giro institutions reporting sector - Monetary aggregate M1, All currencies combined - Euro area (changing composition) counterpart, Non-MFIs excluding central government sector, denominated in Euro, data Working day and seasonally adjusted",EUR,6
BSI.M.U2.Y.V.M10.X.1.U2.2300.Z01.E,M,U2,Y,V,M10,X,1,U2,2300,Z01,E,2008-07,3828594,A,F,,,P1M,,E,,,,,,,,,2,,,"Monetary aggregate M1, Stocks","Euro area (changing composition), Outstanding amounts at the end of the period (stocks), MFIs, central government and post office giro institutions reporting sector - Monetary aggregate M1, All currencies combined - Euro area (changing composition) counterpart, Non-MFIs excluding central government sector, denominated in Euro, data Working day and seasonally adjusted",EUR,6
BSI.M.U2.Y.V.M10.X.1.U2.2300.Z01.E,M,U2,Y,V,M10,X,1,U2,2300,Z01,E,2008-08,3822371,A,F,,,P1M,,E,,,,,,,,,2,,,"Monetary aggregate M1, Stocks","Euro area (changing composition), Outstanding amounts at the end of the period (stocks), MFIs, central government and post office giro institutions reporting sector - Monetary aggregate M1, All currencies combined - Euro area (changing composition) counterpart, Non-MFIs excluding central government sector, denominated in Euro, data Working day and seasonally adjusted",EUR,6
BSI.M.U2.Y.V.M10.X.1.U2.2300.Z01.E,M,U2,Y,V,M10,X,1,U2,2300,Z01,E,2008-09,3884458,A,F,,,P1M,,E,,,,,,,,,2,,,"Monetary aggregate M1, Stocks","Euro area (changing composition), Outstanding amounts at the end of the period (stocks), MFIs, central government and post office giro institutions reporting sector - Monetary aggregate M1, All currencies combined - Euro area (changing composition) counterpart, Non-MFIs excluding central government sector, denominated in Euro, data Working day and seasonally adjusted",EUR,6
BSI.M.U2.Y.V.M10.X.1.U2.2300.Z01.E,M,U2,Y,V,M10,X,1,U2,2300,Z01,E,2008-10,3977681,A,F,,,P1M,,E,,,,,,,,,2,,,"Monetary aggregate M1, Stocks","Euro area (changing composition), Outstanding amounts at the end of the period (stocks), MFIs, central government and post office giro institutions reporting sector - Monetary aggregate M1, All currencies combined - Euro area (changing composition) counterpart, Non-MFIs excluding central government sector, denominated in Euro, data Working day and seasonally adjusted",EUR,6
BSI.M.U2.Y.V.M10.X.1.U2.2300.Z01.E,M,U2,Y,V,M10,X,1,U2,2300,Z01,E,2008-11,3967905,A,F,,,P1M,,E,,,,,,,,,2,,,"Monetary aggregate M1, Stocks","Euro area (changing composition), Outstanding amounts at the end of the period (stocks), MFIs, central government and post office giro institutions reporting sector - Monetary aggregate M1, All currencies combined - Euro area (changing composition) counterpart, Non-MFIs excluding central government sector, denominated in Euro, data Working day and seasonally adjusted",EUR,6
BSI.M.U2.Y.V.M10.X.1.U2.2300.Z01.E,M,U2,Y,V,M10,X,1,U2,2300,Z01,E,2008-12,3992578,A,F,,,P1M,,E,,,,,,,,,2,,,"Monetary aggregate M1, Stocks","Euro area (changing composition), Outstanding amounts at the end of the period (stocks), MFIs, central government and post office giro institutions reporting sector - Monetary aggregate M1, All currencies combined - Euro area (changing composition) counterpart, Non-MFIs excluding central government sector, denominated in Euro, data Working day and seasonally adjusted",EUR,6
BSI.M.U2.Y.V.M10.X.1.U2.2300.Z01.E,M,U2,Y,V,M10,X,1,U2,2300,Z01,E,2009-01,4091136,A,F,,,P1M,,E,,,,,,,,,2,,,"Monetary aggregate M1, Stocks","Euro area (changing composition), Outstanding amounts at the end of the period (stocks), MFIs, central government and post office giro institutions reporting sector - Monetary aggregate M1, All currencies combined - Euro area (changing composition) counterpart, Non-MFIs excluding central government sector, denominated in Euro, data Working day and seasonally adjusted",EUR,6
BSI.M.U2.Y.V.M10.X.1.U2.2300.Z01.E,M,U2,Y,V,M10,X,1,U2,2300,Z01,E,2009-02,4132097,A,F,,,P1M,,E,,,,,,,,,2,,,"Monetary aggregate M1, Stocks","Euro area (changing composition), Outstanding amounts at the end of the period (stocks), MFIs, central government and post office giro institutions reporting sector - Monetary aggregate M1, All currencies combined - Euro area (changing composition) counterpart, Non-MFIs excluding central government sector, denominated in Euro, data Working day and seasonally adjusted",EUR,6
BSI.M.U2.Y.V.M10.X.1.U2.2300.Z01.E,M,U2,Y,V,M10,X,1,U2,2300,Z01,E,2009-03,4147215,A,F,,,P1M,,E,,,,,,,,,2,,,"Monetary aggregate M1, Stocks","Euro area (changing composition), Outstanding amounts at the end of the period (stocks), MFIs, central government and post office giro institutions reporting sector - Monetary aggregate M1, All currencies combined - Euro area (changing composition) counterpart, Non-MFIs excluding central government sector, denominated in Euro, data Working day and seasonally adjusted",EUR,6
BSI.M.U2.Y.V.M10.X.1.U2.2300.Z01.E,M,U2,Y,V,M10,X,1,U2,2300,Z01,E,2009-04,4190537,A,F,,,P1M,,E,,,,,,,,,2,,,"Monetary aggregate M1, Stocks","Euro area (changing composition), Outstanding amounts at the end of the period (stocks), MFIs, central government and post office giro institutions reporting sector - Monetary aggregate M1, All currencies combined - Euro area (changing composition) counterpart, Non-MFIs excluding central government sector, denominated in Euro, data Working day and seasonally adjusted",EUR,6
BSI.M.U2.Y.V.M10.X.1.U2.2300.Z01.E,M,U2,Y,V,M10,X,1,U2,2300,Z01,E,2009-05,4207878,A,F,,,P1M,,E,,,,,,,,,2,,,"Monetary aggregate M1, Stocks","Euro area (changing composition), Outstanding amounts at the end of the period (stocks), MFIs, central government and post office giro institutions reporting sector - Monetary aggregate M1, All currencies combined - Euro area (changing composition) counterpart, Non-MFIs excluding central government sector, denominated in Euro, data Working day and seasonally adjusted",EUR,6
BSI.M.U2.Y.V.M10.X.1.U2.2300.Z01.E,M,U2,Y,V,M10,X,1,U2,2300,Z01,E,2009-06,4258226,A,F,,,P1M,,E,,,,,,,,,2,,,"Monetary aggregate M1, Stocks","Euro area (changing composition), Outstanding amounts at the end of the period (stocks), MFIs, central government and post office giro institutions reporting sector - Monetary aggregate M1, All currencies combined - Euro area (changing composition) counterpart, Non-MFIs excluding central government sector, denominated in Euro, data Working day and seasonally adjusted",EUR,6
BSI.M.U2.Y.V.M10.X.1.U2.2300.Z01.E,M,U2,Y,V,M10,X,1,U2,2300,Z01,E,2009-07,4314634,A,F,,,P1M,,E,,,,,,,,,2,,,"Monetary aggregate M1, Stocks","Euro area (changing composition), Outstanding amounts at the end of the period (stocks), MFIs, central government and post office giro institutions reporting sector - Monetary aggregate M1, All currencies combined - Euro area (changing composition) counterpart, Non-MFIs excluding central government sector, denominated in Euro, data Working day and seasonally adjusted",EUR,6
BSI.M.U2.Y.V.M10.X.1.U2.2300.Z01.E,M,U2,Y,V,M10,X,1,U2,2300,Z01,E,2009-08,4346194,A,F,,,P1M,,E,,,,,,,,,2,,,"Monetary aggregate M1, Stocks","Euro area (changing composition), Outstanding amounts at the end of the period (stocks), MFIs, central government and post office giro institutions reporting sector - Monetary aggregate M1, All currencies combined - Euro area (changing composition) counterpart, Non-MFIs excluding central government sector, denominated in Euro, data Working day and seasonally adjusted",EUR,6
BSI.M.U2.Y.V.M10.X.1.U2.2300.Z01.E,M,U2,Y,V,M10,X,1,U2,2300,Z01,E,2009-09,4400713,A,F,,,P1M,,E,,,,,,,,,2,,,"Monetary aggregate M1, Stocks","Euro area (changing composition), Outstanding amounts at the end of the period (stocks), MFIs, central government and post office giro institutions reporting sector - Monetary aggregate M1, All currencies combined - Euro area (changing composition) counterpart, Non-MFIs excluding central government sector, denominated in Euro, data Working day and seasonally adjusted",EUR,6
BSI.M.U2.Y.V.M10.X.1.U2.2300.Z01.E,M,U2,Y,V,M10,X,1,U2,2300,Z01,E,2009-10,4448680,A,F,,,P1M,,E,,,,,,,,,2,,,"Monetary aggregate M1, Stocks","Euro area (changing composition), Outstanding amounts at the end of the period (stocks), MFIs, central government and post office giro institutions reporting sector - Monetary aggregate M1, All currencies combined - Euro area (changing composition) counterpart, Non-MFIs excluding central government sector, denominated in Euro, data Working day and seasonally adjusted",EUR,6
BSI.M.U2.Y.V.M10.X.1.U2.2300.Z01.E,M,U2,Y,V,M10,X,1,U2,2300,Z01,E,2009-11,4467737,A,F,,,P1M,,E,,,,,,,,,2,,,"Monetary aggregate M1, Stocks","Euro area (changing composition), Outstanding amounts at the end of the period (stocks), MFIs, central government and post office giro institutions reporting sector - Monetary aggregate M1, All currencies combined - Euro area (changing composition) counterpart, Non-MFIs excluding central government sector, denominated in Euro, data Working day and seasonally adjusted",EUR,6
BSI.M.U2.Y.V.M10.X.1.U2.2300.Z01.E,M,U2,Y,V,M10,X,1,U2,2300,Z01,E,2009-12,4499550,A,F,,,P1M,,E,,,,,,,,,2,,,"Monetary aggregate M1, Stocks","Euro area (changing composition), Outstanding amounts at the end of the period (stocks), MFIs, central government and post office giro institutions reporting sector - Monetary aggregate M1, All currencies combined - Euro area (changing composition) counterpart, Non-MFIs excluding central government sector, denominated in Euro, data Working day and seasonally adjusted",EUR,6
BSI.M.U2.Y.V.M10.X.1.U2.2300.Z01.E,M,U2,Y,V,M10,X,1,U2,2300,Z01,E,2010-01,4545385,A,F,,,P1M,,E,,,,,,,,,2,,,"Monetary aggregate M1, Stocks","Euro area (changing composition), Outstanding amounts at the end of the period (stocks), MFIs, central government and post office giro institutions reporting sector - Monetary aggregate M1, All currencies combined - Euro area (changing composition) counterpart, Non-MFIs excluding central government sector, denominated in Euro, data Working day and seasonally adjusted",EUR,6
BSI.M.U2.Y.V.M10.X.1.U2.2300.Z01.E,M,U2,Y,V,M10,X,1,U2,2300,Z01,E,2010-02,4568331,A,F,,,P1M,,E,,,,,,,,,2,,,"Monetary aggregate M1, Stocks","Euro area (changing composition), Outstanding amounts at the end of the period (stocks), MFIs, central government and post office giro institutions reporting sector - Monetary aggregate M1, All currencies combined - Euro area (changing composition) counterpart, Non-MFIs excluding central government sector, denominated in Euro, data Working day and seasonally adjusted",EUR,6
BSI.M.U2.Y.V.M10.X.1.U2.2300.Z01.E,M,U2,Y,V,M10,X,1,U2,2300,Z01,E,2010-03,4580958,A,F,,,P1M,,E,,,,,,,,,2,,,"Monetary aggregate M1, Stocks","Euro area (changing composition), Outstanding amounts at the end of the period (stocks), MFIs, central government and post office giro institutions reporting sector - Monetary aggregate M1, All currencies combined - Euro area (changing composition) counterpart, Non-MFIs excluding central government sector, denominated in Euro, data Working day and seasonally adjusted",EUR,6
BSI.M.U2.Y.V.M10.X.1.U2.2300.Z01.E,M,U2,Y,V,M10,X,1,U2,2300,Z01,E,2010-04,4632696,A,F,,,P1M,,E,,,,,,,,,2,,,"Monetary aggregate M1, Stocks","Euro area (changing composition), Outstanding amounts at the end of the period (stocks), MFIs, central government and post office giro institutions reporting sector - Monetary aggregate M1, All currencies combined - Euro area (changing composition) counterpart, Non-MFIs excluding central government sector, denominated in Euro, data Working day and seasonally adjusted",EUR,6
BSI.M.U2.Y.V.M10.X.1.U2.2300.Z01.E,M,U2,Y,V,M10,X,1,U2,2300,Z01,E,2010-05,4649309,A,F,,,P1M,,E,,,,,,,,,2,,,"Monetary aggregate M1, Stocks","Euro area (changing composition), Outstanding amounts at the end of the period (stocks), MFIs, central government and post office giro institutions reporting sector - Monetary aggregate M1, All currencies combined - Euro area (changing composition) counterpart, Non-MFIs excluding central government sector, denominated in Euro, data Working day and seasonally adjusted",EUR,6
BSI.M.U2.Y.V.M10.X.1.U2.2300.Z01.E,M,U2,Y,V,M10,X,1,U2,2300,Z01,E,2010-06,4674690,A,F,,,P1M,,E,,,,,,,,,2,,,"Monetary aggregate M1, Stocks","Euro area (changing composition), Outstanding amounts at the end of the period (stocks), MFIs, central government and post office giro institutions reporting sector - Monetary aggregate M1, All currencies combined - Euro area (changing composition) counterpart, Non-MFIs excluding central government sector, denominated in Euro, data Working day and seasonally adjusted",EUR,6
BSI.M.U2.Y.V.M10.X.1.U2.2300.Z01.E,M,U2,Y,V,M10,X,1,U2,2300,Z01,E,2010-07,4680518,A,F,,,P1M,,E,,,,,,,,,2,,,"Monetary aggregate M1, Stocks","Euro area (changing composition), Outstanding amounts at the end of the period (stocks), MFIs, central government and post office giro institutions reporting sector - Monetary aggregate M1, All currencies combined - Euro area (changing composition) counterpart, Non-MFIs excluding central government sector, denominated in Euro, data Working day and seasonally adjusted",EUR,6
BSI.M.U2.Y.V.M10.X.1.U2.2300.Z01.E,M,U2,Y,V,M10,X,1,U2,2300,Z01,E,2010-08,4693166,A,F,,,P1M,,E,,,,,,,,,2,,,"Monetary aggregate M1, Stocks","Euro area (changing composition), Outstanding amounts at the end of the period (stocks), MFIs, central government and post office giro institutions reporting sector - Monetary aggregate M1, All currencies combined - Euro area (changing composition) counterpart, Non-MFIs excluding central government sector, denominated in Euro, data Working day and seasonally adjusted",EUR,6
BSI.M.U2.Y.V.M10.X.1.U2.2300.Z01.E,M,U2,Y,V,M10,X,1,U2,2300,Z01,E,2010-09,4676240,A,F,,,P1M,,E,,,,,,,,,2,,,"Monetary aggregate M1, Stocks","Euro area (changing composition), Outstanding amounts at the end of the period (stocks), MFIs, central government and post office giro institutions reporting sector - Monetary aggregate M1, All currencies combined - Euro area (changing composition) counterpart, Non-MFIs excluding central government sector, denominated in Euro, data Working day and seasonally adjusted",EUR,6
BSI.M.U2.Y.V.M10.X.1.U2.2300.Z01.E,M,U2,Y,V,M10,X,1,U2,2300,Z01,E,2010-10,4678750,A,F,,,P1M,,E,,,,,,,,,2,,,"Monetary aggregate M1, Stocks","Euro area (changing composition), Outstanding amounts at the end of the period (stocks), MFIs, central government and post office giro institutions reporting sector - Monetary aggregate M1, All currencies combined - Euro area (changing composition) counterpart, Non-MFIs excluding central government sector, denominated in Euro, data Working day and seasonally adjusted",EUR,6
BSI.M.U2.Y.V.M10.X.1.U2.2300.Z01.E,M,U2,Y,V,M10,X,1,U2,2300,Z01,E,2010-11,4687979,A,F,,,P1M,,E,,,,,,,,,2,,,"Monetary aggregate M1, Stocks","Euro area (changing composition), Outstanding amounts at the end of the period (stocks), MFIs, central government and post office giro institutions reporting sector - Monetary aggregate M1, All currencies combined - Euro area (changing composition) counterpart, Non-MFIs excluding central government sector, denominated in Euro, data Working day and seasonally adjusted",EUR,6
BSI.M.U2.Y.V.M10.X.1.U2.2300.Z01.E,M,U2,Y,V,M10,X,1,U2,2300,Z01,E,2010-12,4710694,A,F,,,P1M,,E,,,,,,,,,2,,,"Monetary aggregate M1, Stocks","Euro area (changing composition), Outstanding amounts at the end of the period (stocks), MFIs, central government and post office giro institutions reporting sector - Monetary aggregate M1, All currencies combined - Euro area (changing composition) counterpart, Non-MFIs excluding central government sector, denominated in Euro, data Working day and seasonally adjusted",EUR,6
BSI.M.U2.Y.V.M10.X.1.U2.2300.Z01.E,M,U2,Y,V,M10,X,1,U2,2300,Z01,E,2011-01,4715716,A,F,,,P1M,,E,,,,,,,,,2,,,"Monetary aggregate M1, Stocks","Euro area (changing composition), Outstanding amounts at the end of the period (stocks), MFIs, central government and post office giro institutions reporting sector - Monetary aggregate M1, All currencies combined - Euro area (changing composition) counterpart, Non-MFIs excluding central government sector, denominated in Euro, data Working day and seasonally adjusted",EUR,6
BSI.M.U2.Y.V.M10.X.1.U2.2300.Z01.E,M,U2,Y,V,M10,X,1,U2,2300,Z01,E,2011-02,4718429,A,F,,,P1M,,E,,,,,,,,,2,,,"Monetary aggregate M1, Stocks","Euro area (changing composition), Outstanding amounts at the end of the period (stocks), MFIs, central government and post office giro institutions reporting sector - Monetary aggregate M1, All currencies combined - Euro area (changing composition) counterpart, Non-MFIs excluding central government sector, denominated in Euro, data Working day and seasonally adjusted",EUR,6
BSI.M.U2.Y.V.M10.X.1.U2.2300.Z01.E,M,U2,Y,V,M10,X,1,U2,2300,Z01,E,2011-03,4727336,A,F,,,P1M,,E,,,,,,,,,2,,,"Monetary aggregate M1, Stocks","Euro area (changing composition), Outstanding amounts at the end of the period (stocks), MFIs, central government and post office giro institutions reporting sector - Monetary aggregate M1, All currencies combined - Euro area (changing composition) counterpart, Non-MFIs excluding central government sector, denominated in Euro, data Working day and seasonally adjusted",EUR,6
BSI.M.U2.Y.V.M10.X.1.U2.2300.Z01.E,M,U2,Y,V,M10,X,1,U2,2300,Z01,E,2011-04,4712016,A,F,,,P1M,,E,,,,,,,,,2,,,"Monetary aggregate M1, Stocks","Euro area (changing composition), Outstanding amounts at the end of the period (stocks), MFIs, central government and post office giro institutions reporting sector - Monetary aggregate M1, All currencies combined - Euro area (changing composition) counterpart, Non-MFIs excluding central government sector, denominated in Euro, data Working day and seasonally adjusted",EUR,6
BSI.M.U2.Y.V.M10.X.1.U2.2300.Z01.E,M,U2,Y,V,M10,X,1,U2,2300,Z01,E,2011-05,4710610,A,F,,,P1M,,E,,,,,,,,,2,,,"Monetary aggregate M1, Stocks","Euro area (changing composition), Outstanding amounts at the end of the period (stocks), MFIs, central government and post office giro institutions reporting sector - Monetary aggregate M1, All currencies combined - Euro area (changing composition) counterpart, Non-MFIs excluding central government sector, denominated in Euro, data Working day and seasonally adjusted",EUR,6
BSI.M.U2.Y.V.M10.X.1.U2.2300.Z01.E,M,U2,Y,V,M10,X,1,U2,2300,Z01,E,2011-06,4728150,A,F,,,P1M,,E,,,,,,,,,2,,,"Monetary aggregate M1, Stocks","Euro area (changing composition), Outstanding amounts at the end of the period (stocks), MFIs, central government and post office giro institutions reporting sector - Monetary aggregate M1, All currencies combined - Euro area (changing composition) counterpart, Non-MFIs excluding central government sector, denominated in Euro, data Working day and seasonally adjusted",EUR,6
BSI.M.U2.Y.V.M10.X.1.U2.2300.Z01.E,M,U2,Y,V,M10,X,1,U2,2300,Z01,E,2011-07,4730745,A,F,,,P1M,,E,,,,,,,,,2,,,"Monetary aggregate M1, Stocks","Euro area (changing composition), Outstanding amounts at the end of the period (stocks), MFIs, central government and post office giro institutions reporting sector - Monetary aggregate M1, All currencies combined - Euro area (changing composition) counterpart, Non-MFIs excluding central government sector, denominated in Euro, data Working day and seasonally adjusted",EUR,6
BSI.M.U2.Y.V.M10.X.1.U2.2300.Z01.E,M,U2,Y,V,M10,X,1,U2,2300,Z01,E,2011-08,4764855,A,F,,,P1M,,E,,,,,,,,,2,,,"Monetary aggregate M1, Stocks","Euro area (changing composition), Outstanding amounts at the end of the period (stocks), MFIs, central government and post office giro institutions reporting sector - Monetary aggregate M1, All currencies combined - Euro area (changing composition) counterpart, Non-MFIs excluding central government sector, denominated in Euro, data Working day and seasonally adjusted",EUR,6
BSI.M.U2.Y.V.M10.X.1.U2.2300.Z01.E,M,U2,Y,V,M10,X,1,U2,2300,Z01,E,2011-09,4774497,A,F,,,P1M,,E,,,,,,,,,2,,,"Monetary aggregate M1, Stocks","Euro area (changing composition), Outstanding amounts at the end of the period (stocks), MFIs, central government and post office giro institutions reporting sector - Monetary aggregate M1, All currencies combined - Euro area (changing composition) counterpart, Non-MFIs excluding central government sector, denominated in Euro, data Working day and seasonally adjusted",EUR,6
BSI.M.U2.Y.V.M10.X.1.U2.2300.Z01.E,M,U2,Y,V,M10,X,1,U2,2300,Z01,E,2011-10,4779936,A,F,,,P1M,,E,,,,,,,,,2,,,"Monetary aggregate M1, Stocks","Euro area (changing composition), Outstanding amounts at the end of the period (stocks), MFIs, central government and post office giro institutions reporting sector - Monetary aggregate M1, All currencies combined - Euro area (changing composition) counterpart, Non-MFIs excluding central government sector, denominated in Euro, data Working day and seasonally adjusted",EUR,6
BSI.M.U2.Y.V.M10.X.1.U2.2300.Z01.E,M,U2,Y,V,M10,X,1,U2,2300,Z01,E,2011-11,4790210,A,F,,,P1M,,E,,,,,,,,,2,,,"Monetary aggregate M1, Stocks","Euro area (changing composition), Outstanding amounts at the end of the period (stocks), MFIs, central government and post office giro institutions reporting sector - Monetary aggregate M1, All currencies combined - Euro area (changing composition) counterpart, Non-MFIs excluding central government sector, denominated in Euro, data Working day and seasonally adjusted",EUR,6
BSI.M.U2.Y.V.M10.X.1.U2.2300.Z01.E,M,U2,Y,V,M10,X,1,U2,2300,Z01,E,2011-12,4803786,A,F,,,P1M,,E,,,,,,,,,2,,,"Monetary aggregate M1, Stocks","Euro area (changing composition), Outstanding amounts at the end of the period (stocks), MFIs, central government and post office giro institutions reporting sector - Monetary aggregate M1, All currencies combined - Euro area (changing composition) counterpart, Non-MFIs excluding central government sector, denominated in Euro, data Working day and seasonally adjusted",EUR,6
BSI.M.U2.Y.V.M10.X.1.U2.2300.Z01.E,M,U2,Y,V,M10,X,1,U2,2300,Z01,E,2012-01,4821347,A,F,,,P1M,,E,,,,,,,,,2,,,"Monetary aggregate M1, Stocks","Euro area (changing composition), Outstanding amounts at the end of the period (stocks), MFIs, central government and post office giro institutions reporting sector - Monetary aggregate M1, All currencies combined - Euro area (changing composition) counterpart, Non-MFIs excluding central government sector, denominated in Euro, data Working day and seasonally adjusted",EUR,6
BSI.M.U2.Y.V.M10.X.1.U2.2300.Z01.E,M,U2,Y,V,M10,X,1,U2,2300,Z01,E,2012-02,4824871,A,F,,,P1M,,E,,,,,,,,,2,,,"Monetary aggregate M1, Stocks","Euro area (changing composition), Outstanding amounts at the end of the period (stocks), MFIs, central government and post office giro institutions reporting sector - Monetary aggregate M1, All currencies combined - Euro area (changing composition) counterpart, Non-MFIs excluding central government sector, denominated in Euro, data Working day and seasonally adjusted",EUR,6
BSI.M.U2.Y.V.M10.X.1.U2.2300.Z01.E,M,U2,Y,V,M10,X,1,U2,2300,Z01,E,2012-03,4856040,A,F,,,P1M,,E,,,,,,,,,2,,,"Monetary aggregate M1, Stocks","Euro area (changing composition), Outstanding amounts at the end of the period (stocks), MFIs, central government and post office giro institutions reporting sector - Monetary aggregate M1, All currencies combined - Euro area (changing composition) counterpart, Non-MFIs excluding central government sector, denominated in Euro, data Working day and seasonally adjusted",EUR,6
BSI.M.U2.Y.V.M10.X.1.U2.2300.Z01.E,M,U2,Y,V,M10,X,1,U2,2300,Z01,E,2012-04,4831364,A,F,,,P1M,,E,,,,,,,,,2,,,"Monetary aggregate M1, Stocks","Euro area (changing composition), Outstanding amounts at the end of the period (stocks), MFIs, central government and post office giro institutions reporting sector - Monetary aggregate M1, All currencies combined - Euro area (changing composition) counterpart, Non-MFIs excluding central government sector, denominated in Euro, data Working day and seasonally adjusted",EUR,6
BSI.M.U2.Y.V.M10.X.1.U2.2300.Z01.E,M,U2,Y,V,M10,X,1,U2,2300,Z01,E,2012-05,4881060,A,F,,,P1M,,E,,,,,,,,,2,,,"Monetary aggregate M1, Stocks","Euro area (changing composition), Outstanding amounts at the end of the period (stocks), MFIs, central government and post office giro institutions reporting sector - Monetary aggregate M1, All currencies combined - Euro area (changing composition) counterpart, Non-MFIs excluding central government sector, denominated in Euro, data Working day and seasonally adjusted",EUR,6
BSI.M.U2.Y.V.M10.X.1.U2.2300.Z01.E,M,U2,Y,V,M10,X,1,U2,2300,Z01,E,2012-06,4909295,A,F,,,P1M,,E,,,,,,,,,2,,,"Monetary aggregate M1, Stocks","Euro area (changing composition), Outstanding amounts at the end of the period (stocks), MFIs, central government and post office giro institutions reporting sector - Monetary aggregate M1, All currencies combined - Euro area (changing composition) counterpart, Non-MFIs excluding central government sector, denominated in Euro, data Working day and seasonally adjusted",EUR,6
BSI.M.U2.Y.V.M10.X.1.U2.2300.Z01.E,M,U2,Y,V,M10,X,1,U2,2300,Z01,E,2012-07,4971911,A,F,,,P1M,,E,,,,,,,,,2,,,"Monetary aggregate M1, Stocks","Euro area (changing composition), Outstanding amounts at the end of the period (stocks), MFIs, central government and post office giro institutions reporting sector - Monetary aggregate M1, All currencies combined - Euro area (changing composition) counterpart, Non-MFIs excluding central government sector, denominated in Euro, data Working day and seasonally adjusted",EUR,6
BSI.M.U2.Y.V.M10.X.1.U2.2300.Z01.E,M,U2,Y,V,M10,X,1,U2,2300,Z01,E,2012-08,5004569,A,F,,,P1M,,E,,,,,,,,,2,,,"Monetary aggregate M1, Stocks","Euro area (changing composition), Outstanding amounts at the end of the period (stocks), MFIs, central government and post office giro institutions reporting sector - Monetary aggregate M1, All currencies combined - Euro area (changing composition) counterpart, Non-MFIs excluding central government sector, denominated in Euro, data Working day and seasonally adjusted",EUR,6
BSI.M.U2.Y.V.M10.X.1.U2.2300.Z01.E,M,U2,Y,V,M10,X,1,U2,2300,Z01,E,2012-09,5025079,A,F,,,P1M,,E,,,,,,,,,2,,,"Monetary aggregate M1, Stocks","Euro area (changing composition), Outstanding amounts at the end of the period (stocks), MFIs, central government and post office giro institutions reporting sector - Monetary aggregate M1, All currencies combined - Euro area (changing composition) counterpart, Non-MFIs excluding central government sector, denominated in Euro, data Working day and seasonally adjusted",EUR,6
BSI.M.U2.Y.V.M10.X.1.U2.2300.Z01.E,M,U2,Y,V,M10,X,1,U2,2300,Z01,E,2012-10,5072266,A,F,,,P1M,,E,,,,,,,,,2,,,"Monetary aggregate M1, Stocks","Euro area (changing composition), Outstanding amounts at the end of the period (stocks), MFIs, central government and post office giro institutions reporting sector - Monetary aggregate M1, All currencies combined - Euro area (changing composition) counterpart, Non-MFIs excluding central government sector, denominated in Euro, data Working day and seasonally adjusted",EUR,6
BSI.M.U2.Y.V.M10.X.1.U2.2300.Z01.E,M,U2,Y,V,M10,X,1,U2,2300,Z01,E,2012-11,5096612,A,F,,,P1M,,E,,,,,,,,,2,,,"Monetary aggregate M1, Stocks","Euro area (changing composition), Outstanding amounts at the end of the period (stocks), MFIs, central government and post office giro institutions reporting sector - Monetary aggregate M1, All currencies combined - Euro area (changing composition) counterpart, Non-MFIs excluding central government sector, denominated in Euro, data Working day and seasonally adjusted",EUR,6
BSI.M.U2.Y.V.M10.X.1.U2.2300.Z01.E,M,U2,Y,V,M10,X,1,U2,2300,Z01,E,2012-12,5102595,A,F,,,P1M,,E,,,,,,,,,2,,,"Monetary aggregate M1, Stocks","Euro area (changing composition), Outstanding amounts at the end of the period (stocks), MFIs, central government and post office giro institutions reporting sector - Monetary aggregate M1, All currencies combined - Euro area (changing composition) counterpart, Non-MFIs excluding central government sector, denominated in Euro, data Working day and seasonally adjusted",EUR,6
BSI.M.U2.Y.V.M10.X.1.U2.2300.Z01.E,M,U2,Y,V,M10,X,1,U2,2300,Z01,E,2013-01,5105555,A,F,,,P1M,,E,,,,,,,,,2,,,"Monetary aggregate M1, Stocks","Euro area (changing composition), Outstanding amounts at the end of the period (stocks), MFIs, central government and post office giro institutions reporting sector - Monetary aggregate M1, All currencies combined - Euro area (changing composition) counterpart, Non-MFIs excluding central government sector, denominated in Euro, data Working day and seasonally adjusted",EUR,6
BSI.M.U2.Y.V.M10.X.1.U2.2300.Z01.E,M,U2,Y,V,M10,X,1,U2,2300,Z01,E,2013-02,5144982,A,F,,,P1M,,E,,,,,,,,,2,,,"Monetary aggregate M1, Stocks","Euro area (changing composition), Outstanding amounts at the end of the period (stocks), MFIs, central government and post office giro institutions reporting sector - Monetary aggregate M1, All currencies combined - Euro area (changing composition) counterpart, Non-MFIs excluding central government sector, denominated in Euro, data Working day and seasonally adjusted",EUR,6
BSI.M.U2.Y.V.M10.X.1.U2.2300.Z01.E,M,U2,Y,V,M10,X,1,U2,2300,Z01,E,2013-03,5173010,A,F,,,P1M,,E,,,,,,,,,2,,,"Monetary aggregate M1, Stocks","Euro area (changing composition), Outstanding amounts at the end of the period (stocks), MFIs, central government and post office giro institutions reporting sector - Monetary aggregate M1, All currencies combined - Euro area (changing composition) counterpart, Non-MFIs excluding central government sector, denominated in Euro, data Working day and seasonally adjusted",EUR,6
BSI.M.U2.Y.V.M10.X.1.U2.2300.Z01.E,M,U2,Y,V,M10,X,1,U2,2300,Z01,E,2013-04,5215171,A,F,,,P1M,,E,,,,,,,,,2,,,"Monetary aggregate M1, Stocks","Euro area (changing composition), Outstanding amounts at the end of the period (stocks), MFIs, central government and post office giro institutions reporting sector - Monetary aggregate M1, All currencies combined - Euro area (changing composition) counterpart, Non-MFIs excluding central government sector, denominated in Euro, data Working day and seasonally adjusted",EUR,6
BSI.M.U2.Y.V.M10.X.1.U2.2300.Z01.E,M,U2,Y,V,M10,X,1,U2,2300,Z01,E,2013-05,5241782,A,F,,,P1M,,E,,,,,,,,,2,,,"Monetary aggregate M1, Stocks","Euro area (changing composition), Outstanding amounts at the end of the period (stocks), MFIs, central government and post office giro institutions reporting sector - Monetary aggregate M1, All currencies combined - Euro area (changing composition) counterpart, Non-MFIs excluding central government sector, denominated in Euro, data Working day and seasonally adjusted",EUR,6
BSI.M.U2.Y.V.M10.X.1.U2.2300.Z01.E,M,U2,Y,V,M10,X,1,U2,2300,Z01,E,2013-06,5240787,A,F,,,P1M,,E,,,,,,,,,2,,,"Monetary aggregate M1, Stocks","Euro area (changing composition), Outstanding amounts at the end of the period (stocks), MFIs, central government and post office giro institutions reporting sector - Monetary aggregate M1, All currencies combined - Euro area (changing composition) counterpart, Non-MFIs excluding central government sector, denominated in Euro, data Working day and seasonally adjusted",EUR,6
BSI.M.U2.Y.V.M10.X.1.U2.2300.Z01.E,M,U2,Y,V,M10,X,1,U2,2300,Z01,E,2013-07,5272637,A,F,,,P1M,,E,,,,,,,,,2,,,"Monetary aggregate M1, Stocks","Euro area (changing composition), Outstanding amounts at the end of the period (stocks), MFIs, central government and post office giro institutions reporting sector - Monetary aggregate M1, All currencies combined - Euro area (changing composition) counterpart, Non-MFIs excluding central government sector, denominated in Euro, data Working day and seasonally adjusted",EUR,6
BSI.M.U2.Y.V.M10.X.1.U2.2300.Z01.E,M,U2,Y,V,M10,X,1,U2,2300,Z01,E,2013-08,5314438,A,F,,,P1M,,E,,,,,,,,,2,,,"Monetary aggregate M1, Stocks","Euro area (changing composition), Outstanding amounts at the end of the period (stocks), MFIs, central government and post office giro institutions reporting sector - Monetary aggregate M1, All currencies combined - Euro area (changing composition) counterpart, Non-MFIs excluding central government sector, denominated in Euro, data Working day and seasonally adjusted",EUR,6
BSI.M.U2.Y.V.M10.X.1.U2.2300.Z01.E,M,U2,Y,V,M10,X,1,U2,2300,Z01,E,2013-09,5345103,A,F,,,P1M,,E,,,,,,,,,2,,,"Monetary aggregate M1, Stocks","Euro area (changing composition), Outstanding amounts at the end of the period (stocks), MFIs, central government and post office giro institutions reporting sector - Monetary aggregate M1, All currencies combined - Euro area (changing composition) counterpart, Non-MFIs excluding central government sector, denominated in Euro, data Working day and seasonally adjusted",EUR,6
BSI.M.U2.Y.V.M10.X.1.U2.2300.Z01.E,M,U2,Y,V,M10,X,1,U2,2300,Z01,E,2013-10,5380840,A,F,,,P1M,,E,,,,,,,,,2,,,"Monetary aggregate M1, Stocks","Euro area (changing composition), Outstanding amounts at the end of the period (stocks), MFIs, central government and post office giro institutions reporting sector - Monetary aggregate M1, All currencies combined - Euro area (changing composition) counterpart, Non-MFIs excluding central government sector, denominated in Euro, data Working day and seasonally adjusted",EUR,6
BSI.M.U2.Y.V.M10.X.1.U2.2300.Z01.E,M,U2,Y,V,M10,X,1,U2,2300,Z01,E,2013-11,5402217,A,F,,,P1M,,E,,,,,,,,,2,,,"Monetary aggregate M1, Stocks","Euro area (changing composition), Outstanding amounts at the end of the period (stocks), MFIs, central government and post office giro institutions reporting sector - Monetary aggregate M1, All currencies combined - Euro area (changing composition) counterpart, Non-MFIs excluding central government sector, denominated in Euro, data Working day and seasonally adjusted",EUR,6
BSI.M.U2.Y.V.M10.X.1.U2.2300.Z01.E,M,U2,Y,V,M10,X,1,U2,2300,Z01,E,2013-12,5386119,A,F,,,P1M,,E,,,,,,,,,2,,,"Monetary aggregate M1, Stocks","Euro area (changing composition), Outstanding amounts at the end of the period (stocks), MFIs, central government and post office giro institutions reporting sector - Monetary aggregate M1, All currencies combined - Euro area (changing composition) counterpart, Non-MFIs excluding central government sector, denominated in Euro, data Working day and seasonally adjusted",EUR,6
BSI.M.U2.Y.V.M10.X.1.U2.2300.Z01.E,M,U2,Y,V,M10,X,1,U2,2300,Z01,E,2014-01,5416893,A,F,,,P1M,,E,,,,,,,,,2,,,"Monetary aggregate M1, Stocks","Euro area (changing composition), Outstanding amounts at the end of the period (stocks), MFIs, central government and post office giro institutions reporting sector - Monetary aggregate M1, All currencies combined - Euro area (changing composition) counterpart, Non-MFIs excluding central government sector, denominated in Euro, data Working day and seasonally adjusted",EUR,6
BSI.M.U2.Y.V.M10.X.1.U2.2300.Z01.E,M,U2,Y,V,M10,X,1,U2,2300,Z01,E,2014-02,5451336,A,F,,,P1M,,E,,,,,,,,,2,,,"Monetary aggregate M1, Stocks","Euro area (changing composition), Outstanding amounts at the end of the period (stocks), MFIs, central government and post office giro institutions reporting sector - Monetary aggregate M1, All currencies combined - Euro area (changing composition) counterpart, Non-MFIs excluding central government sector, denominated in Euro, data Working day and seasonally adjusted",EUR,6
BSI.M.U2.Y.V.M10.X.1.U2.2300.Z01.E,M,U2,Y,V,M10,X,1,U2,2300,Z01,E,2014-03,5475017,A,F,,,P1M,,E,,,,,,,,,2,,,"Monetary aggregate M1, Stocks","Euro area (changing composition), Outstanding amounts at the end of the period (stocks), MFIs, central government and post office giro institutions reporting sector - Monetary aggregate M1, All currencies combined - Euro area (changing composition) counterpart, Non-MFIs excluding central government sector, denominated in Euro, data Working day and seasonally adjusted",EUR,6
BSI.M.U2.Y.V.M10.X.1.U2.2300.Z01.E,M,U2,Y,V,M10,X,1,U2,2300,Z01,E,2014-04,5479764,A,F,,,P1M,,E,,,,,,,,,2,,,"Monetary aggregate M1, Stocks","Euro area (changing composition), Outstanding amounts at the end of the period (stocks), MFIs, central government and post office giro institutions reporting sector - Monetary aggregate M1, All currencies combined - Euro area (changing composition) counterpart, Non-MFIs excluding central government sector, denominated in Euro, data Working day and seasonally adjusted",EUR,6
BSI.M.U2.Y.V.M10.X.1.U2.2300.Z01.E,M,U2,Y,V,M10,X,1,U2,2300,Z01,E,2014-05,5516258,A,F,,,P1M,,E,,,,,,,,,2,,,"Monetary aggregate M1, Stocks","Euro area (changing composition), Outstanding amounts at the end of the period (stocks), MFIs, central government and post office giro institutions reporting sector - Monetary aggregate M1, All currencies combined - Euro area (changing composition) counterpart, Non-MFIs excluding central government sector, denominated in Euro, data Working day and seasonally adjusted",EUR,6
BSI.M.U2.Y.V.M10.X.1.U2.2300.Z01.E,M,U2,Y,V,M10,X,1,U2,2300,Z01,E,2014-06,5548049,A,F,,,P1M,,E,,,,,,,,,2,,,"Monetary aggregate M1, Stocks","Euro area (changing composition), Outstanding amounts at the end of the period (stocks), MFIs, central government and post office giro institutions reporting sector - Monetary aggregate M1, All currencies combined - Euro area (changing composition) counterpart, Non-MFIs excluding central government sector, denominated in Euro, data Working day and seasonally adjusted",EUR,6
BSI.M.U2.Y.V.M10.X.1.U2.2300.Z01.E,M,U2,Y,V,M10,X,1,U2,2300,Z01,E,2014-07,5580718,A,F,,,P1M,,E,,,,,,,,,2,,,"Monetary aggregate M1, Stocks","Euro area (changing composition), Outstanding amounts at the end of the period (stocks), MFIs, central government and post office giro institutions reporting sector - Monetary aggregate M1, All currencies combined - Euro area (changing composition) counterpart, Non-MFIs excluding central government sector, denominated in Euro, data Working day and seasonally adjusted",EUR,6
BSI.M.U2.Y.V.M10.X.1.U2.2300.Z01.E,M,U2,Y,V,M10,X,1,U2,2300,Z01,E,2014-08,5626751,A,F,,,P1M,,E,,,,,,,,,2,,,"Monetary aggregate M1, Stocks","Euro area (changing composition), Outstanding amounts at the end of the period (stocks), MFIs, central government and post office giro institutions reporting sector - Monetary aggregate M1, All currencies combined - Euro area (changing composition) counterpart, Non-MFIs excluding central government sector, denominated in Euro, data Working day and seasonally adjusted",EUR,6
BSI.M.U2.Y.V.M10.X.1.U2.2300.Z01.E,M,U2,Y,V,M10,X,1,U2,2300,Z01,E,2014-09,5683788,A,F,,,P1M,,E,,,,,,,,,2,,,"Monetary aggregate M1, Stocks","Euro area (changing composition), Outstanding amounts at the end of the period (stocks), MFIs, central government and post office giro institutions reporting sector - Monetary aggregate M1, All currencies combined - Euro area (changing composition) counterpart, Non-MFIs excluding central government sector, denominated in Euro, data Working day and seasonally adjusted",EUR,6
BSI.M.U2.Y.V.M10.X.1.U2.2300.Z01.E,M,U2,Y,V,M10,X,1,U2,2300,Z01,E,2014-10,5723293,A,F,,,P1M,,E,,,,,,,,,2,,,"Monetary aggregate M1, Stocks","Euro area (changing composition), Outstanding amounts at the end of the period (stocks), MFIs, central government and post office giro institutions reporting sector - Monetary aggregate M1, All currencies combined - Euro area (changing composition) counterpart, Non-MFIs excluding central government sector, denominated in Euro, data Working day and seasonally adjusted",EUR,6
BSI.M.U2.Y.V.M10.X.1.U2.2300.Z01.E,M,U2,Y,V,M10,X,1,U2,2300,Z01,E,2014-11,5788176,A,F,,,P1M,,E,,,,,,,,,2,,,"Monetary aggregate M1, Stocks","Euro area (changing composition), Outstanding amounts at the end of the period (stocks), MFIs, central government and post office giro institutions reporting sector - Monetary aggregate M1, All currencies combined - Euro area (changing composition) counterpart, Non-MFIs excluding central government sector, denominated in Euro, data Working day and seasonally adjusted",EUR,6
BSI.M.U2.Y.V.M10.X.1.U2.2300.Z01.E,M,U2,Y,V,M10,X,1,U2,2300,Z01,E,2014-12,5941966,A,F,,,P1M,,E,,,,,,,,,2,,,"Monetary aggregate M1, Stocks","Euro area (changing composition), Outstanding amounts at the end of the period (stocks), MFIs, central government and post office giro institutions reporting sector - Monetary aggregate M1, All currencies combined - Euro area (changing composition) counterpart, Non-MFIs excluding central government sector, denominated in Euro, data Working day and seasonally adjusted",EUR,6
BSI.M.U2.Y.V.M10.X.1.U2.2300.Z01.E,M,U2,Y,V,M10,X,1,U2,2300,Z01,E,2015-01,6037612,A,F,,,P1M,,E,,,,,,,,,2,,,"Monetary aggregate M1, Stocks","Euro area (changing composition), Outstanding amounts at the end of the period (stocks), MFIs, central government and post office giro institutions reporting sector - Monetary aggregate M1, All currencies combined - Euro area (changing composition) counterpart, Non-MFIs excluding central government sector, denominated in Euro, data Working day and seasonally adjusted",EUR,6
BSI.M.U2.Y.V.M10.X.1.U2.2300.Z01.E,M,U2,Y,V,M10,X,1,U2,2300,Z01,E,2015-02,6091007,A,F,,,P1M,,E,,,,,,,,,2,,,"Monetary aggregate M1, Stocks","Euro area (changing composition), Outstanding amounts at the end of the period (stocks), MFIs, central government and post office giro institutions reporting sector - Monetary aggregate M1, All currencies combined - Euro area (changing composition) counterpart, Non-MFIs excluding central government sector, denominated in Euro, data Working day and seasonally adjusted",EUR,6
BSI.M.U2.Y.V.M10.X.1.U2.2300.Z01.E,M,U2,Y,V,M10,X,1,U2,2300,Z01,E,2015-03,6151855,A,F,,,P1M,,E,,,,,,,,,2,,,"Monetary aggregate M1, Stocks","Euro area (changing composition), Outstanding amounts at the end of the period (stocks), MFIs, central government and post office giro institutions reporting sector - Monetary aggregate M1, All currencies combined - Euro area (changing composition) counterpart, Non-MFIs excluding central government sector, denominated in Euro, data Working day and seasonally adjusted",EUR,6
BSI.M.U2.Y.V.M10.X.1.U2.2300.Z01.E,M,U2,Y,V,M10,X,1,U2,2300,Z01,E,2015-04,6206168,A,F,,,P1M,,E,,,,,,,,,2,,,"Monetary aggregate M1, Stocks","Euro area (changing composition), Outstanding amounts at the end of the period (stocks), MFIs, central government and post office giro institutions reporting sector - Monetary aggregate M1, All currencies combined - Euro area (changing composition) counterpart, Non-MFIs excluding central government sector, denominated in Euro, data Working day and seasonally adjusted",EUR,6
BSI.M.U2.Y.V.M10.X.1.U2.2300.Z01.E,M,U2,Y,V,M10,X,1,U2,2300,Z01,E,2015-05,6271825,A,F,,,P1M,,E,,,,,,,,,2,,,"Monetary aggregate M1, Stocks","Euro area (changing composition), Outstanding amounts at the end of the period (stocks), MFIs, central government and post office giro institutions reporting sector - Monetary aggregate M1, All currencies combined - Euro area (changing composition) counterpart, Non-MFIs excluding central government sector, denominated in Euro, data Working day and seasonally adjusted",EUR,6
BSI.M.U2.Y.V.M10.X.1.U2.2300.Z01.E,M,U2,Y,V,M10,X,1,U2,2300,Z01,E,2015-06,6325590,A,F,,,P1M,,E,,,,,,,,,2,,,"Monetary aggregate M1, Stocks","Euro area (changing composition), Outstanding amounts at the end of the period (stocks), MFIs, central government and post office giro institutions reporting sector - Monetary aggregate M1, All currencies combined - Euro area (changing composition) counterpart, Non-MFIs excluding central government sector, denominated in Euro, data Working day and seasonally adjusted",EUR,6
BSI.M.U2.Y.V.M10.X.1.U2.2300.Z01.E,M,U2,Y,V,M10,X,1,U2,2300,Z01,E,2015-07,6392616,A,F,,,P1M,,E,,,,,,,,,2,,,"Monetary aggregate M1, Stocks","Euro area (changing composition), Outstanding amounts at the end of the period (stocks), MFIs, central government and post office giro institutions reporting sector - Monetary aggregate M1, All currencies combined - Euro area (changing composition) counterpart, Non-MFIs excluding central government sector, denominated in Euro, data Working day and seasonally adjusted",EUR,6
BSI.M.U2.Y.V.M10.X.1.U2.2300.Z01.E,M,U2,Y,V,M10,X,1,U2,2300,Z01,E,2015-08,6424845,A,F,,,P1M,,E,,,,,,,,,2,,,"Monetary aggregate M1, Stocks","Euro area (changing composition), Outstanding amounts at the end of the period (stocks), MFIs, central government and post office giro institutions reporting sector - Monetary aggregate M1, All currencies combined - Euro area (changing composition) counterpart, Non-MFIs excluding central government sector, denominated in Euro, data Working day and seasonally adjusted",EUR,6
BSI.M.U2.Y.V.M10.X.1.U2.2300.Z01.E,M,U2,Y,V,M10,X,1,U2,2300,Z01,E,2015-09,6459866,A,F,,,P1M,,E,,,,,,,,,2,,,"Monetary aggregate M1, Stocks","Euro area (changing composition), Outstanding amounts at the end of the period (stocks), MFIs, central government and post office giro institutions reporting sector - Monetary aggregate M1, All currencies combined - Euro area (changing composition) counterpart, Non-MFIs excluding central government sector, denominated in Euro, data Working day and seasonally adjusted",EUR,6
BSI.M.U2.Y.V.M10.X.1.U2.2300.Z01.E,M,U2,Y,V,M10,X,1,U2,2300,Z01,E,2015-10,6527378,A,F,,,P1M,,E,,,,,,,,,2,,,"Monetary aggregate M1, Stocks","Euro area (changing composition), Outstanding amounts at the end of the period (stocks), MFIs, central government and post office giro institutions reporting sector - Monetary aggregate M1, All currencies combined - Euro area (changing composition) counterpart, Non-MFIs excluding central government sector, denominated in Euro, data Working day and seasonally adjusted",EUR,6
BSI.M.U2.Y.V.M10.X.1.U2.2300.Z01.E,M,U2,Y,V,M10,X,1,U2,2300,Z01,E,2015-11,6583484,A,F,,,P1M,,E,,,,,,,,,2,,,"Monetary aggregate M1, Stocks","Euro area (changing composition), Outstanding amounts at the end of the period (stocks), MFIs, central government and post office giro institutions reporting sector - Monetary aggregate M1, All currencies combined - Euro area (changing composition) counterpart, Non-MFIs excluding central government sector, denominated in Euro, data Working day and seasonally adjusted",EUR,6
BSI.M.U2.Y.V.M10.X.1.U2.2300.Z01.E,M,U2,Y,V,M10,X,1,U2,2300,Z01,E,2015-12,6612393,A,F,,,P1M,,E,,,,,,,,,2,,,"Monetary aggregate M1, Stocks","Euro area (changing composition), Outstanding amounts at the end of the period (stocks), MFIs, central government and post office giro institutions reporting sector - Monetary aggregate M1, All currencies combined - Euro area (changing composition) counterpart, Non-MFIs excluding central government sector, denominated in Euro, data Working day and seasonally adjusted",EUR,6
BSI.M.U2.Y.V.M10.X.1.U2.2300.Z01.E,M,U2,Y,V,M10,X,1,U2,2300,Z01,E,2016-01,6670355,A,F,,,P1M,,E,,,,,,,,,2,,,"Monetary aggregate M1, Stocks","Euro area (changing composition), Outstanding amounts at the end of the period (stocks), MFIs, central government and post office giro institutions reporting sector - Monetary aggregate M1, All currencies combined - Euro area (changing composition) counterpart, Non-MFIs excluding central government sector, denominated in Euro, data Working day and seasonally adjusted",EUR,6
BSI.M.U2.Y.V.M10.X.1.U2.2300.Z01.E,M,U2,Y,V,M10,X,1,U2,2300,Z01,E,2016-02,6733011,A,F,,,P1M,,E,,,,,,,,,2,,,"Monetary aggregate M1, Stocks","Euro area (changing composition), Outstanding amounts at the end of the period (stocks), MFIs, central government and post office giro institutions reporting sector - Monetary aggregate M1, All currencies combined - Euro area (changing composition) counterpart, Non-MFIs excluding central government sector, denominated in Euro, data Working day and seasonally adjusted",EUR,6
BSI.M.U2.Y.V.M10.X.1.U2.2300.Z01.E,M,U2,Y,V,M10,X,1,U2,2300,Z01,E,2016-03,6757516,A,F,,,P1M,,E,,,,,,,,,2,,,"Monetary aggregate M1, Stocks","Euro area (changing composition), Outstanding amounts at the end of the period (stocks), MFIs, central government and post office giro institutions reporting sector - Monetary aggregate M1, All currencies combined - Euro area (changing composition) counterpart, Non-MFIs excluding central government sector, denominated in Euro, data Working day and seasonally adjusted",EUR,6
BSI.M.U2.Y.V.M10.X.1.U2.2300.Z01.E,M,U2,Y,V,M10,X,1,U2,2300,Z01,E,2016-04,6804786,A,F,,,P1M,,E,,,,,,,,,2,,,"Monetary aggregate M1, Stocks","Euro area (changing composition), Outstanding amounts at the end of the period (stocks), MFIs, central government and post office giro institutions reporting sector - Monetary aggregate M1, All currencies combined - Euro area (changing composition) counterpart, Non-MFIs excluding central government sector, denominated in Euro, data Working day and seasonally adjusted",EUR,6
BSI.M.U2.Y.V.M10.X.1.U2.2300.Z01.E,M,U2,Y,V,M10,X,1,U2,2300,Z01,E,2016-05,6849266,A,F,,,P1M,,E,,,,,,,,,2,,,"Monetary aggregate M1, Stocks","Euro area (changing composition), Outstanding amounts at the end of the period (stocks), MFIs, central government and post office giro institutions reporting sector - Monetary aggregate M1, All currencies combined - Euro area (changing composition) counterpart, Non-MFIs excluding central government sector, denominated in Euro, data Working day and seasonally adjusted",EUR,6
BSI.M.U2.Y.V.M10.X.1.U2.2300.Z01.E,M,U2,Y,V,M10,X,1,U2,2300,Z01,E,2016-06,6871798,A,F,,,P1M,,E,,,,,,,,,2,,,"Monetary aggregate M1, Stocks","Euro area (changing composition), Outstanding amounts at the end of the period (stocks), MFIs, central government and post office giro institutions reporting sector - Monetary aggregate M1, All currencies combined - Euro area (changing composition) counterpart, Non-MFIs excluding central government sector, denominated in Euro, data Working day and seasonally adjusted",EUR,6
BSI.M.U2.Y.V.M10.X.1.U2.2300.Z01.E,M,U2,Y,V,M10,X,1,U2,2300,Z01,E,2016-07,6928484,A,F,,,P1M,,E,,,,,,,,,2,,,"Monetary aggregate M1, Stocks","Euro area (changing composition), Outstanding amounts at the end of the period (stocks), MFIs, central government and post office giro institutions reporting sector - Monetary aggregate M1, All currencies combined - Euro area (changing composition) counterpart, Non-MFIs excluding central government sector, denominated in Euro, data Working day and seasonally adjusted",EUR,6
BSI.M.U2.Y.V.M10.X.1.U2.2300.Z01.E,M,U2,Y,V,M10,X,1,U2,2300,Z01,E,2016-08,6970524,A,F,,,P1M,,E,,,,,,,,,2,,,"Monetary aggregate M1, Stocks","Euro area (changing composition), Outstanding amounts at the end of the period (stocks), MFIs, central government and post office giro institutions reporting sector - Monetary aggregate M1, All currencies combined - Euro area (changing composition) counterpart, Non-MFIs excluding central government sector, denominated in Euro, data Working day and seasonally adjusted",EUR,6
BSI.M.U2.Y.V.M10.X.1.U2.2300.Z01.E,M,U2,Y,V,M10,X,1,U2,2300,Z01,E,2016-09,7005097,A,F,,,P1M,,E,,,,,,,,,2,,,"Monetary aggregate M1, Stocks","Euro area (changing composition), Outstanding amounts at the end of the period (stocks), MFIs, central government and post office giro institutions reporting sector - Monetary aggregate M1, All currencies combined - Euro area (changing composition) counterpart, Non-MFIs excluding central government sector, denominated in Euro, data Working day and seasonally adjusted",EUR,6
BSI.M.U2.Y.V.M10.X.1.U2.2300.Z01.E,M,U2,Y,V,M10,X,1,U2,2300,Z01,E,2016-10,7059544,A,F,,,P1M,,E,,,,,,,,,2,,,"Monetary aggregate M1, Stocks","Euro area (changing composition), Outstanding amounts at the end of the period (stocks), MFIs, central government and post office giro institutions reporting sector - Monetary aggregate M1, All currencies combined - Euro area (changing composition) counterpart, Non-MFIs excluding central government sector, denominated in Euro, data Working day and seasonally adjusted",EUR,6
BSI.M.U2.Y.V.M10.X.1.U2.2300.Z01.E,M,U2,Y,V,M10,X,1,U2,2300,Z01,E,2016-11,7137436,A,F,,,P1M,,E,,,,,,,,,2,,,"Monetary aggregate M1, Stocks","Euro area (changing composition), Outstanding amounts at the end of the period (stocks), MFIs, central government and post office giro institutions reporting sector - Monetary aggregate M1, All currencies combined - Euro area (changing composition) counterpart, Non-MFIs excluding central government sector, denominated in Euro, data Working day and seasonally adjusted",EUR,6
BSI.M.U2.Y.V.M10.X.1.U2.2300.Z01.E,M,U2,Y,V,M10,X,1,U2,2300,Z01,E,2016-12,7158597,A,F,,,P1M,,E,,,,,,,,,2,,,"Monetary aggregate M1, Stocks","Euro area (changing composition), Outstanding amounts at the end of the period (stocks), MFIs, central government and post office giro institutions reporting sector - Monetary aggregate M1, All currencies combined - Euro area (changing composition) counterpart, Non-MFIs excluding central government sector, denominated in Euro, data Working day and seasonally adjusted",EUR,6
BSI.M.U2.Y.V.M10.X.1.U2.2300.Z01.E,M,U2,Y,V,M10,X,1,U2,2300,Z01,E,2017-01,7208244,A,F,,,P1M,,E,,,,,,,,,2,,,"Monetary aggregate M1, Stocks","Euro area (changing composition), Outstanding amounts at the end of the period (stocks), MFIs, central government and post office giro institutions reporting sector - Monetary aggregate M1, All currencies combined - Euro area (changing composition) counterpart, Non-MFIs excluding central government sector, denominated in Euro, data Working day and seasonally adjusted",EUR,6
BSI.M.U2.Y.V.M10.X.1.U2.2300.Z01.E,M,U2,Y,V,M10,X,1,U2,2300,Z01,E,2017-02,7263871,A,F,,,P1M,,E,,,,,,,,,2,,,"Monetary aggregate M1, Stocks","Euro area (changing composition), Outstanding amounts at the end of the period (stocks), MFIs, central government and post office giro institutions reporting sector - Monetary aggregate M1, All currencies combined - Euro area (changing composition) counterpart, Non-MFIs excluding central government sector, denominated in Euro, data Working day and seasonally adjusted",EUR,6
BSI.M.U2.Y.V.M10.X.1.U2.2300.Z01.E,M,U2,Y,V,M10,X,1,U2,2300,Z01,E,2017-03,7344648,A,F,,,P1M,,E,,,,,,,,,2,,,"Monetary aggregate M1, Stocks","Euro area (changing composition), Outstanding amounts at the end of the period (stocks), MFIs, central government and post office giro institutions reporting sector - Monetary aggregate M1, All currencies combined - Euro area (changing composition) counterpart, Non-MFIs excluding central government sector, denominated in Euro, data Working day and seasonally adjusted",EUR,6
BSI.M.U2.Y.V.M10.X.1.U2.2300.Z01.E,M,U2,Y,V,M10,X,1,U2,2300,Z01,E,2017-04,7394158,A,F,,,P1M,,E,,,,,,,,,2,,,"Monetary aggregate M1, Stocks","Euro area (changing composition), Outstanding amounts at the end of the period (stocks), MFIs, central government and post office giro institutions reporting sector - Monetary aggregate M1, All currencies combined - Euro area (changing composition) counterpart, Non-MFIs excluding central government sector, denominated in Euro, data Working day and seasonally adjusted",EUR,6
BSI.M.U2.Y.V.M10.X.1.U2.2300.Z01.E,M,U2,Y,V,M10,X,1,U2,2300,Z01,E,2017-05,7423638,A,F,,,P1M,,E,,,,,,,,,2,,,"Monetary aggregate M1, Stocks","Euro area (changing composition), Outstanding amounts at the end of the period (stocks), MFIs, central government and post office giro institutions reporting sector - Monetary aggregate M1, All currencies combined - Euro area (changing composition) counterpart, Non-MFIs excluding central government sector, denominated in Euro, data Working day and seasonally adjusted",EUR,6
BSI.M.U2.Y.V.M10.X.1.U2.2300.Z01.E,M,U2,Y,V,M10,X,1,U2,2300,Z01,E,2017-06,7488142,A,F,,,P1M,,E,,,,,,,,,2,,,"Monetary aggregate M1, Stocks","Euro area (changing composition), Outstanding amounts at the end of the period (stocks), MFIs, central government and post office giro institutions reporting sector - Monetary aggregate M1, All currencies combined - Euro area (changing composition) counterpart, Non-MFIs excluding central government sector, denominated in Euro, data Working day and seasonally adjusted",EUR,6
BSI.M.U2.Y.V.M10.X.1.U2.2300.Z01.E,M,U2,Y,V,M10,X,1,U2,2300,Z01,E,2017-07,7522548,A,F,,,P1M,,E,,,,,,,,,2,,,"Monetary aggregate M1, Stocks","Euro area (changing composition), Outstanding amounts at the end of the period (stocks), MFIs, central government and post office giro institutions reporting sector - Monetary aggregate M1, All currencies combined - Euro area (changing composition) counterpart, Non-MFIs excluding central government sector, denominated in Euro, data Working day and seasonally adjusted",EUR,6
BSI.M.U2.Y.V.M10.X.1.U2.2300.Z01.E,M,U2,Y,V,M10,X,1,U2,2300,Z01,E,2017-08,7579897,A,F,,,P1M,,E,,,,,,,,,2,,,"Monetary aggregate M1, Stocks","Euro area (changing composition), Outstanding amounts at the end of the period (stocks), MFIs, central government and post office giro institutions reporting sector - Monetary aggregate M1, All currencies combined - Euro area (changing composition) counterpart, Non-MFIs excluding central government sector, denominated in Euro, data Working day and seasonally adjusted",EUR,6
BSI.M.U2.Y.V.M10.X.1.U2.2300.Z01.E,M,U2,Y,V,M10,X,1,U2,2300,Z01,E,2017-09,7621867,A,F,,,P1M,,E,,,,,,,,,2,,,"Monetary aggregate M1, Stocks","Euro area (changing composition), Outstanding amounts at the end of the period (stocks), MFIs, central government and post office giro institutions reporting sector - Monetary aggregate M1, All currencies combined - Euro area (changing composition) counterpart, Non-MFIs excluding central government sector, denominated in Euro, data Working day and seasonally adjusted",EUR,6
BSI.M.U2.Y.V.M10.X.1.U2.2300.Z01.E,M,U2,Y,V,M10,X,1,U2,2300,Z01,E,2017-10,7666219,A,F,,,P1M,,E,,,,,,,,,2,,,"Monetary aggregate M1, Stocks","Euro area (changing composition), Outstanding amounts at the end of the period (stocks), MFIs, central government and post office giro institutions reporting sector - Monetary aggregate M1, All currencies combined - Euro area (changing composition) counterpart, Non-MFIs excluding central government sector, denominated in Euro, data Working day and seasonally adjusted",EUR,6
BSI.M.U2.Y.V.M10.X.1.U2.2300.Z01.E,M,U2,Y,V,M10,X,1,U2,2300,Z01,E,2017-11,7713565,A,F,,,P1M,,E,,,,,,,,,2,,,"Monetary aggregate M1, Stocks","Euro area (changing composition), Outstanding amounts at the end of the period (stocks), MFIs, central government and post office giro institutions reporting sector - Monetary aggregate M1, All currencies combined - Euro area (changing composition) counterpart, Non-MFIs excluding central government sector, denominated in Euro, data Working day and seasonally adjusted",EUR,6
BSI.M.U2.Y.V.M10.X.1.U2.2300.Z01.E,M,U2,Y,V,M10,X,1,U2,2300,Z01,E,2017-12,7749170,A,F,,,P1M,,E,,,,,,,,,2,,,"Monetary aggregate M1, Stocks","Euro area (changing composition), Outstanding amounts at the end of the period (stocks), MFIs, central government and post office giro institutions reporting sector - Monetary aggregate M1, All currencies combined - Euro area (changing composition) counterpart, Non-MFIs excluding central government sector, denominated in Euro, data Working day and seasonally adjusted",EUR,6
BSI.M.U2.Y.V.M10.X.1.U2.2300.Z01.E,M,U2,Y,V,M10,X,1,U2,2300,Z01,E,2018-01,7815806,A,F,,,P1M,,E,,,,,,,,,2,,,"Monetary aggregate M1, Stocks","Euro area (changing composition), Outstanding amounts at the end of the period (stocks), MFIs, central government and post office giro institutions reporting sector - Monetary aggregate M1, All currencies combined - Euro area (changing composition) counterpart, Non-MFIs excluding central government sector, denominated in Euro, data Working day and seasonally adjusted",EUR,6
BSI.M.U2.Y.V.M10.X.1.U2.2300.Z01.E,M,U2,Y,V,M10,X,1,U2,2300,Z01,E,2018-02,7837444,A,F,,,P1M,,E,,,,,,,,,2,,,"Monetary aggregate M1, Stocks","Euro area (changing composition), Outstanding amounts at the end of the period (stocks), MFIs, central government and post office giro institutions reporting sector - Monetary aggregate M1, All currencies combined - Euro area (changing composition) counterpart, Non-MFIs excluding central government sector, denominated in Euro, data Working day and seasonally adjusted",EUR,6
BSI.M.U2.Y.V.M10.X.1.U2.2300.Z01.E,M,U2,Y,V,M10,X,1,U2,2300,Z01,E,2018-03,7859880,A,F,,,P1M,,E,,,,,,,,,2,,,"Monetary aggregate M1, Stocks","Euro area (changing composition), Outstanding amounts at the end of the period (stocks), MFIs, central government and post office giro institutions reporting sector - Monetary aggregate M1, All currencies combined - Euro area (changing composition) counterpart, Non-MFIs excluding central government sector, denominated in Euro, data Working day and seasonally adjusted",EUR,6
BSI.M.U2.Y.V.M10.X.1.U2.2300.Z01.E,M,U2,Y,V,M10,X,1,U2,2300,Z01,E,2018-04,7917725,A,F,,,P1M,,E,,,,,,,,,2,,,"Monetary aggregate M1, Stocks","Euro area (changing composition), Outstanding amounts at the end of the period (stocks), MFIs, central government and post office giro institutions reporting sector - Monetary aggregate M1, All currencies combined - Euro area (changing composition) counterpart, Non-MFIs excluding central government sector, denominated in Euro, data Working day and seasonally adjusted",EUR,6
BSI.M.U2.Y.V.M10.X.1.U2.2300.Z01.E,M,U2,Y,V,M10,X,1,U2,2300,Z01,E,2018-05,7995385,A,F,,,P1M,,E,,,,,,,,,2,,,"Monetary aggregate M1, Stocks","Euro area (changing composition), Outstanding amounts at the end of the period (stocks), MFIs, central government and post office giro institutions reporting sector - Monetary aggregate M1, All currencies combined - Euro area (changing composition) counterpart, Non-MFIs excluding central government sector, denominated in Euro, data Working day and seasonally adjusted",EUR,6
BSI.M.U2.Y.V.M10.X.1.U2.2300.Z01.E,M,U2,Y,V,M10,X,1,U2,2300,Z01,E,2018-06,8040137,A,F,,,P1M,,E,,,,,,,,,2,,,"Monetary aggregate M1, Stocks","Euro area (changing composition), Outstanding amounts at the end of the period (stocks), MFIs, central government and post office giro institutions reporting sector - Monetary aggregate M1, All currencies combined - Euro area (changing composition) counterpart, Non-MFIs excluding central government sector, denominated in Euro, data Working day and seasonally adjusted",EUR,6
BSI.M.U2.Y.V.M10.X.1.U2.2300.Z01.E,M,U2,Y,V,M10,X,1,U2,2300,Z01,E,2018-07,8059460,A,F,,,P1M,,E,,,,,,,,,2,,,"Monetary aggregate M1, Stocks","Euro area (changing composition), Outstanding amounts at the end of the period (stocks), MFIs, central government and post office giro institutions reporting sector - Monetary aggregate M1, All currencies combined - Euro area (changing composition) counterpart, Non-MFIs excluding central government sector, denominated in Euro, data Working day and seasonally adjusted",EUR,6
BSI.M.U2.Y.V.M10.X.1.U2.2300.Z01.E,M,U2,Y,V,M10,X,1,U2,2300,Z01,E,2018-08,8090034,A,F,,,P1M,,E,,,,,,,,,2,,,"Monetary aggregate M1, Stocks","Euro area (changing composition), Outstanding amounts at the end of the period (stocks), MFIs, central government and post office giro institutions reporting sector - Monetary aggregate M1, All currencies combined - Euro area (changing composition) counterpart, Non-MFIs excluding central government sector, denominated in Euro, data Working day and seasonally adjusted",EUR,6
BSI.M.U2.Y.V.M10.X.1.U2.2300.Z01.E,M,U2,Y,V,M10,X,1,U2,2300,Z01,E,2018-09,8148628,A,F,,,P1M,,E,,,,,,,,,2,,,"Monetary aggregate M1, Stocks","Euro area (changing composition), Outstanding amounts at the end of the period (stocks), MFIs, central government and post office giro institutions reporting sector - Monetary aggregate M1, All currencies combined - Euro area (changing composition) counterpart, Non-MFIs excluding central government sector, denominated in Euro, data Working day and seasonally adjusted",EUR,6
BSI.M.U2.Y.V.M10.X.1.U2.2300.Z01.E,M,U2,Y,V,M10,X,1,U2,2300,Z01,E,2018-10,8197936,A,F,,,P1M,,E,,,,,,,,,2,,,"Monetary aggregate M1, Stocks","Euro area (changing composition), Outstanding amounts at the end of the period (stocks), MFIs, central government and post office giro institutions reporting sector - Monetary aggregate M1, All currencies combined - Euro area (changing composition) counterpart, Non-MFIs excluding central government sector, denominated in Euro, data Working day and seasonally adjusted",EUR,6
BSI.M.U2.Y.V.M10.X.1.U2.2300.Z01.E,M,U2,Y,V,M10,X,1,U2,2300,Z01,E,2018-11,8245877,A,F,,,P1M,,E,,,,,,,,,2,,,"Monetary aggregate M1, Stocks","Euro area (changing composition), Outstanding amounts at the end of the period (stocks), MFIs, central government and post office giro institutions reporting sector - Monetary aggregate M1, All currencies combined - Euro area (changing composition) counterpart, Non-MFIs excluding central government sector, denominated in Euro, data Working day and seasonally adjusted",EUR,6
BSI.M.U2.Y.V.M10.X.1.U2.2300.Z01.E,M,U2,Y,V,M10,X,1,U2,2300,Z01,E,2018-12,8289433,A,F,,,P1M,,E,,,,,,,,,2,,,"Monetary aggregate M1, Stocks","Euro area (changing composition), Outstanding amounts at the end of the period (stocks), MFIs, central government and post office giro institutions reporting sector - Monetary aggregate M1, All currencies combined - Euro area (changing composition) counterpart, Non-MFIs excluding central government sector, denominated in Euro, data Working day and seasonally adjusted",EUR,6
BSI.M.U2.Y.V.M10.X.1.U2.2300.Z01.E,M,U2,Y,V,M10,X,1,U2,2300,Z01,E,2019-01,8323768,A,F,,,P1M,,E,,,,,,,,,2,,,"Monetary aggregate M1, Stocks","Euro area (changing composition), Outstanding amounts at the end of the period (stocks), MFIs, central government and post office giro institutions reporting sector - Monetary aggregate M1, All currencies combined - Euro area (changing composition) counterpart, Non-MFIs excluding central government sector, denominated in Euro, data Working day and seasonally adjusted",EUR,6
BSI.M.U2.Y.V.M10.X.1.U2.2300.Z01.E,M,U2,Y,V,M10,X,1,U2,2300,Z01,E,2019-02,8375839,A,F,,,P1M,,E,,,,,,,,,2,,,"Monetary aggregate M1, Stocks","Euro area (changing composition), Outstanding amounts at the end of the period (stocks), MFIs, central government and post office giro institutions reporting sector - Monetary aggregate M1, All currencies combined - Euro area (changing composition) counterpart, Non-MFIs excluding central government sector, denominated in Euro, data Working day and seasonally adjusted",EUR,6
BSI.M.U2.Y.V.M10.X.1.U2.2300.Z01.E,M,U2,Y,V,M10,X,1,U2,2300,Z01,E,2019-03,8459410,A,F,,,P1M,,E,,,,,,,,,2,,,"Monetary aggregate M1, Stocks","Euro area (changing composition), Outstanding amounts at the end of the period (stocks), MFIs, central government and post office giro institutions reporting sector - Monetary aggregate M1, All currencies combined - Euro area (changing composition) counterpart, Non-MFIs excluding central government sector, denominated in Euro, data Working day and seasonally adjusted",EUR,6
BSI.M.U2.Y.V.M10.X.1.U2.2300.Z01.E,M,U2,Y,V,M10,X,1,U2,2300,Z01,E,2019-04,8514452,A,F,,,P1M,,E,,,,,,,,,2,,,"Monetary aggregate M1, Stocks","Euro area (changing composition), Outstanding amounts at the end of the period (stocks), MFIs, central government and post office giro institutions reporting sector - Monetary aggregate M1, All currencies combined - Euro area (changing composition) counterpart, Non-MFIs excluding central government sector, denominated in Euro, data Working day and seasonally adjusted",EUR,6
BSI.M.U2.Y.V.M10.X.1.U2.2300.Z01.E,M,U2,Y,V,M10,X,1,U2,2300,Z01,E,2019-05,8573349,A,F,,,P1M,,E,,,,,,,,,2,,,"Monetary aggregate M1, Stocks","Euro area (changing composition), Outstanding amounts at the end of the period (stocks), MFIs, central government and post office giro institutions reporting sector - Monetary aggregate M1, All currencies combined - Euro area (changing composition) counterpart, Non-MFIs excluding central government sector, denominated in Euro, data Working day and seasonally adjusted",EUR,6
BSI.M.U2.Y.V.M10.X.1.U2.2300.Z01.E,M,U2,Y,V,M10,X,1,U2,2300,Z01,E,2019-06,8615239,A,F,,,P1M,,E,,,,,,,,,2,,,"Monetary aggregate M1, Stocks","Euro area (changing composition), Outstanding amounts at the end of the period (stocks), MFIs, central government and post office giro institutions reporting sector - Monetary aggregate M1, All currencies combined - Euro area (changing composition) counterpart, Non-MFIs excluding central government sector, denominated in Euro, data Working day and seasonally adjusted",EUR,6
BSI.M.U2.Y.V.M10.X.1.U2.2300.Z01.E,M,U2,Y,V,M10,X,1,U2,2300,Z01,E,2019-07,8684905,A,F,,,P1M,,E,,,,,,,,,2,,,"Monetary aggregate M1, Stocks","Euro area (changing composition), Outstanding amounts at the end of the period (stocks), MFIs, central government and post office giro institutions reporting sector - Monetary aggregate M1, All currencies combined - Euro area (changing composition) counterpart, Non-MFIs excluding central government sector, denominated in Euro, data Working day and seasonally adjusted",EUR,6
BSI.M.U2.Y.V.M10.X.1.U2.2300.Z01.E,M,U2,Y,V,M10,X,1,U2,2300,Z01,E,2019-08,8769922,A,F,,,P1M,,E,,,,,,,,,2,,,"Monetary aggregate M1, Stocks","Euro area (changing composition), Outstanding amounts at the end of the period (stocks), MFIs, central government and post office giro institutions reporting sector - Monetary aggregate M1, All currencies combined - Euro area (changing composition) counterpart, Non-MFIs excluding central government sector, denominated in Euro, data Working day and seasonally adjusted",EUR,6
BSI.M.U2.Y.V.M10.X.1.U2.2300.Z01.E,M,U2,Y,V,M10,X,1,U2,2300,Z01,E,2019-09,8821677,A,F,,,P1M,,E,,,,,,,,,2,,,"Monetary aggregate M1, Stocks","Euro area (changing composition), Outstanding amounts at the end of the period (stocks), MFIs, central government and post office giro institutions reporting sector - Monetary aggregate M1, All currencies combined - Euro area (changing composition) counterpart, Non-MFIs excluding central government sector, denominated in Euro, data Working day and seasonally adjusted",EUR,6
BSI.M.U2.Y.V.M10.X.1.U2.2300.Z01.E,M,U2,Y,V,M10,X,1,U2,2300,Z01,E,2019-10,8893408,A,F,,,P1M,,E,,,,,,,,,2,,,"Monetary aggregate M1, Stocks","Euro area (changing composition), Outstanding amounts at the end of the period (stocks), MFIs, central government and post office giro institutions reporting sector - Monetary aggregate M1, All currencies combined - Euro area (changing composition) counterpart, Non-MFIs excluding central government sector, denominated in Euro, data Working day and seasonally adjusted",EUR,6
BSI.M.U2.Y.V.M10.X.1.U2.2300.Z01.E,M,U2,Y,V,M10,X,1,U2,2300,Z01,E,2019-11,8932915,A,F,,,P1M,,E,,,,,,,,,2,,,"Monetary aggregate M1, Stocks","Euro area (changing composition), Outstanding amounts at the end of the period (stocks), MFIs, central government and post office giro institutions reporting sector - Monetary aggregate M1, All currencies combined - Euro area (changing composition) counterpart, Non-MFIs excluding central government sector, denominated in Euro, data Working day and seasonally adjusted",EUR,6
BSI.M.U2.Y.V.M10.X.1.U2.2300.Z01.E,M,U2,Y,V,M10,X,1,U2,2300,Z01,E,2019-12,8948122,A,F,,,P1M,,E,,,,,,,,,2,,,"Monetary aggregate M1, Stocks","Euro area (changing composition), Outstanding amounts at the end of the period (stocks), MFIs, central government and post office giro institutions reporting sector - Monetary aggregate M1, All currencies combined - Euro area (changing composition) counterpart, Non-MFIs excluding central government sector, denominated in Euro, data Working day and seasonally adjusted",EUR,6
BSI.M.U2.Y.V.M10.X.1.U2.2300.Z01.E,M,U2,Y,V,M10,X,1,U2,2300,Z01,E,2020-01,8993517,A,F,,,P1M,,E,,,,,,,,,2,,,"Monetary aggregate M1, Stocks","Euro area (changing composition), Outstanding amounts at the end of the period (stocks), MFIs, central government and post office giro institutions reporting sector - Monetary aggregate M1, All currencies combined - Euro area (changing composition) counterpart, Non-MFIs excluding central government sector, denominated in Euro, data Working day and seasonally adjusted",EUR,6
BSI.M.U2.Y.V.M10.X.1.U2.2300.Z01.E,M,U2,Y,V,M10,X,1,U2,2300,Z01,E,2020-02,9057617,A,F,,,P1M,,E,,,,,,,,,2,,,"Monetary aggregate M1, Stocks","Euro area (changing composition), Outstanding amounts at the end of the period (stocks), MFIs, central government and post office giro institutions reporting sector - Monetary aggregate M1, All currencies combined - Euro area (changing composition) counterpart, Non-MFIs excluding central government sector, denominated in Euro, data Working day and seasonally adjusted",EUR,6
BSI.M.U2.Y.V.M10.X.1.U2.2300.Z01.E,M,U2,Y,V,M10,X,1,U2,2300,Z01,E,2020-03,9358681,A,F,,,P1M,,E,,,,,,,,,2,,,"Monetary aggregate M1, Stocks","Euro area (changing composition), Outstanding amounts at the end of the period (stocks), MFIs, central government and post office giro institutions reporting sector - Monetary aggregate M1, All currencies combined - Euro area (changing composition) counterpart, Non-MFIs excluding central government sector, denominated in Euro, data Working day and seasonally adjusted",EUR,6
BSI.M.U2.Y.V.M10.X.1.U2.2300.Z01.E,M,U2,Y,V,M10,X,1,U2,2300,Z01,E,2020-04,9529276,A,F,,,P1M,,E,,,,,,,,,2,,,"Monetary aggregate M1, Stocks","Euro area (changing composition), Outstanding amounts at the end of the period (stocks), MFIs, central government and post office giro institutions reporting sector - Monetary aggregate M1, All currencies combined - Euro area (changing composition) counterpart, Non-MFIs excluding central government sector, denominated in Euro, data Working day and seasonally adjusted",EUR,6
BSI.M.U2.Y.V.M10.X.1.U2.2300.Z01.E,M,U2,Y,V,M10,X,1,U2,2300,Z01,E,2020-05,9639496,A,F,,,P1M,,E,,,,,,,,,2,,,"Monetary aggregate M1, Stocks","Euro area (changing composition), Outstanding amounts at the end of the period (stocks), MFIs, central government and post office giro institutions reporting sector - Monetary aggregate M1, All currencies combined - Euro area (changing composition) counterpart, Non-MFIs excluding central government sector, denominated in Euro, data Working day and seasonally adjusted",EUR,6
BSI.M.U2.Y.V.M10.X.1.U2.2300.Z01.E,M,U2,Y,V,M10,X,1,U2,2300,Z01,E,2020-06,9737299,A,F,,,P1M,,E,,,,,,,,,2,,,"Monetary aggregate M1, Stocks","Euro area (changing composition), Outstanding amounts at the end of the period (stocks), MFIs, central government and post office giro institutions reporting sector - Monetary aggregate M1, All currencies combined - Euro area (changing composition) counterpart, Non-MFIs excluding central government sector, denominated in Euro, data Working day and seasonally adjusted",EUR,6
BSI.M.U2.Y.V.M10.X.1.U2.2300.Z01.E,M,U2,Y,V,M10,X,1,U2,2300,Z01,E,2020-07,9799538,A,F,,,P1M,,E,,,,,,,,,2,,,"Monetary aggregate M1, Stocks","Euro area (changing composition), Outstanding amounts at the end of the period (stocks), MFIs, central government and post office giro institutions reporting sector - Monetary aggregate M1, All currencies combined - Euro area (changing composition) counterpart, Non-MFIs excluding central government sector, denominated in Euro, data Working day and seasonally adjusted",EUR,6
BSI.M.U2.Y.V.M10.X.1.U2.2300.Z01.E,M,U2,Y,V,M10,X,1,U2,2300,Z01,E,2020-08,9872841,A,F,,,P1M,,E,,,,,,,,,2,,,"Monetary aggregate M1, Stocks","Euro area (changing composition), Outstanding amounts at the end of the period (stocks), MFIs, central government and post office giro institutions reporting sector - Monetary aggregate M1, All currencies combined - Euro area (changing composition) counterpart, Non-MFIs excluding central government sector, denominated in Euro, data Working day and seasonally adjusted",EUR,6
BSI.M.U2.Y.V.M10.X.1.U2.2300.Z01.E,M,U2,Y,V,M10,X,1,U2,2300,Z01,E,2020-09,9945373,A,F,,,P1M,,E,,,,,,,,,2,,,"Monetary aggregate M1, Stocks","Euro area (changing composition), Outstanding amounts at the end of the period (stocks), MFIs, central government and post office giro institutions reporting sector - Monetary aggregate M1, All currencies combined - Euro area (changing composition) counterpart, Non-MFIs excluding central government sector, denominated in Euro, data Working day and seasonally adjusted",EUR,6
BSI.M.U2.Y.V.M10.X.1.U2.2300.Z01.E,M,U2,Y,V,M10,X,1,U2,2300,Z01,E,2020-10,10052671,A,F,,,P1M,,E,,,,,,,,,2,,,"Monetary aggregate M1, Stocks","Euro area (changing composition), Outstanding amounts at the end of the period (stocks), MFIs, central government and post office giro institutions reporting sector - Monetary aggregate M1, All currencies combined - Euro area (changing composition) counterpart, Non-MFIs excluding central government sector, denominated in Euro, data Working day and seasonally adjusted",EUR,6
BSI.M.U2.Y.V.M10.X.1.U2.2300.Z01.E,M,U2,Y,V,M10,X,1,U2,2300,Z01,E,2020-11,10164714,A,F,,,P1M,,E,,,,,,,,,2,,,"Monetary aggregate M1, Stocks","Euro area (changing composition), Outstanding amounts at the end of the period (stocks), MFIs, central government and post office giro institutions reporting sector - Monetary aggregate M1, All currencies combined - Euro area (changing composition) counterpart, Non-MFIs excluding central government sector, denominated in Euro, data Working day and seasonally adjusted",EUR,6
BSI.M.U2.Y.V.M10.X.1.U2.2300.Z01.E,M,U2,Y,V,M10,X,1,U2,2300,Z01,E,2020-12,10270102,A,F,,,P1M,,E,,,,,,,,,2,,,"Monetary aggregate M1, Stocks","Euro area (changing composition), Outstanding amounts at the end of the period (stocks), MFIs, central government and post office giro institutions reporting sector - Monetary aggregate M1, All currencies combined - Euro area (changing composition) counterpart, Non-MFIs excluding central government sector, denominated in Euro, data Working day and seasonally adjusted",EUR,6
BSI.M.U2.Y.V.M10.X.1.U2.2300.Z01.E,M,U2,Y,V,M10,X,1,U2,2300,Z01,E,2021-01,10373589,A,F,,,P1M,,E,,,,,,,,,2,,,"Monetary aggregate M1, Stocks","Euro area (changing composition), Outstanding amounts at the end of the period (stocks), MFIs, central government and post office giro institutions reporting sector - Monetary aggregate M1, All currencies combined - Euro area (changing composition) counterpart, Non-MFIs excluding central government sector, denominated in Euro, data Working day and seasonally adjusted",EUR,6
BSI.M.U2.Y.V.M10.X.1.U2.2300.Z01.E,M,U2,Y,V,M10,X,1,U2,2300,Z01,E,2021-02,10464719,A,F,,,P1M,,E,,,,,,,,,2,,,"Monetary aggregate M1, Stocks","Euro area (changing composition), Outstanding amounts at the end of the period (stocks), MFIs, central government and post office giro institutions reporting sector - Monetary aggregate M1, All currencies combined - Euro area (changing composition) counterpart, Non-MFIs excluding central government sector, denominated in Euro, data Working day and seasonally adjusted",EUR,6
BSI.M.U2.Y.V.M10.X.1.U2.2300.Z01.E,M,U2,Y,V,M10,X,1,U2,2300,Z01,E,2021-03,10561082,A,F,,,P1M,,E,,,,,,,,,2,,,"Monetary aggregate M1, Stocks","Euro area (changing composition), Outstanding amounts at the end of the period (stocks), MFIs, central government and post office giro institutions reporting sector - Monetary aggregate M1, All currencies combined - Euro area (changing composition) counterpart, Non-MFIs excluding central government sector, denominated in Euro, data Working day and seasonally adjusted",EUR,6
BSI.M.U2.Y.V.M10.X.1.U2.2300.Z01.E,M,U2,Y,V,M10,X,1,U2,2300,Z01,E,2021-04,10620813,A,F,,,P1M,,E,,,,,,,,,2,,,"Monetary aggregate M1, Stocks","Euro area (changing composition), Outstanding amounts at the end of the period (stocks), MFIs, central government and post office giro institutions reporting sector - Monetary aggregate M1, All currencies combined - Euro area (changing composition) counterpart, Non-MFIs excluding central government sector, denominated in Euro, data Working day and seasonally adjusted",EUR,6
BSI.M.U2.Y.V.M10.X.1.U2.2300.Z01.E,M,U2,Y,V,M10,X,1,U2,2300,Z01,E,2021-05,10701124,A,F,,,P1M,,E,,,,,,,,,2,,,"Monetary aggregate M1, Stocks","Euro area (changing composition), Outstanding amounts at the end of the period (stocks), MFIs, central government and post office giro institutions reporting sector - Monetary aggregate M1, All currencies combined - Euro area (changing composition) counterpart, Non-MFIs excluding central government sector, denominated in Euro, data Working day and seasonally adjusted",EUR,6
BSI.M.U2.Y.V.M10.X.1.U2.2300.Z01.E,M,U2,Y,V,M10,X,1,U2,2300,Z01,E,2021-06,10800639,A,F,,,P1M,,E,,,,,,,,,2,,,"Monetary aggregate M1, Stocks","Euro area (changing composition), Outstanding amounts at the end of the period (stocks), MFIs, central government and post office giro institutions reporting sector - Monetary aggregate M1, All currencies combined - Euro area (changing composition) counterpart, Non-MFIs excluding central government sector, denominated in Euro, data Working day and seasonally adjusted",EUR,6
BSI.M.U2.Y.V.M10.X.1.U2.2300.Z01.E,M,U2,Y,V,M10,X,1,U2,2300,Z01,E,2021-07,10900931,A,F,,,P1M,,E,,,,,,,,,2,,,"Monetary aggregate M1, Stocks","Euro area (changing composition), Outstanding amounts at the end of the period (stocks), MFIs, central government and post office giro institutions reporting sector - Monetary aggregate M1, All currencies combined - Euro area (changing composition) counterpart, Non-MFIs excluding central government sector, denominated in Euro, data Working day and seasonally adjusted",EUR,6
BSI.M.U2.Y.V.M10.X.1.U2.2300.Z01.E,M,U2,Y,V,M10,X,1,U2,2300,Z01,E,2021-08,11006609,A,F,,,P1M,,E,,,,,,,,,2,,,"Monetary aggregate M1, Stocks","Euro area (changing composition), Outstanding amounts at the end of the period (stocks), MFIs, central government and post office giro institutions reporting sector - Monetary aggregate M1, All currencies combined - Euro area (changing composition) counterpart, Non-MFIs excluding central government sector, denominated in Euro, data Working day and seasonally adjusted",EUR,6
BSI.M.U2.Y.V.M10.X.1.U2.2300.Z01.E,M,U2,Y,V,M10,X,1,U2,2300,Z01,E,2021-09,11090741,A,F,,,P1M,,E,,,,,,,,,2,,,"Monetary aggregate M1, Stocks","Euro area (changing composition), Outstanding amounts at the end of the period (stocks), MFIs, central government and post office giro institutions reporting sector - Monetary aggregate M1, All currencies combined - Euro area (changing composition) counterpart, Non-MFIs excluding central government sector, denominated in Euro, data Working day and seasonally adjusted",EUR,6
BSI.M.U2.Y.V.M10.X.1.U2.2300.Z01.E,M,U2,Y,V,M10,X,1,U2,2300,Z01,E,2021-10,11146351,A,F,,,P1M,,E,,,,,,,,,2,,,"Monetary aggregate M1, Stocks","Euro area (changing composition), Outstanding amounts at the end of the period (stocks), MFIs, central government and post office giro institutions reporting sector - Monetary aggregate M1, All currencies combined - Euro area (changing composition) counterpart, Non-MFIs excluding central government sector, denominated in Euro, data Working day and seasonally adjusted",EUR,6
BSI.M.U2.Y.V.M10.X.1.U2.2300.Z01.E,M,U2,Y,V,M10,X,1,U2,2300,Z01,E,2021-11,11190957,A,F,,,P1M,,E,,,,,,,,,2,,,"Monetary aggregate M1, Stocks","Euro area (changing composition), Outstanding amounts at the end of the period (stocks), MFIs, central government and post office giro institutions reporting sector - Monetary aggregate M1, All currencies combined - Euro area (changing composition) counterpart, Non-MFIs excluding central government sector, denominated in Euro, data Working day and seasonally adjusted",EUR,6
BSI.M.U2.Y.V.M10.X.1.U2.2300.Z01.E,M,U2,Y,V,M10,X,1,U2,2300,Z01,E,2021-12,11291612,A,F,,,P1M,,E,,,,,,,,,2,,,"Monetary aggregate M1, Stocks","Euro area (changing composition), Outstanding amounts at the end of the period (stocks), MFIs, central government and post office giro institutions reporting sector - Monetary aggregate M1, All currencies combined - Euro area (changing composition) counterpart, Non-MFIs excluding central government sector, denominated in Euro, data Working day and seasonally adjusted",EUR,6
BSI.M.U2.Y.V.M10.X.1.U2.2300.Z01.E,M,U2,Y,V,M10,X,1,U2,2300,Z01,E,2022-01,11386619,A,F,,,P1M,,E,,,,,,,,,2,,,"Monetary aggregate M1, Stocks","Euro area (changing composition), Outstanding amounts at the end of the period (stocks), MFIs, central government and post office giro institutions reporting sector - Monetary aggregate M1, All currencies combined - Euro area (changing composition) counterpart, Non-MFIs excluding central government sector, denominated in Euro, data Working day and seasonally adjusted",EUR,6
BSI.M.U2.Y.V.M10.X.1.U2.2300.Z01.E,M,U2,Y,V,M10,X,1,U2,2300,Z01,E,2022-02,11473925,A,F,,,P1M,,E,,,,,,,,,2,,,"Monetary aggregate M1, Stocks","Euro area (changing composition), Outstanding amounts at the end of the period (stocks), MFIs, central government and post office giro institutions reporting sector - Monetary aggregate M1, All currencies combined - Euro area (changing composition) counterpart, Non-MFIs excluding central government sector, denominated in Euro, data Working day and seasonally adjusted",EUR,6
BSI.M.U2.Y.V.M10.X.1.U2.2300.Z01.E,M,U2,Y,V,M10,X,1,U2,2300,Z01,E,2022-03,11529531,A,F,,,P1M,,E,,,,,,,,,2,,,"Monetary aggregate M1, Stocks","Euro area (changing composition), Outstanding amounts at the end of the period (stocks), MFIs, central government and post office giro institutions reporting sector - Monetary aggregate M1, All currencies combined - Euro area (changing composition) counterpart, Non-MFIs excluding central government sector, denominated in Euro, data Working day and seasonally adjusted",EUR,6
BSI.M.U2.Y.V.M10.X.1.U2.2300.Z01.E,M,U2,Y,V,M10,X,1,U2,2300,Z01,E,2022-04,11557454,A,F,,,P1M,,E,,,,,,,,,2,,,"Monetary aggregate M1, Stocks","Euro area (changing composition), Outstanding amounts at the end of the period (stocks), MFIs, central government and post office giro institutions reporting sector - Monetary aggregate M1, All currencies combined - Euro area (changing composition) counterpart, Non-MFIs excluding central government sector, denominated in Euro, data Working day and seasonally adjusted",EUR,6
BSI.M.U2.Y.V.M10.X.1.U2.2300.Z01.E,M,U2,Y,V,M10,X,1,U2,2300,Z01,E,2022-05,11603914,A,F,,,P1M,,E,,,,,,,,,2,,,"Monetary aggregate M1, Stocks","Euro area (changing composition), Outstanding amounts at the end of the period (stocks), MFIs, central government and post office giro institutions reporting sector - Monetary aggregate M1, All currencies combined - Euro area (changing composition) counterpart, Non-MFIs excluding central government sector, denominated in Euro, data Working day and seasonally adjusted",EUR,6
BSI.M.U2.Y.V.M10.X.1.U2.2300.Z01.E,M,U2,Y,V,M10,X,1,U2,2300,Z01,E,2022-06,11645068,A,F,,,P1M,,E,,,,,,,,,2,,,"Monetary aggregate M1, Stocks","Euro area (changing composition), Outstanding amounts at the end of the period (stocks), MFIs, central government and post office giro institutions reporting sector - Monetary aggregate M1, All currencies combined - Euro area (changing composition) counterpart, Non-MFIs excluding central government sector, denominated in Euro, data Working day and seasonally adjusted",EUR,6
BSI.M.U2.Y.V.M10.X.1.U2.2300.Z01.E,M,U2,Y,V,M10,X,1,U2,2300,Z01,E,2022-07,11694915,A,F,,,P1M,,E,,,,,,,,,2,,,"Monetary aggregate M1, Stocks","Euro area (changing composition), Outstanding amounts at the end of the period (stocks), MFIs, central government and post office giro institutions reporting sector - Monetary aggregate M1, All currencies combined - Euro area (changing composition) counterpart, Non-MFIs excluding central government sector, denominated in Euro, data Working day and seasonally adjusted",EUR,6
BSI.M.U2.Y.V.M10.X.1.U2.2300.Z01.E,M,U2,Y,V,M10,X,1,U2,2300,Z01,E,2022-08,11785906,A,F,,,P1M,,E,,,,,,,,,2,,,"Monetary aggregate M1, Stocks","Euro area (changing composition), Outstanding amounts at the end of the period (stocks), MFIs, central government and post office giro institutions reporting sector - Monetary aggregate M1, All currencies combined - Euro area (changing composition) counterpart, Non-MFIs excluding central government sector, denominated in Euro, data Working day and seasonally adjusted",EUR,6
BSI.M.U2.Y.V.M10.X.1.U2.2300.Z01.E,M,U2,Y,V,M10,X,1,U2,2300,Z01,E,2022-09,11697786,A,F,,,P1M,,E,,,,,,,,,2,,,"Monetary aggregate M1, Stocks","Euro area (changing composition), Outstanding amounts at the end of the period (stocks), MFIs, central government and post office giro institutions reporting sector - Monetary aggregate M1, All currencies combined - Euro area (changing composition) counterpart, Non-MFIs excluding central government sector, denominated in Euro, data Working day and seasonally adjusted",EUR,6
BSI.M.U2.Y.V.M10.X.1.U2.2300.Z01.E,M,U2,Y,V,M10,X,1,U2,2300,Z01,E,2022-10,11566717,A,F,,,P1M,,E,,,,,,,,,2,,,"Monetary aggregate M1, Stocks","Euro area (changing composition), Outstanding amounts at the end of the period (stocks), MFIs, central government and post office giro institutions reporting sector - Monetary aggregate M1, All currencies combined - Euro area (changing composition) counterpart, Non-MFIs excluding central government sector, denominated in Euro, data Working day and seasonally adjusted",EUR,6
BSI.M.U2.Y.V.M10.X.1.U2.2300.Z01.E,M,U2,Y,V,M10,X,1,U2,2300,Z01,E,2022-11,11440840,A,F,,,P1M,,E,,,,,,,,,2,,,"Monetary aggregate M1, Stocks","Euro area (changing composition), Outstanding amounts at the end of the period (stocks), MFIs, central government and post office giro institutions reporting sector - Monetary aggregate M1, All currencies combined - Euro area (changing composition) counterpart, Non-MFIs excluding central government sector, denominated in Euro, data Working day and seasonally adjusted",EUR,6
BSI.M.U2.Y.V.M10.X.1.U2.2300.Z01.E,M,U2,Y,V,M10,X,1,U2,2300,Z01,E,2022-12,11296033,A,F,,,P1M,,E,,,,,,,,,2,,,"Monetary aggregate M1, Stocks","Euro area (changing composition), Outstanding amounts at the end of the period (stocks), MFIs, central government and post office giro institutions reporting sector - Monetary aggregate M1, All currencies combined - Euro area (changing composition) counterpart, Non-MFIs excluding central government sector, denominated in Euro, data Working day and seasonally adjusted",EUR,6
BSI.M.U2.Y.V.M10.X.1.U2.2300.Z01.E,M,U2,Y,V,M10,X,1,U2,2300,Z01,E,2023-01,11261287,A,F,,,P1M,,E,,,,,,,,,2,,,"Monetary aggregate M1, Stocks","Euro area (changing composition), Outstanding amounts at the end of the period (stocks), MFIs, central government and post office giro institutions reporting sector - Monetary aggregate M1, All currencies combined - Euro area (changing composition) counterpart, Non-MFIs excluding central government sector, denominated in Euro, data Working day and seasonally adjusted",EUR,6
BSI.M.U2.Y.V.M10.X.1.U2.2300.Z01.E,M,U2,Y,V,M10,X,1,U2,2300,Z01,E,2023-02,11138160,A,F,,,P1M,,E,,,,,,,,,2,,,"Monetary aggregate M1, Stocks","Euro area (changing composition), Outstanding amounts at the end of the period (stocks), MFIs, central government and post office giro institutions reporting sector - Monetary aggregate M1, All currencies combined - Euro area (changing composition) counterpart, Non-MFIs excluding central government sector, denominated in Euro, data Working day and seasonally adjusted",EUR,6
BSI.M.U2.Y.V.M10.X.1.U2.2300.Z01.E,M,U2,Y,V,M10,X,1,U2,2300,Z01,E,2023-03,11000962,A,F,,,P1M,,E,,,,,,,,,2,,,"Monetary aggregate M1, Stocks","Euro area (changing composition), Outstanding amounts at the end of the period (stocks), MFIs, central government and post office giro institutions reporting sector - Monetary aggregate M1, All currencies combined - Euro area (changing composition) counterpart, Non-MFIs excluding central government sector, denominated in Euro, data Working day and seasonally adjusted",EUR,6
BSI.M.U2.Y.V.M10.X.1.U2.2300.Z01.E,M,U2,Y,V,M10,X,1,U2,2300,Z01,E,2023-04,10889041,A,F,,,P1M,,E,,,,,,,,,2,,,"Monetary aggregate M1, Stocks","Euro area (changing composition), Outstanding amounts at the end of the period (stocks), MFIs, central government and post office giro institutions reporting sector - Monetary aggregate M1, All currencies combined - Euro area (changing composition) counterpart, Non-MFIs excluding central government sector, denominated in Euro, data Working day and seasonally adjusted",EUR,6
BSI.M.U2.Y.V.M10.X.1.U2.2300.Z01.E,M,U2,Y,V,M10,X,1,U2,2300,Z01,E,2023-05,10807916,A,F,,,P1M,,E,,,,,,,,,2,,,"Monetary aggregate M1, Stocks","Euro area (changing composition), Outstanding amounts at the end of the period (stocks), MFIs, central government and post office giro institutions reporting sector - Monetary aggregate M1, All currencies combined - Euro area (changing composition) counterpart, Non-MFIs excluding central government sector, denominated in Euro, data Working day and seasonally adjusted",EUR,6
BSI.M.U2.Y.V.M10.X.1.U2.2300.Z01.E,M,U2,Y,V,M10,X,1,U2,2300,Z01,E,2023-06,10706043,A,F,,,P1M,,E,,,,,,,,,2,,,"Monetary aggregate M1, Stocks","Euro area (changing composition), Outstanding amounts at the end of the period (stocks), MFIs, central government and post office giro institutions reporting sector - Monetary aggregate M1, All currencies combined - Euro area (changing composition) counterpart, Non-MFIs excluding central government sector, denominated in Euro, data Working day and seasonally adjusted",EUR,6
BSI.M.U2.Y.V.M10.X.1.U2.2300.Z01.E,M,U2,Y,V,M10,X,1,U2,2300,Z01,E,2023-07,10633051,A,F,,,P1M,,E,,,,,,,,,2,,,"Monetary aggregate M1, Stocks","Euro area (changing composition), Outstanding amounts at the end of the period (stocks), MFIs, central government and post office giro institutions reporting sector - Monetary aggregate M1, All currencies combined - Euro area (changing composition) counterpart, Non-MFIs excluding central government sector, denominated in Euro, data Working day and seasonally adjusted",EUR,6
BSI.M.U2.Y.V.M10.X.1.U2.2300.Z01.E,M,U2,Y,V,M10,X,1,U2,2300,Z01,E,2023-08,10558438,A,F,,,P1M,,E,,,,,,,,,2,,,"Monetary aggregate M1, Stocks","Euro area (changing composition), Outstanding amounts at the end of the period (stocks), MFIs, central government and post office giro institutions reporting sector - Monetary aggregate M1, All currencies combined - Euro area (changing composition) counterpart, Non-MFIs excluding central government sector, denominated in Euro, data Working day and seasonally adjusted",EUR,6
BSI.M.U2.Y.V.M10.X.1.U2.2300.Z01.E,M,U2,Y,V,M10,X,1,U2,2300,Z01,E,2023-09,10519242,A,F,,,P1M,,E,,,,,,,,,2,,,"Monetary aggregate M1, Stocks","Euro area (changing composition), Outstanding amounts at the end of the period (stocks), MFIs, central government and post office giro institutions reporting sector - Monetary aggregate M1, All currencies combined - Euro area (changing composition) counterpart, Non-MFIs excluding central government sector, denominated in Euro, data Working day and seasonally adjusted",EUR,6
BSI.M.U2.Y.V.M10.X.1.U2.2300.Z01.E,M,U2,Y,V,M10,X,1,U2,2300,Z01,E,2023-10,10415864,A,F,,,P1M,,E,,,,,,,,,2,,,"Monetary aggregate M1, Stocks","Euro area (changing composition), Outstanding amounts at the end of the period (stocks), MFIs, central government and post office giro institutions reporting sector - Monetary aggregate M1, All currencies combined - Euro area (changing composition) counterpart, Non-MFIs excluding central government sector, denominated in Euro, data Working day and seasonally adjusted",EUR,6
BSI.M.U2.Y.V.M10.X.1.U2.2300.Z01.E,M,U2,Y,V,M10,X,1,U2,2300,Z01,E,2023-11,10365477,A,F,,,P1M,,E,,,,,,,,,2,,,"Monetary aggregate M1, Stocks","Euro area (changing composition), Outstanding amounts at the end of the period (stocks), MFIs, central government and post office giro institutions reporting sector - Monetary aggregate M1, All currencies combined - Euro area (changing composition) counterpart, Non-MFIs excluding central government sector, denominated in Euro, data Working day and seasonally adjusted",EUR,6
BSI.M.U2.Y.V.M10.X.1.U2.2300.Z01.E,M,U2,Y,V,M10,X,1,U2,2300,Z01,E,2023-12,10345578,A,F,,,P1M,,E,,,,,,,,,2,,,"Monetary aggregate M1, Stocks","Euro area (changing composition), Outstanding amounts at the end of the period (stocks), MFIs, central government and post office giro institutions reporting sector - Monetary aggregate M1, All currencies combined - Euro area (changing composition) counterpart, Non-MFIs excluding central government sector, denominated in Euro, data Working day and seasonally adjusted",EUR,6
BSI.M.U2.Y.V.M10.X.1.U2.2300.Z01.E,M,U2,Y,V,M10,X,1,U2,2300,Z01,E,2024-01,10275867,A,F,,,P1M,,E,,,,,,,,,2,,,"Monetary aggregate M1, Stocks","Euro area (changing composition), Outstanding amounts at the end of the period (stocks), MFIs, central government and post office giro institutions reporting sector - Monetary aggregate M1, All currencies combined - Euro area (changing composition) counterpart, Non-MFIs excluding central government sector, denominated in Euro, data Working day and seasonally adjusted",EUR,6
BSI.M.U2.Y.V.M10.X.1.U2.2300.Z01.E,M,U2,Y,V,M10,X,1,U2,2300,Z01,E,2024-02,10256861,A,F,,,P1M,,E,,,,,,,,,2,,,"Monetary aggregate M1, Stocks","Euro area (changing composition), Outstanding amounts at the end of the period (stocks), MFIs, central government and post office giro institutions reporting sector - Monetary aggregate M1, All currencies combined - Euro area (changing composition) counterpart, Non-MFIs excluding central government sector, denominated in Euro, data Working day and seasonally adjusted",EUR,6
BSI.M.U2.Y.V.M10.X.1.U2.2300.Z01.E,M,U2,Y,V,M10,X,1,U2,2300,Z01,E,2024-03,10238739,A,F,,,P1M,,E,,,,,,,,,2,,,"Monetary aggregate M1, Stocks","Euro area (changing composition), Outstanding amounts at the end of the period (stocks), MFIs, central government and post office giro institutions reporting sector - Monetary aggregate M1, All currencies combined - Euro area (changing composition) counterpart, Non-MFIs excluding central government sector, denominated in Euro, data Working day and seasonally adjusted",EUR,6
BSI.M.U2.Y.V.M10.X.1.U2.2300.Z01.E,M,U2,Y,V,M10,X,1,U2,2300,Z01,E,2024-04,10246986,A,F,,,P1M,,E,,,,,,,,,2,,,"Monetary aggregate M1, Stocks","Euro area (changing composition), Outstanding amounts at the end of the period (stocks), MFIs, central government and post office giro institutions reporting sector - Monetary aggregate M1, All currencies combined - Euro area (changing composition) counterpart, Non-MFIs excluding central government sector, denominated in Euro, data Working day and seasonally adjusted",EUR,6
BSI.M.U2.Y.V.M10.X.1.U2.2300.Z01.E,M,U2,Y,V,M10,X,1,U2,2300,Z01,E,2024-05,10248018,A,F,,,P1M,,E,,,,,,,,,2,,,"Monetary aggregate M1, Stocks","Euro area (changing composition), Outstanding amounts at the end of the period (stocks), MFIs, central government and post office giro institutions reporting sector - Monetary aggregate M1, All currencies combined - Euro area (changing composition) counterpart, Non-MFIs excluding central government sector, denominated in Euro, data Working day and seasonally adjusted",EUR,6
BSI.M.U2.Y.V.M10.X.1.U2.2300.Z01.E,M,U2,Y,V,M10,X,1,U2,2300,Z01,E,2024-06,10313636,A,F,,,P1M,,E,,,,,,,,,2,,,"Monetary aggregate M1, Stocks","Euro area (changing composition), Outstanding amounts at the end of the period (stocks), MFIs, central government and post office giro institutions reporting sector - Monetary aggregate M1, All currencies combined - Euro area (changing composition) counterpart, Non-MFIs excluding central government sector, denominated in Euro, data Working day and seasonally adjusted",EUR,6
BSI.M.U2.Y.V.M10.X.1.U2.2300.Z01.E,M,U2,Y,V,M10,X,1,U2,2300,Z01,E,2024-07,10291747,A,F,,,P1M,,E,,,,,,,,,2,,,"Monetary aggregate M1, Stocks","Euro area (changing composition), Outstanding amounts at the end of the period (stocks), MFIs, central government and post office giro institutions reporting sector - Monetary aggregate M1, All currencies combined - Euro area (changing composition) counterpart, Non-MFIs excluding central government sector, denominated in Euro, data Working day and seasonally adjusted",EUR,6
BSI.M.U2.Y.V.M10.X.1.U2.2300.Z01.E,M,U2,Y,V,M10,X,1,U2,2300,Z01,E,2024-08,10353305,A,F,,,P1M,,E,,,,,,,,,2,,,"Monetary aggregate M1, Stocks","Euro area (changing composition), Outstanding amounts at the end of the period (stocks), MFIs, central government and post office giro institutions reporting sector - Monetary aggregate M1, All currencies combined - Euro area (changing composition) counterpart, Non-MFIs excluding central government sector, denominated in Euro, data Working day and seasonally adjusted",EUR,6
BSI.M.U2.Y.V.M10.X.1.U2.2300.Z01.E,M,U2,Y,V,M10,X,1,U2,2300,Z01,E,2024-09,10408480,A,F,,,P1M,,E,,,,,,,,,2,,,"Monetary aggregate M1, Stocks","Euro area (changing composition), Outstanding amounts at the end of the period (stocks), MFIs, central government and post office giro institutions reporting sector - Monetary aggregate M1, All currencies combined - Euro area (changing composition) counterpart, Non-MFIs excluding central government sector, denominated in Euro, data Working day and seasonally adjusted",EUR,6
BSI.M.U2.Y.V.M10.X.1.U2.2300.Z01.E,M,U2,Y,V,M10,X,1,U2,2300,Z01,E,2024-10,10449786,A,F,,,P1M,,E,,,,,,,,,2,,,"Monetary aggregate M1, Stocks","Euro area (changing composition), Outstanding amounts at the end of the period (stocks), MFIs, central government and post office giro institutions reporting sector - Monetary aggregate M1, All currencies combined - Euro area (changing composition) counterpart, Non-MFIs excluding central government sector, denominated in Euro, data Working day and seasonally adjusted",EUR,6
BSI.M.U2.Y.V.M10.X.1.U2.2300.Z01.E,M,U2,Y,V,M10,X,1,U2,2300,Z01,E,2024-11,10538782,A,F,,,P1M,,E,,,,,,,,,2,,,"Monetary aggregate M1, Stocks","Euro area (changing composition), Outstanding amounts at the end of the period (stocks), MFIs, central government and post office giro institutions reporting sector - Monetary aggregate M1, All currencies combined - Euro area (changing composition) counterpart, Non-MFIs excluding central government sector, denominated in Euro, data Working day and seasonally adjusted",EUR,6
BSI.M.U2.Y.V.M10.X.1.U2.2300.Z01.E,M,U2,Y,V,M10,X,1,U2,2300,Z01,E,2024-12,10590975,A,F,,,P1M,,E,,,,,,,,,2,,,"Monetary aggregate M1, Stocks","Euro area (changing composition), Outstanding amounts at the end of the period (stocks), MFIs, central government and post office giro institutions reporting sector - Monetary aggregate M1, All currencies combined - Euro area (changing composition) counterpart, Non-MFIs excluding central government sector, denominated in Euro, data Working day and seasonally adjusted",EUR,6
BSI.M.U2.Y.V.M10.X.1.U2.2300.Z01.E,M,U2,Y,V,M10,X,1,U2,2300,Z01,E,2025-01,10590040,A,F,,,P1M,,E,,,,,,,,,2,,,"Monetary aggregate M1, Stocks","Euro area (changing composition), Outstanding amounts at the end of the period (stocks), MFIs, central government and post office giro institutions reporting sector - Monetary aggregate M1, All currencies combined - Euro area (changing composition) counterpart, Non-MFIs excluding central government sector, denominated in Euro, data Working day and seasonally adjusted",EUR,6
BSI.M.U2.Y.V.M10.X.1.U2.2300.Z01.E,M,U2,Y,V,M10,X,1,U2,2300,Z01,E,2025-02,10646945,A,F,,,P1M,,E,,,,,,,,,2,,,"Monetary aggregate M1, Stocks","Euro area (changing composition), Outstanding amounts at the end of the period (stocks), MFIs, central government and post office giro institutions reporting sector - Monetary aggregate M1, All currencies combined - Euro area (changing composition) counterpart, Non-MFIs excluding central government sector, denominated in Euro, data Working day and seasonally adjusted",EUR,6
BSI.M.U2.Y.V.M10.X.1.U2.2300.Z01.E,M,U2,Y,V,M10,X,1,U2,2300,Z01,E,2025-03,10673107,A,F,,,P1M,,E,,,,,,,,,2,,,"Monetary aggregate M1, Stocks","Euro area (changing composition), Outstanding amounts at the end of the period (stocks), MFIs, central government and post office giro institutions reporting sector - Monetary aggregate M1, All currencies combined - Euro area (changing composition) counterpart, Non-MFIs excluding central government sector, denominated in Euro, data Working day and seasonally adjusted",EUR,6
BSI.M.U2.Y.V.M10.X.1.U2.2300.Z01.E,M,U2,Y,V,M10,X,1,U2,2300,Z01,E,2025-04,10737319,A,F,,,P1M,,E,,,,,,,,,2,,,"Monetary aggregate M1, Stocks","Euro area (changing composition), Outstanding amounts at the end of the period (stocks), MFIs, central government and post office giro institutions reporting sector - Monetary aggregate M1, All currencies combined - Euro area (changing composition) counterpart, Non-MFIs excluding central government sector, denominated in Euro, data Working day and seasonally adjusted",EUR,6
BSI.M.U2.Y.V.M10.X.1.U2.2300.Z01.E,M,U2,Y,V,M10,X,1,U2,2300,Z01,E,2025-05,10772442,A,F,,,P1M,,E,,,,,,,,,2,,,"Monetary aggregate M1, Stocks","Euro area (changing composition), Outstanding amounts at the end of the period (stocks), MFIs, central government and post office giro institutions reporting sector - Monetary aggregate M1, All currencies combined - Euro area (changing composition) counterpart, Non-MFIs excluding central government sector, denominated in Euro, data Working day and seasonally adjusted",EUR,6
BSI.M.U2.Y.V.M10.X.1.U2.2300.Z01.E,M,U2,Y,V,M10,X,1,U2,2300,Z01,E,2025-06,10809812,A,F,,,P1M,,E,,,,,,,,,2,,,"Monetary aggregate M1, Stocks","Euro area (changing composition), Outstanding amounts at the end of the period (stocks), MFIs, central government and post office giro institutions reporting sector - Monetary aggregate M1, All currencies combined - Euro area (changing composition) counterpart, Non-MFIs excluding central government sector, denominated in Euro, data Working day and seasonally adjusted",EUR,6
BSI.M.U2.Y.V.M10.X.1.U2.2300.Z01.E,M,U2,Y,V,M10,X,1,U2,2300,Z01,E,2025-07,10819575,A,F,,,P1M,,E,,,,,,,,,2,,,"Monetary aggregate M1, Stocks","Euro area (changing composition), Outstanding amounts at the end of the period (stocks), MFIs, central government and post office giro institutions reporting sector - Monetary aggregate M1, All currencies combined - Euro area (changing composition) counterpart, Non-MFIs excluding central government sector, denominated in Euro, data Working day and seasonally adjusted",EUR,6
BSI.M.U2.Y.V.M10.X.1.U2.2300.Z01.E,M,U2,Y,V,M10,X,1,U2,2300,Z01,E,2025-08,10848435,A,F,,,P1M,,E,,,,,,,,,2,,,"Monetary aggregate M1, Stocks","Euro area (changing composition), Outstanding amounts at the end of the period (stocks), MFIs, central government and post office giro institutions reporting sector - Monetary aggregate M1, All currencies combined - Euro area (changing composition) counterpart, Non-MFIs excluding central government sector, denominated in Euro, data Working day and seasonally adjusted",EUR,6
BSI.M.U2.Y.V.M10.X.1.U2.2300.Z01.E,M,U2,Y,V,M10,X,1,U2,2300,Z01,E,2025-09,10902998,A,F,,,P1M,,E,,,,,,,,,2,,,"Monetary aggregate M1, Stocks","Euro area (changing composition), Outstanding amounts at the end of the period (stocks), MFIs, central government and post office giro institutions reporting sector - Monetary aggregate M1, All currencies combined - Euro area (changing composition) counterpart, Non-MFIs excluding central government sector, denominated in Euro, data Working day and seasonally adjusted",EUR,6
BSI.M.U2.Y.V.M10.X.1.U2.2300.Z01.E,M,U2,Y,V,M10,X,1,U2,2300,Z01,E,2025-10,11004165,A,F,,,P1M,,E,,,,,,,,,2,,,"Monetary aggregate M1, Stocks","Euro area (changing composition), Outstanding amounts at the end of the period (stocks), MFIs, central government and post office giro institutions reporting sector - Monetary aggregate M1, All currencies combined - Euro area (changing composition) counterpart, Non-MFIs excluding central government sector, denominated in Euro, data Working day and seasonally adjusted",EUR,6
BSI.M.U2.Y.V.M10.X.1.U2.2300.Z01.E,M,U2,Y,V,M10,X,1,U2,2300,Z01,E,2025-11,11029094,A,F,,,P1M,,E,,,,,,,,,2,,,"Monetary aggregate M1, Stocks","Euro area (changing composition), Outstanding amounts at the end of the period (stocks), MFIs, central government and post office giro institutions reporting sector - Monetary aggregate M1, All currencies combined - Euro area (changing composition) counterpart, Non-MFIs excluding central government sector, denominated in Euro, data Working day and seasonally adjusted",EUR,6
BSI.M.U2.Y.V.M10.X.1.U2.2300.Z01.E,M,U2,Y,V,M10,X,1,U2,2300,Z01,E,2025-12,11090500,A,F,,,P1M,,E,,,,,,,,,2,,,"Monetary aggregate M1, Stocks","Euro area (changing composition), Outstanding amounts at the end of the period (stocks), MFIs, central government and post office giro institutions reporting sector - Monetary aggregate M1, All currencies combined - Euro area (changing composition) counterpart, Non-MFIs excluding central government sector, denominated in Euro, data Working day and seasonally adjusted",EUR,6
BSI.M.U2.Y.V.M10.X.1.U2.2300.Z01.E,M,U2,Y,V,M10,X,1,U2,2300,Z01,E,2026-01,11196595,A,F,,,P1M,,E,,,,,,,,,2,,,"Monetary aggregate M1, Stocks","Euro area (changing composition), Outstanding amounts at the end of the period (stocks), MFIs, central government and post office giro institutions reporting sector - Monetary aggregate M1, All currencies combined - Euro area (changing composition) counterpart, Non-MFIs excluding central government sector, denominated in Euro, data Working day and seasonally adjusted",EUR,6
BSI.M.U2.Y.V.M10.X.1.U2.2300.Z01.E,M,U2,Y,V,M10,X,1,U2,2300,Z01,E,2026-02,11213327,A,F,,,P1M,,E,,,,,,,,,2,,,"Monetary aggregate M1, Stocks","Euro area (changing composition), Outstanding amounts at the end of the period (stocks), MFIs, central government and post office giro institutions reporting sector - Monetary aggregate M1, All currencies combined - Euro area (changing composition) counterpart, Non-MFIs excluding central government sector, denominated in Euro, data Working day and seasonally adjusted",EUR,6
BSI.M.U2.Y.V.M10.X.1.U2.2300.Z01.E,M,U2,Y,V,M10,X,1,U2,2300,Z01,E,2026-03,11278107,A,F,,,P1M,,E,,,,,,,,,2,,,"Monetary aggregate M1, Stocks","Euro area (changing composition), Outstanding amounts at the end of the period (stocks), MFIs, central government and post office giro institutions reporting sector - Monetary aggregate M1, All currencies combined - Euro area (changing composition) counterpart, Non-MFIs excluding central government sector, denominated in Euro, data Working day and seasonally adjusted",EUR,6
BSI.M.U2.Y.V.M10.X.1.U2.2300.Z01.E,M,U2,Y,V,M10,X,1,U2,2300,Z01,E,2026-04,11278885,A,F,,,P1M,,E,,,,,,,,,2,,,"Monetary aggregate M1, Stocks","Euro area (changing composition), Outstanding amounts at the end of the period (stocks), MFIs, central government and post office giro institutions reporting sector - Monetary aggregate M1, All currencies combined - Euro area (changing composition) counterpart, Non-MFIs excluding central government sector, denominated in Euro, data Working day and seasonally adjusted",EUR,6
BSI.M.U2.Y.V.M10.X.1.U2.2300.Z01.E,M,U2,Y,V,M10,X,1,U2,2300,Z01,E,2026-05,11296517,A,F,,,P1M,,E,,,,,,,,,2,,,"Monetary aggregate M1, Stocks","Euro area (changing composition), Outstanding amounts at the end of the period (stocks), MFIs, central government and post office giro institutions reporting sector - Monetary aggregate M1, All currencies combined - Euro area (changing composition) counterpart, Non-MFIs excluding central government sector, denominated in Euro, data Working day and seasonally adjusted",EUR,6
BSI.M.U2.Y.V.M10.X.1.U2.2300.Z01.E,M,U2,Y,V,M10,X,1,U2,2300,Z01,E,2026-06,11324679,A,F,,,P1M,,E,,,,,,,,,2,,,"Monetary aggregate M1, Stocks","Euro area (changing composition), Outstanding amounts at the end of the period (stocks), MFIs, central government and post office giro institutions reporting sector - Monetary aggregate M1, All currencies combined - Euro area (changing composition) counterpart, Non-MFIs excluding central government sector, denominated in Euro, data Working day and seasonally adjusted",EUR,6
BSI.M.U2.Y.V.M10.X.1.U2.2300.Z01.E,M,U2,Y,V,M10,X,1,U2,2300,Z01,E,2026-07,11291831,A,F,,,P1M,,E,,,,,,,,,2,,,"Monetary aggregate M1, Stocks","Euro area (changing composition), Outstanding amounts at the end of the period (stocks), MFIs, central government and post office giro institutions reporting sector - Monetary aggregate M1, All currencies combined - Euro area (changing composition) counterpart, Non-MFIs excluding central government sector, denominated in Euro, data Working day and seasonally adjusted",EUR,6
BSI.M.U2.Y.V.M10.X.1.U2.2300.Z01.E,M,U2,Y,V,M10,X,1,U2,2300,Z01,E,2026-08,11293328,P,F,,,P1M,,E,,,,,,,,,2,,,"Monetary aggregate M1, Stocks","Euro area (changing composition), Outstanding amounts at the end of the period (stocks), MFIs, central government and post office giro institutions reporting sector - Monetary aggregate M1, All currencies combined - Euro area (changing composition) counterpart, Non-MFIs excluding central government sector, denominated in Euro, data Working day and seasonally adjusted",EUR,6
BSI.M.U2.Y.V.M20.X.1.U2.2300.Z01.E,M,U2,Y,V,M20,X,1,U2,2300,Z01,E,1999-01,3930982,A,F,,,P1M,,E,,,,,,,,,2,,,"Monetary aggregate M2, Stocks","Euro area (changing composition), Outstanding amounts at the end of the period (stocks), MFIs, central government and post office giro institutions reporting sector - Monetary aggregate M2, All currencies combined - Euro area (changing composition) counterpart, Non-MFIs excluding central government sector, denominated in Euro, data Working day and seasonally adjusted",EUR,6
BSI.M.U2.Y.V.M20.X.1.U2.2300.Z01.E,M,U2,Y,V,M20,X,1,U2,2300,Z01,E,1999-02,3905442,A,F,,,P1M,,E,,,,,,,,,2,,,"Monetary aggregate M2, Stocks","Euro area (changing composition), Outstanding amounts at the end of the period (stocks), MFIs, central government and post office giro institutions reporting sector - Monetary aggregate M2, All currencies combined - Euro area (changing composition) counterpart, Non-MFIs excluding central government sector, denominated in Euro, data Working day and seasonally adjusted",EUR,6
BSI.M.U2.Y.V.M20.X.1.U2.2300.Z01.E,M,U2,Y,V,M20,X,1,U2,2300,Z01,E,1999-03,3930847,A,F,,,P1M,,E,,,,,,,,,2,,,"Monetary aggregate M2, Stocks","Euro area (changing composition), Outstanding amounts at the end of the period (stocks), MFIs, central government and post office giro institutions reporting sector - Monetary aggregate M2, All currencies combined - Euro area (changing composition) counterpart, Non-MFIs excluding central government sector, denominated in Euro, data Working day and seasonally adjusted",EUR,6
BSI.M.U2.Y.V.M20.X.1.U2.2300.Z01.E,M,U2,Y,V,M20,X,1,U2,2300,Z01,E,1999-04,3952443,A,F,,,P1M,,E,,,,,,,,,2,,,"Monetary aggregate M2, Stocks","Euro area (changing composition), Outstanding amounts at the end of the period (stocks), MFIs, central government and post office giro institutions reporting sector - Monetary aggregate M2, All currencies combined - Euro area (changing composition) counterpart, Non-MFIs excluding central government sector, denominated in Euro, data Working day and seasonally adjusted",EUR,6
BSI.M.U2.Y.V.M20.X.1.U2.2300.Z01.E,M,U2,Y,V,M20,X,1,U2,2300,Z01,E,1999-05,3968746,A,F,,,P1M,,E,,,,,,,,,2,,,"Monetary aggregate M2, Stocks","Euro area (changing composition), Outstanding amounts at the end of the period (stocks), MFIs, central government and post office giro institutions reporting sector - Monetary aggregate M2, All currencies combined - Euro area (changing composition) counterpart, Non-MFIs excluding central government sector, denominated in Euro, data Working day and seasonally adjusted",EUR,6
BSI.M.U2.Y.V.M20.X.1.U2.2300.Z01.E,M,U2,Y,V,M20,X,1,U2,2300,Z01,E,1999-06,3988595,A,F,,,P1M,,E,,,,,,,,,2,,,"Monetary aggregate M2, Stocks","Euro area (changing composition), Outstanding amounts at the end of the period (stocks), MFIs, central government and post office giro institutions reporting sector - Monetary aggregate M2, All currencies combined - Euro area (changing composition) counterpart, Non-MFIs excluding central government sector, denominated in Euro, data Working day and seasonally adjusted",EUR,6
BSI.M.U2.Y.V.M20.X.1.U2.2300.Z01.E,M,U2,Y,V,M20,X,1,U2,2300,Z01,E,1999-07,4023726,A,F,,,P1M,,E,,,,,,,,,2,,,"Monetary aggregate M2, Stocks","Euro area (changing composition), Outstanding amounts at the end of the period (stocks), MFIs, central government and post office giro institutions reporting sector - Monetary aggregate M2, All currencies combined - Euro area (changing composition) counterpart, Non-MFIs excluding central government sector, denominated in Euro, data Working day and seasonally adjusted",EUR,6
BSI.M.U2.Y.V.M20.X.1.U2.2300.Z01.E,M,U2,Y,V,M20,X,1,U2,2300,Z01,E,1999-08,4024225,A,F,,,P1M,,E,,,,,,,,,2,,,"Monetary aggregate M2, Stocks","Euro area (changing composition), Outstanding amounts at the end of the period (stocks), MFIs, central government and post office giro institutions reporting sector - Monetary aggregate M2, All currencies combined - Euro area (changing composition) counterpart, Non-MFIs excluding central government sector, denominated in Euro, data Working day and seasonally adjusted",EUR,6
BSI.M.U2.Y.V.M20.X.1.U2.2300.Z01.E,M,U2,Y,V,M20,X,1,U2,2300,Z01,E,1999-09,4029253,A,F,,,P1M,,E,,,,,,,,,2,,,"Monetary aggregate M2, Stocks","Euro area (changing composition), Outstanding amounts at the end of the period (stocks), MFIs, central government and post office giro institutions reporting sector - Monetary aggregate M2, All currencies combined - Euro area (changing composition) counterpart, Non-MFIs excluding central government sector, denominated in Euro, data Working day and seasonally adjusted",EUR,6
BSI.M.U2.Y.V.M20.X.1.U2.2300.Z01.E,M,U2,Y,V,M20,X,1,U2,2300,Z01,E,1999-10,4052935,A,F,,,P1M,,E,,,,,,,,,2,,,"Monetary aggregate M2, Stocks","Euro area (changing composition), Outstanding amounts at the end of the period (stocks), MFIs, central government and post office giro institutions reporting sector - Monetary aggregate M2, All currencies combined - Euro area (changing composition) counterpart, Non-MFIs excluding central government sector, denominated in Euro, data Working day and seasonally adjusted",EUR,6
BSI.M.U2.Y.V.M20.X.1.U2.2300.Z01.E,M,U2,Y,V,M20,X,1,U2,2300,Z01,E,1999-11,4066747,A,F,,,P1M,,E,,,,,,,,,2,,,"Monetary aggregate M2, Stocks","Euro area (changing composition), Outstanding amounts at the end of the period (stocks), MFIs, central government and post office giro institutions reporting sector - Monetary aggregate M2, All currencies combined - Euro area (changing composition) counterpart, Non-MFIs excluding central government sector, denominated in Euro, data Working day and seasonally adjusted",EUR,6
BSI.M.U2.Y.V.M20.X.1.U2.2300.Z01.E,M,U2,Y,V,M20,X,1,U2,2300,Z01,E,1999-12,4078868,A,F,,,P1M,,E,,,,,,,,,2,,,"Monetary aggregate M2, Stocks","Euro area (changing composition), Outstanding amounts at the end of the period (stocks), MFIs, central government and post office giro institutions reporting sector - Monetary aggregate M2, All currencies combined - Euro area (changing composition) counterpart, Non-MFIs excluding central government sector, denominated in Euro, data Working day and seasonally adjusted",EUR,6
BSI.M.U2.Y.V.M20.X.1.U2.2300.Z01.E,M,U2,Y,V,M20,X,1,U2,2300,Z01,E,2000-01,4121606,A,F,,,P1M,,E,,,,,,,,,2,,,"Monetary aggregate M2, Stocks","Euro area (changing composition), Outstanding amounts at the end of the period (stocks), MFIs, central government and post office giro institutions reporting sector - Monetary aggregate M2, All currencies combined - Euro area (changing composition) counterpart, Non-MFIs excluding central government sector, denominated in Euro, data Working day and seasonally adjusted",EUR,6
BSI.M.U2.Y.V.M20.X.1.U2.2300.Z01.E,M,U2,Y,V,M20,X,1,U2,2300,Z01,E,2000-02,4136412,A,F,,,P1M,,E,,,,,,,,,2,,,"Monetary aggregate M2, Stocks","Euro area (changing composition), Outstanding amounts at the end of the period (stocks), MFIs, central government and post office giro institutions reporting sector - Monetary aggregate M2, All currencies combined - Euro area (changing composition) counterpart, Non-MFIs excluding central government sector, denominated in Euro, data Working day and seasonally adjusted",EUR,6
BSI.M.U2.Y.V.M20.X.1.U2.2300.Z01.E,M,U2,Y,V,M20,X,1,U2,2300,Z01,E,2000-03,4149339,A,F,,,P1M,,E,,,,,,,,,2,,,"Monetary aggregate M2, Stocks","Euro area (changing composition), Outstanding amounts at the end of the period (stocks), MFIs, central government and post office giro institutions reporting sector - Monetary aggregate M2, All currencies combined - Euro area (changing composition) counterpart, Non-MFIs excluding central government sector, denominated in Euro, data Working day and seasonally adjusted",EUR,6
BSI.M.U2.Y.V.M20.X.1.U2.2300.Z01.E,M,U2,Y,V,M20,X,1,U2,2300,Z01,E,2000-04,4174322,A,F,,,P1M,,E,,,,,,,,,2,,,"Monetary aggregate M2, Stocks","Euro area (changing composition), Outstanding amounts at the end of the period (stocks), MFIs, central government and post office giro institutions reporting sector - Monetary aggregate M2, All currencies combined - Euro area (changing composition) counterpart, Non-MFIs excluding central government sector, denominated in Euro, data Working day and seasonally adjusted",EUR,6
BSI.M.U2.Y.V.M20.X.1.U2.2300.Z01.E,M,U2,Y,V,M20,X,1,U2,2300,Z01,E,2000-05,4168507,A,F,,,P1M,,E,,,,,,,,,2,,,"Monetary aggregate M2, Stocks","Euro area (changing composition), Outstanding amounts at the end of the period (stocks), MFIs, central government and post office giro institutions reporting sector - Monetary aggregate M2, All currencies combined - Euro area (changing composition) counterpart, Non-MFIs excluding central government sector, denominated in Euro, data Working day and seasonally adjusted",EUR,6
BSI.M.U2.Y.V.M20.X.1.U2.2300.Z01.E,M,U2,Y,V,M20,X,1,U2,2300,Z01,E,2000-06,4171277,A,F,,,P1M,,E,,,,,,,,,2,,,"Monetary aggregate M2, Stocks","Euro area (changing composition), Outstanding amounts at the end of the period (stocks), MFIs, central government and post office giro institutions reporting sector - Monetary aggregate M2, All currencies combined - Euro area (changing composition) counterpart, Non-MFIs excluding central government sector, denominated in Euro, data Working day and seasonally adjusted",EUR,6
BSI.M.U2.Y.V.M20.X.1.U2.2300.Z01.E,M,U2,Y,V,M20,X,1,U2,2300,Z01,E,2000-07,4183450,A,F,,,P1M,,E,,,,,,,,,2,,,"Monetary aggregate M2, Stocks","Euro area (changing composition), Outstanding amounts at the end of the period (stocks), MFIs, central government and post office giro institutions reporting sector - Monetary aggregate M2, All currencies combined - Euro area (changing composition) counterpart, Non-MFIs excluding central government sector, denominated in Euro, data Working day and seasonally adjusted",EUR,6
BSI.M.U2.Y.V.M20.X.1.U2.2300.Z01.E,M,U2,Y,V,M20,X,1,U2,2300,Z01,E,2000-08,4209465,A,F,,,P1M,,E,,,,,,,,,2,,,"Monetary aggregate M2, Stocks","Euro area (changing composition), Outstanding amounts at the end of the period (stocks), MFIs, central government and post office giro institutions reporting sector - Monetary aggregate M2, All currencies combined - Euro area (changing composition) counterpart, Non-MFIs excluding central government sector, denominated in Euro, data Working day and seasonally adjusted",EUR,6
BSI.M.U2.Y.V.M20.X.1.U2.2300.Z01.E,M,U2,Y,V,M20,X,1,U2,2300,Z01,E,2000-09,4212330,A,F,,,P1M,,E,,,,,,,,,2,,,"Monetary aggregate M2, Stocks","Euro area (changing composition), Outstanding amounts at the end of the period (stocks), MFIs, central government and post office giro institutions reporting sector - Monetary aggregate M2, All currencies combined - Euro area (changing composition) counterpart, Non-MFIs excluding central government sector, denominated in Euro, data Working day and seasonally adjusted",EUR,6
BSI.M.U2.Y.V.M20.X.1.U2.2300.Z01.E,M,U2,Y,V,M20,X,1,U2,2300,Z01,E,2000-10,4225858,A,F,,,P1M,,E,,,,,,,,,2,,,"Monetary aggregate M2, Stocks","Euro area (changing composition), Outstanding amounts at the end of the period (stocks), MFIs, central government and post office giro institutions reporting sector - Monetary aggregate M2, All currencies combined - Euro area (changing composition) counterpart, Non-MFIs excluding central government sector, denominated in Euro, data Working day and seasonally adjusted",EUR,6
BSI.M.U2.Y.V.M20.X.1.U2.2300.Z01.E,M,U2,Y,V,M20,X,1,U2,2300,Z01,E,2000-11,4226830,A,F,,,P1M,,E,,,,,,,,,2,,,"Monetary aggregate M2, Stocks","Euro area (changing composition), Outstanding amounts at the end of the period (stocks), MFIs, central government and post office giro institutions reporting sector - Monetary aggregate M2, All currencies combined - Euro area (changing composition) counterpart, Non-MFIs excluding central government sector, denominated in Euro, data Working day and seasonally adjusted",EUR,6
BSI.M.U2.Y.V.M20.X.1.U2.2300.Z01.E,M,U2,Y,V,M20,X,1,U2,2300,Z01,E,2000-12,4226952,A,F,,,P1M,,E,,,,,,,,,2,,,"Monetary aggregate M2, Stocks","Euro area (changing composition), Outstanding amounts at the end of the period (stocks), MFIs, central government and post office giro institutions reporting sector - Monetary aggregate M2, All currencies combined - Euro area (changing composition) counterpart, Non-MFIs excluding central government sector, denominated in Euro, data Working day and seasonally adjusted",EUR,6
BSI.M.U2.Y.V.M20.X.1.U2.2300.Z01.E,M,U2,Y,V,M20,X,1,U2,2300,Z01,E,2001-01,4340387,A,F,,,P1M,,E,,,,,,,,,2,,,"Monetary aggregate M2, Stocks","Euro area (changing composition), Outstanding amounts at the end of the period (stocks), MFIs, central government and post office giro institutions reporting sector - Monetary aggregate M2, All currencies combined - Euro area (changing composition) counterpart, Non-MFIs excluding central government sector, denominated in Euro, data Working day and seasonally adjusted",EUR,6
BSI.M.U2.Y.V.M20.X.1.U2.2300.Z01.E,M,U2,Y,V,M20,X,1,U2,2300,Z01,E,2001-02,4363192,A,F,,,P1M,,E,,,,,,,,,2,,,"Monetary aggregate M2, Stocks","Euro area (changing composition), Outstanding amounts at the end of the period (stocks), MFIs, central government and post office giro institutions reporting sector - Monetary aggregate M2, All currencies combined - Euro area (changing composition) counterpart, Non-MFIs excluding central government sector, denominated in Euro, data Working day and seasonally adjusted",EUR,6
BSI.M.U2.Y.V.M20.X.1.U2.2300.Z01.E,M,U2,Y,V,M20,X,1,U2,2300,Z01,E,2001-03,4382791,A,F,,,P1M,,E,,,,,,,,,2,,,"Monetary aggregate M2, Stocks","Euro area (changing composition), Outstanding amounts at the end of the period (stocks), MFIs, central government and post office giro institutions reporting sector - Monetary aggregate M2, All currencies combined - Euro area (changing composition) counterpart, Non-MFIs excluding central government sector, denominated in Euro, data Working day and seasonally adjusted",EUR,6
BSI.M.U2.Y.V.M20.X.1.U2.2300.Z01.E,M,U2,Y,V,M20,X,1,U2,2300,Z01,E,2001-04,4412550,A,F,,,P1M,,E,,,,,,,,,2,,,"Monetary aggregate M2, Stocks","Euro area (changing composition), Outstanding amounts at the end of the period (stocks), MFIs, central government and post office giro institutions reporting sector - Monetary aggregate M2, All currencies combined - Euro area (changing composition) counterpart, Non-MFIs excluding central government sector, denominated in Euro, data Working day and seasonally adjusted",EUR,6
BSI.M.U2.Y.V.M20.X.1.U2.2300.Z01.E,M,U2,Y,V,M20,X,1,U2,2300,Z01,E,2001-05,4429759,A,F,,,P1M,,E,,,,,,,,,2,,,"Monetary aggregate M2, Stocks","Euro area (changing composition), Outstanding amounts at the end of the period (stocks), MFIs, central government and post office giro institutions reporting sector - Monetary aggregate M2, All currencies combined - Euro area (changing composition) counterpart, Non-MFIs excluding central government sector, denominated in Euro, data Working day and seasonally adjusted",EUR,6
BSI.M.U2.Y.V.M20.X.1.U2.2300.Z01.E,M,U2,Y,V,M20,X,1,U2,2300,Z01,E,2001-06,4467986,A,F,,,P1M,,E,,,,,,,,,2,,,"Monetary aggregate M2, Stocks","Euro area (changing composition), Outstanding amounts at the end of the period (stocks), MFIs, central government and post office giro institutions reporting sector - Monetary aggregate M2, All currencies combined - Euro area (changing composition) counterpart, Non-MFIs excluding central government sector, denominated in Euro, data Working day and seasonally adjusted",EUR,6
BSI.M.U2.Y.V.M20.X.1.U2.2300.Z01.E,M,U2,Y,V,M20,X,1,U2,2300,Z01,E,2001-07,4481145,A,F,,,P1M,,E,,,,,,,,,2,,,"Monetary aggregate M2, Stocks","Euro area (changing composition), Outstanding amounts at the end of the period (stocks), MFIs, central government and post office giro institutions reporting sector - Monetary aggregate M2, All currencies combined - Euro area (changing composition) counterpart, Non-MFIs excluding central government sector, denominated in Euro, data Working day and seasonally adjusted",EUR,6
BSI.M.U2.Y.V.M20.X.1.U2.2300.Z01.E,M,U2,Y,V,M20,X,1,U2,2300,Z01,E,2001-08,4501923,A,F,,,P1M,,E,,,,,,,,,2,,,"Monetary aggregate M2, Stocks","Euro area (changing composition), Outstanding amounts at the end of the period (stocks), MFIs, central government and post office giro institutions reporting sector - Monetary aggregate M2, All currencies combined - Euro area (changing composition) counterpart, Non-MFIs excluding central government sector, denominated in Euro, data Working day and seasonally adjusted",EUR,6
BSI.M.U2.Y.V.M20.X.1.U2.2300.Z01.E,M,U2,Y,V,M20,X,1,U2,2300,Z01,E,2001-09,4533918,A,F,,,P1M,,E,,,,,,,,,2,,,"Monetary aggregate M2, Stocks","Euro area (changing composition), Outstanding amounts at the end of the period (stocks), MFIs, central government and post office giro institutions reporting sector - Monetary aggregate M2, All currencies combined - Euro area (changing composition) counterpart, Non-MFIs excluding central government sector, denominated in Euro, data Working day and seasonally adjusted",EUR,6
BSI.M.U2.Y.V.M20.X.1.U2.2300.Z01.E,M,U2,Y,V,M20,X,1,U2,2300,Z01,E,2001-10,4553696,A,F,,,P1M,,E,,,,,,,,,2,,,"Monetary aggregate M2, Stocks","Euro area (changing composition), Outstanding amounts at the end of the period (stocks), MFIs, central government and post office giro institutions reporting sector - Monetary aggregate M2, All currencies combined - Euro area (changing composition) counterpart, Non-MFIs excluding central government sector, denominated in Euro, data Working day and seasonally adjusted",EUR,6
BSI.M.U2.Y.V.M20.X.1.U2.2300.Z01.E,M,U2,Y,V,M20,X,1,U2,2300,Z01,E,2001-11,4588671,A,F,,,P1M,,E,,,,,,,,,2,,,"Monetary aggregate M2, Stocks","Euro area (changing composition), Outstanding amounts at the end of the period (stocks), MFIs, central government and post office giro institutions reporting sector - Monetary aggregate M2, All currencies combined - Euro area (changing composition) counterpart, Non-MFIs excluding central government sector, denominated in Euro, data Working day and seasonally adjusted",EUR,6
BSI.M.U2.Y.V.M20.X.1.U2.2300.Z01.E,M,U2,Y,V,M20,X,1,U2,2300,Z01,E,2001-12,4615510,A,F,,,P1M,,E,,,,,,,,,2,,,"Monetary aggregate M2, Stocks","Euro area (changing composition), Outstanding amounts at the end of the period (stocks), MFIs, central government and post office giro institutions reporting sector - Monetary aggregate M2, All currencies combined - Euro area (changing composition) counterpart, Non-MFIs excluding central government sector, denominated in Euro, data Working day and seasonally adjusted",EUR,6
BSI.M.U2.Y.V.M20.X.1.U2.2300.Z01.E,M,U2,Y,V,M20,X,1,U2,2300,Z01,E,2002-01,4645232,A,F,,,P1M,,E,,,,,,,,,2,,,"Monetary aggregate M2, Stocks","Euro area (changing composition), Outstanding amounts at the end of the period (stocks), MFIs, central government and post office giro institutions reporting sector - Monetary aggregate M2, All currencies combined - Euro area (changing composition) counterpart, Non-MFIs excluding central government sector, denominated in Euro, data Working day and seasonally adjusted",EUR,6
BSI.M.U2.Y.V.M20.X.1.U2.2300.Z01.E,M,U2,Y,V,M20,X,1,U2,2300,Z01,E,2002-02,4650397,A,F,,,P1M,,E,,,,,,,,,2,,,"Monetary aggregate M2, Stocks","Euro area (changing composition), Outstanding amounts at the end of the period (stocks), MFIs, central government and post office giro institutions reporting sector - Monetary aggregate M2, All currencies combined - Euro area (changing composition) counterpart, Non-MFIs excluding central government sector, denominated in Euro, data Working day and seasonally adjusted",EUR,6
BSI.M.U2.Y.V.M20.X.1.U2.2300.Z01.E,M,U2,Y,V,M20,X,1,U2,2300,Z01,E,2002-03,4662027,A,F,,,P1M,,E,,,,,,,,,2,,,"Monetary aggregate M2, Stocks","Euro area (changing composition), Outstanding amounts at the end of the period (stocks), MFIs, central government and post office giro institutions reporting sector - Monetary aggregate M2, All currencies combined - Euro area (changing composition) counterpart, Non-MFIs excluding central government sector, denominated in Euro, data Working day and seasonally adjusted",EUR,6
BSI.M.U2.Y.V.M20.X.1.U2.2300.Z01.E,M,U2,Y,V,M20,X,1,U2,2300,Z01,E,2002-04,4697507,A,F,,,P1M,,E,,,,,,,,,2,,,"Monetary aggregate M2, Stocks","Euro area (changing composition), Outstanding amounts at the end of the period (stocks), MFIs, central government and post office giro institutions reporting sector - Monetary aggregate M2, All currencies combined - Euro area (changing composition) counterpart, Non-MFIs excluding central government sector, denominated in Euro, data Working day and seasonally adjusted",EUR,6
BSI.M.U2.Y.V.M20.X.1.U2.2300.Z01.E,M,U2,Y,V,M20,X,1,U2,2300,Z01,E,2002-05,4719009,A,F,,,P1M,,E,,,,,,,,,2,,,"Monetary aggregate M2, Stocks","Euro area (changing composition), Outstanding amounts at the end of the period (stocks), MFIs, central government and post office giro institutions reporting sector - Monetary aggregate M2, All currencies combined - Euro area (changing composition) counterpart, Non-MFIs excluding central government sector, denominated in Euro, data Working day and seasonally adjusted",EUR,6
BSI.M.U2.Y.V.M20.X.1.U2.2300.Z01.E,M,U2,Y,V,M20,X,1,U2,2300,Z01,E,2002-06,4735880,A,F,,,P1M,,E,,,,,,,,,2,,,"Monetary aggregate M2, Stocks","Euro area (changing composition), Outstanding amounts at the end of the period (stocks), MFIs, central government and post office giro institutions reporting sector - Monetary aggregate M2, All currencies combined - Euro area (changing composition) counterpart, Non-MFIs excluding central government sector, denominated in Euro, data Working day and seasonally adjusted",EUR,6
BSI.M.U2.Y.V.M20.X.1.U2.2300.Z01.E,M,U2,Y,V,M20,X,1,U2,2300,Z01,E,2002-07,4761547,A,F,,,P1M,,E,,,,,,,,,2,,,"Monetary aggregate M2, Stocks","Euro area (changing composition), Outstanding amounts at the end of the period (stocks), MFIs, central government and post office giro institutions reporting sector - Monetary aggregate M2, All currencies combined - Euro area (changing composition) counterpart, Non-MFIs excluding central government sector, denominated in Euro, data Working day and seasonally adjusted",EUR,6
BSI.M.U2.Y.V.M20.X.1.U2.2300.Z01.E,M,U2,Y,V,M20,X,1,U2,2300,Z01,E,2002-08,4785365,A,F,,,P1M,,E,,,,,,,,,2,,,"Monetary aggregate M2, Stocks","Euro area (changing composition), Outstanding amounts at the end of the period (stocks), MFIs, central government and post office giro institutions reporting sector - Monetary aggregate M2, All currencies combined - Euro area (changing composition) counterpart, Non-MFIs excluding central government sector, denominated in Euro, data Working day and seasonally adjusted",EUR,6
BSI.M.U2.Y.V.M20.X.1.U2.2300.Z01.E,M,U2,Y,V,M20,X,1,U2,2300,Z01,E,2002-09,4821013,A,F,,,P1M,,E,,,,,,,,,2,,,"Monetary aggregate M2, Stocks","Euro area (changing composition), Outstanding amounts at the end of the period (stocks), MFIs, central government and post office giro institutions reporting sector - Monetary aggregate M2, All currencies combined - Euro area (changing composition) counterpart, Non-MFIs excluding central government sector, denominated in Euro, data Working day and seasonally adjusted",EUR,6
BSI.M.U2.Y.V.M20.X.1.U2.2300.Z01.E,M,U2,Y,V,M20,X,1,U2,2300,Z01,E,2002-10,4847022,A,F,,,P1M,,E,,,,,,,,,2,,,"Monetary aggregate M2, Stocks","Euro area (changing composition), Outstanding amounts at the end of the period (stocks), MFIs, central government and post office giro institutions reporting sector - Monetary aggregate M2, All currencies combined - Euro area (changing composition) counterpart, Non-MFIs excluding central government sector, denominated in Euro, data Working day and seasonally adjusted",EUR,6
BSI.M.U2.Y.V.M20.X.1.U2.2300.Z01.E,M,U2,Y,V,M20,X,1,U2,2300,Z01,E,2002-11,4890882,A,F,,,P1M,,E,,,,,,,,,2,,,"Monetary aggregate M2, Stocks","Euro area (changing composition), Outstanding amounts at the end of the period (stocks), MFIs, central government and post office giro institutions reporting sector - Monetary aggregate M2, All currencies combined - Euro area (changing composition) counterpart, Non-MFIs excluding central government sector, denominated in Euro, data Working day and seasonally adjusted",EUR,6
BSI.M.U2.Y.V.M20.X.1.U2.2300.Z01.E,M,U2,Y,V,M20,X,1,U2,2300,Z01,E,2002-12,4915147,A,F,,,P1M,,E,,,,,,,,,2,,,"Monetary aggregate M2, Stocks","Euro area (changing composition), Outstanding amounts at the end of the period (stocks), MFIs, central government and post office giro institutions reporting sector - Monetary aggregate M2, All currencies combined - Euro area (changing composition) counterpart, Non-MFIs excluding central government sector, denominated in Euro, data Working day and seasonally adjusted",EUR,6
BSI.M.U2.Y.V.M20.X.1.U2.2300.Z01.E,M,U2,Y,V,M20,X,1,U2,2300,Z01,E,2003-01,4922129,A,F,,,P1M,,E,,,,,,,,,2,,,"Monetary aggregate M2, Stocks","Euro area (changing composition), Outstanding amounts at the end of the period (stocks), MFIs, central government and post office giro institutions reporting sector - Monetary aggregate M2, All currencies combined - Euro area (changing composition) counterpart, Non-MFIs excluding central government sector, denominated in Euro, data Working day and seasonally adjusted",EUR,6
BSI.M.U2.Y.V.M20.X.1.U2.2300.Z01.E,M,U2,Y,V,M20,X,1,U2,2300,Z01,E,2003-02,4968610,A,F,,,P1M,,E,,,,,,,,,2,,,"Monetary aggregate M2, Stocks","Euro area (changing composition), Outstanding amounts at the end of the period (stocks), MFIs, central government and post office giro institutions reporting sector - Monetary aggregate M2, All currencies combined - Euro area (changing composition) counterpart, Non-MFIs excluding central government sector, denominated in Euro, data Working day and seasonally adjusted",EUR,6
BSI.M.U2.Y.V.M20.X.1.U2.2300.Z01.E,M,U2,Y,V,M20,X,1,U2,2300,Z01,E,2003-03,5000011,A,F,,,P1M,,E,,,,,,,,,2,,,"Monetary aggregate M2, Stocks","Euro area (changing composition), Outstanding amounts at the end of the period (stocks), MFIs, central government and post office giro institutions reporting sector - Monetary aggregate M2, All currencies combined - Euro area (changing composition) counterpart, Non-MFIs excluding central government sector, denominated in Euro, data Working day and seasonally adjusted",EUR,6
BSI.M.U2.Y.V.M20.X.1.U2.2300.Z01.E,M,U2,Y,V,M20,X,1,U2,2300,Z01,E,2003-04,5048210,A,F,,,P1M,,E,,,,,,,,,2,,,"Monetary aggregate M2, Stocks","Euro area (changing composition), Outstanding amounts at the end of the period (stocks), MFIs, central government and post office giro institutions reporting sector - Monetary aggregate M2, All currencies combined - Euro area (changing composition) counterpart, Non-MFIs excluding central government sector, denominated in Euro, data Working day and seasonally adjusted",EUR,6
BSI.M.U2.Y.V.M20.X.1.U2.2300.Z01.E,M,U2,Y,V,M20,X,1,U2,2300,Z01,E,2003-05,5088934,A,F,,,P1M,,E,,,,,,,,,2,,,"Monetary aggregate M2, Stocks","Euro area (changing composition), Outstanding amounts at the end of the period (stocks), MFIs, central government and post office giro institutions reporting sector - Monetary aggregate M2, All currencies combined - Euro area (changing composition) counterpart, Non-MFIs excluding central government sector, denominated in Euro, data Working day and seasonally adjusted",EUR,6
BSI.M.U2.Y.V.M20.X.1.U2.2300.Z01.E,M,U2,Y,V,M20,X,1,U2,2300,Z01,E,2003-06,5096544,A,F,,,P1M,,E,,,,,,,,,2,,,"Monetary aggregate M2, Stocks","Euro area (changing composition), Outstanding amounts at the end of the period (stocks), MFIs, central government and post office giro institutions reporting sector - Monetary aggregate M2, All currencies combined - Euro area (changing composition) counterpart, Non-MFIs excluding central government sector, denominated in Euro, data Working day and seasonally adjusted",EUR,6
BSI.M.U2.Y.V.M20.X.1.U2.2300.Z01.E,M,U2,Y,V,M20,X,1,U2,2300,Z01,E,2003-07,5123636,A,F,,,P1M,,E,,,,,,,,,2,,,"Monetary aggregate M2, Stocks","Euro area (changing composition), Outstanding amounts at the end of the period (stocks), MFIs, central government and post office giro institutions reporting sector - Monetary aggregate M2, All currencies combined - Euro area (changing composition) counterpart, Non-MFIs excluding central government sector, denominated in Euro, data Working day and seasonally adjusted",EUR,6
BSI.M.U2.Y.V.M20.X.1.U2.2300.Z01.E,M,U2,Y,V,M20,X,1,U2,2300,Z01,E,2003-08,5160933,A,F,,,P1M,,E,,,,,,,,,2,,,"Monetary aggregate M2, Stocks","Euro area (changing composition), Outstanding amounts at the end of the period (stocks), MFIs, central government and post office giro institutions reporting sector - Monetary aggregate M2, All currencies combined - Euro area (changing composition) counterpart, Non-MFIs excluding central government sector, denominated in Euro, data Working day and seasonally adjusted",EUR,6
BSI.M.U2.Y.V.M20.X.1.U2.2300.Z01.E,M,U2,Y,V,M20,X,1,U2,2300,Z01,E,2003-09,5167505,A,F,,,P1M,,E,,,,,,,,,2,,,"Monetary aggregate M2, Stocks","Euro area (changing composition), Outstanding amounts at the end of the period (stocks), MFIs, central government and post office giro institutions reporting sector - Monetary aggregate M2, All currencies combined - Euro area (changing composition) counterpart, Non-MFIs excluding central government sector, denominated in Euro, data Working day and seasonally adjusted",EUR,6
BSI.M.U2.Y.V.M20.X.1.U2.2300.Z01.E,M,U2,Y,V,M20,X,1,U2,2300,Z01,E,2003-10,5200531,A,F,,,P1M,,E,,,,,,,,,2,,,"Monetary aggregate M2, Stocks","Euro area (changing composition), Outstanding amounts at the end of the period (stocks), MFIs, central government and post office giro institutions reporting sector - Monetary aggregate M2, All currencies combined - Euro area (changing composition) counterpart, Non-MFIs excluding central government sector, denominated in Euro, data Working day and seasonally adjusted",EUR,6
BSI.M.U2.Y.V.M20.X.1.U2.2300.Z01.E,M,U2,Y,V,M20,X,1,U2,2300,Z01,E,2003-11,5217471,A,F,,,P1M,,E,,,,,,,,,2,,,"Monetary aggregate M2, Stocks","Euro area (changing composition), Outstanding amounts at the end of the period (stocks), MFIs, central government and post office giro institutions reporting sector - Monetary aggregate M2, All currencies combined - Euro area (changing composition) counterpart, Non-MFIs excluding central government sector, denominated in Euro, data Working day and seasonally adjusted",EUR,6
BSI.M.U2.Y.V.M20.X.1.U2.2300.Z01.E,M,U2,Y,V,M20,X,1,U2,2300,Z01,E,2003-12,5238327,A,F,,,P1M,,E,,,,,,,,,2,,,"Monetary aggregate M2, Stocks","Euro area (changing composition), Outstanding amounts at the end of the period (stocks), MFIs, central government and post office giro institutions reporting sector - Monetary aggregate M2, All currencies combined - Euro area (changing composition) counterpart, Non-MFIs excluding central government sector, denominated in Euro, data Working day and seasonally adjusted",EUR,6
BSI.M.U2.Y.V.M20.X.1.U2.2300.Z01.E,M,U2,Y,V,M20,X,1,U2,2300,Z01,E,2004-01,5259980,A,F,,,P1M,,E,,,,,,,,,2,,,"Monetary aggregate M2, Stocks","Euro area (changing composition), Outstanding amounts at the end of the period (stocks), MFIs, central government and post office giro institutions reporting sector - Monetary aggregate M2, All currencies combined - Euro area (changing composition) counterpart, Non-MFIs excluding central government sector, denominated in Euro, data Working day and seasonally adjusted",EUR,6
BSI.M.U2.Y.V.M20.X.1.U2.2300.Z01.E,M,U2,Y,V,M20,X,1,U2,2300,Z01,E,2004-02,5281581,A,F,,,P1M,,E,,,,,,,,,2,,,"Monetary aggregate M2, Stocks","Euro area (changing composition), Outstanding amounts at the end of the period (stocks), MFIs, central government and post office giro institutions reporting sector - Monetary aggregate M2, All currencies combined - Euro area (changing composition) counterpart, Non-MFIs excluding central government sector, denominated in Euro, data Working day and seasonally adjusted",EUR,6
BSI.M.U2.Y.V.M20.X.1.U2.2300.Z01.E,M,U2,Y,V,M20,X,1,U2,2300,Z01,E,2004-03,5316424,A,F,,,P1M,,E,,,,,,,,,2,,,"Monetary aggregate M2, Stocks","Euro area (changing composition), Outstanding amounts at the end of the period (stocks), MFIs, central government and post office giro institutions reporting sector - Monetary aggregate M2, All currencies combined - Euro area (changing composition) counterpart, Non-MFIs excluding central government sector, denominated in Euro, data Working day and seasonally adjusted",EUR,6
BSI.M.U2.Y.V.M20.X.1.U2.2300.Z01.E,M,U2,Y,V,M20,X,1,U2,2300,Z01,E,2004-04,5341144,A,F,,,P1M,,E,,,,,,,,,2,,,"Monetary aggregate M2, Stocks","Euro area (changing composition), Outstanding amounts at the end of the period (stocks), MFIs, central government and post office giro institutions reporting sector - Monetary aggregate M2, All currencies combined - Euro area (changing composition) counterpart, Non-MFIs excluding central government sector, denominated in Euro, data Working day and seasonally adjusted",EUR,6
BSI.M.U2.Y.V.M20.X.1.U2.2300.Z01.E,M,U2,Y,V,M20,X,1,U2,2300,Z01,E,2004-05,5355734,A,F,,,P1M,,E,,,,,,,,,2,,,"Monetary aggregate M2, Stocks","Euro area (changing composition), Outstanding amounts at the end of the period (stocks), MFIs, central government and post office giro institutions reporting sector - Monetary aggregate M2, All currencies combined - Euro area (changing composition) counterpart, Non-MFIs excluding central government sector, denominated in Euro, data Working day and seasonally adjusted",EUR,6
BSI.M.U2.Y.V.M20.X.1.U2.2300.Z01.E,M,U2,Y,V,M20,X,1,U2,2300,Z01,E,2004-06,5385279,A,F,,,P1M,,E,,,,,,,,,2,,,"Monetary aggregate M2, Stocks","Euro area (changing composition), Outstanding amounts at the end of the period (stocks), MFIs, central government and post office giro institutions reporting sector - Monetary aggregate M2, All currencies combined - Euro area (changing composition) counterpart, Non-MFIs excluding central government sector, denominated in Euro, data Working day and seasonally adjusted",EUR,6
BSI.M.U2.Y.V.M20.X.1.U2.2300.Z01.E,M,U2,Y,V,M20,X,1,U2,2300,Z01,E,2004-07,5421035,A,F,,,P1M,,E,,,,,,,,,2,,,"Monetary aggregate M2, Stocks","Euro area (changing composition), Outstanding amounts at the end of the period (stocks), MFIs, central government and post office giro institutions reporting sector - Monetary aggregate M2, All currencies combined - Euro area (changing composition) counterpart, Non-MFIs excluding central government sector, denominated in Euro, data Working day and seasonally adjusted",EUR,6
BSI.M.U2.Y.V.M20.X.1.U2.2300.Z01.E,M,U2,Y,V,M20,X,1,U2,2300,Z01,E,2004-08,5438154,A,F,,,P1M,,E,,,,,,,,,2,,,"Monetary aggregate M2, Stocks","Euro area (changing composition), Outstanding amounts at the end of the period (stocks), MFIs, central government and post office giro institutions reporting sector - Monetary aggregate M2, All currencies combined - Euro area (changing composition) counterpart, Non-MFIs excluding central government sector, denominated in Euro, data Working day and seasonally adjusted",EUR,6
BSI.M.U2.Y.V.M20.X.1.U2.2300.Z01.E,M,U2,Y,V,M20,X,1,U2,2300,Z01,E,2004-09,5484081,A,F,,,P1M,,E,,,,,,,,,2,,,"Monetary aggregate M2, Stocks","Euro area (changing composition), Outstanding amounts at the end of the period (stocks), MFIs, central government and post office giro institutions reporting sector - Monetary aggregate M2, All currencies combined - Euro area (changing composition) counterpart, Non-MFIs excluding central government sector, denominated in Euro, data Working day and seasonally adjusted",EUR,6
BSI.M.U2.Y.V.M20.X.1.U2.2300.Z01.E,M,U2,Y,V,M20,X,1,U2,2300,Z01,E,2004-10,5518152,A,F,,,P1M,,E,,,,,,,,,2,,,"Monetary aggregate M2, Stocks","Euro area (changing composition), Outstanding amounts at the end of the period (stocks), MFIs, central government and post office giro institutions reporting sector - Monetary aggregate M2, All currencies combined - Euro area (changing composition) counterpart, Non-MFIs excluding central government sector, denominated in Euro, data Working day and seasonally adjusted",EUR,6
BSI.M.U2.Y.V.M20.X.1.U2.2300.Z01.E,M,U2,Y,V,M20,X,1,U2,2300,Z01,E,2004-11,5542737,A,F,,,P1M,,E,,,,,,,,,2,,,"Monetary aggregate M2, Stocks","Euro area (changing composition), Outstanding amounts at the end of the period (stocks), MFIs, central government and post office giro institutions reporting sector - Monetary aggregate M2, All currencies combined - Euro area (changing composition) counterpart, Non-MFIs excluding central government sector, denominated in Euro, data Working day and seasonally adjusted",EUR,6
BSI.M.U2.Y.V.M20.X.1.U2.2300.Z01.E,M,U2,Y,V,M20,X,1,U2,2300,Z01,E,2004-12,5573540,A,F,,,P1M,,E,,,,,,,,,2,,,"Monetary aggregate M2, Stocks","Euro area (changing composition), Outstanding amounts at the end of the period (stocks), MFIs, central government and post office giro institutions reporting sector - Monetary aggregate M2, All currencies combined - Euro area (changing composition) counterpart, Non-MFIs excluding central government sector, denominated in Euro, data Working day and seasonally adjusted",EUR,6
BSI.M.U2.Y.V.M20.X.1.U2.2300.Z01.E,M,U2,Y,V,M20,X,1,U2,2300,Z01,E,2005-01,5623288,A,F,,,P1M,,E,,,,,,,,,2,,,"Monetary aggregate M2, Stocks","Euro area (changing composition), Outstanding amounts at the end of the period (stocks), MFIs, central government and post office giro institutions reporting sector - Monetary aggregate M2, All currencies combined - Euro area (changing composition) counterpart, Non-MFIs excluding central government sector, denominated in Euro, data Working day and seasonally adjusted",EUR,6
BSI.M.U2.Y.V.M20.X.1.U2.2300.Z01.E,M,U2,Y,V,M20,X,1,U2,2300,Z01,E,2005-02,5653315,A,F,,,P1M,,E,,,,,,,,,2,,,"Monetary aggregate M2, Stocks","Euro area (changing composition), Outstanding amounts at the end of the period (stocks), MFIs, central government and post office giro institutions reporting sector - Monetary aggregate M2, All currencies combined - Euro area (changing composition) counterpart, Non-MFIs excluding central government sector, denominated in Euro, data Working day and seasonally adjusted",EUR,6
BSI.M.U2.Y.V.M20.X.1.U2.2300.Z01.E,M,U2,Y,V,M20,X,1,U2,2300,Z01,E,2005-03,5679341,A,F,,,P1M,,E,,,,,,,,,2,,,"Monetary aggregate M2, Stocks","Euro area (changing composition), Outstanding amounts at the end of the period (stocks), MFIs, central government and post office giro institutions reporting sector - Monetary aggregate M2, All currencies combined - Euro area (changing composition) counterpart, Non-MFIs excluding central government sector, denominated in Euro, data Working day and seasonally adjusted",EUR,6
BSI.M.U2.Y.V.M20.X.1.U2.2300.Z01.E,M,U2,Y,V,M20,X,1,U2,2300,Z01,E,2005-04,5721454,A,F,,,P1M,,E,,,,,,,,,2,,,"Monetary aggregate M2, Stocks","Euro area (changing composition), Outstanding amounts at the end of the period (stocks), MFIs, central government and post office giro institutions reporting sector - Monetary aggregate M2, All currencies combined - Euro area (changing composition) counterpart, Non-MFIs excluding central government sector, denominated in Euro, data Working day and seasonally adjusted",EUR,6
BSI.M.U2.Y.V.M20.X.1.U2.2300.Z01.E,M,U2,Y,V,M20,X,1,U2,2300,Z01,E,2005-05,5762299,A,F,,,P1M,,E,,,,,,,,,2,,,"Monetary aggregate M2, Stocks","Euro area (changing composition), Outstanding amounts at the end of the period (stocks), MFIs, central government and post office giro institutions reporting sector - Monetary aggregate M2, All currencies combined - Euro area (changing composition) counterpart, Non-MFIs excluding central government sector, denominated in Euro, data Working day and seasonally adjusted",EUR,6
BSI.M.U2.Y.V.M20.X.1.U2.2300.Z01.E,M,U2,Y,V,M20,X,1,U2,2300,Z01,E,2005-06,5824959,A,F,,,P1M,,E,,,,,,,,,2,,,"Monetary aggregate M2, Stocks","Euro area (changing composition), Outstanding amounts at the end of the period (stocks), MFIs, central government and post office giro institutions reporting sector - Monetary aggregate M2, All currencies combined - Euro area (changing composition) counterpart, Non-MFIs excluding central government sector, denominated in Euro, data Working day and seasonally adjusted",EUR,6
BSI.M.U2.Y.V.M20.X.1.U2.2300.Z01.E,M,U2,Y,V,M20,X,1,U2,2300,Z01,E,2005-07,5885266,A,F,,,P1M,,E,,,,,,,,,2,,,"Monetary aggregate M2, Stocks","Euro area (changing composition), Outstanding amounts at the end of the period (stocks), MFIs, central government and post office giro institutions reporting sector - Monetary aggregate M2, All currencies combined - Euro area (changing composition) counterpart, Non-MFIs excluding central government sector, denominated in Euro, data Working day and seasonally adjusted",EUR,6
BSI.M.U2.Y.V.M20.X.1.U2.2300.Z01.E,M,U2,Y,V,M20,X,1,U2,2300,Z01,E,2005-08,5914509,A,F,,,P1M,,E,,,,,,,,,2,,,"Monetary aggregate M2, Stocks","Euro area (changing composition), Outstanding amounts at the end of the period (stocks), MFIs, central government and post office giro institutions reporting sector - Monetary aggregate M2, All currencies combined - Euro area (changing composition) counterpart, Non-MFIs excluding central government sector, denominated in Euro, data Working day and seasonally adjusted",EUR,6
BSI.M.U2.Y.V.M20.X.1.U2.2300.Z01.E,M,U2,Y,V,M20,X,1,U2,2300,Z01,E,2005-09,5980748,A,F,,,P1M,,E,,,,,,,,,2,,,"Monetary aggregate M2, Stocks","Euro area (changing composition), Outstanding amounts at the end of the period (stocks), MFIs, central government and post office giro institutions reporting sector - Monetary aggregate M2, All currencies combined - Euro area (changing composition) counterpart, Non-MFIs excluding central government sector, denominated in Euro, data Working day and seasonally adjusted",EUR,6
BSI.M.U2.Y.V.M20.X.1.U2.2300.Z01.E,M,U2,Y,V,M20,X,1,U2,2300,Z01,E,2005-10,6001860,A,F,,,P1M,,E,,,,,,,,,2,,,"Monetary aggregate M2, Stocks","Euro area (changing composition), Outstanding amounts at the end of the period (stocks), MFIs, central government and post office giro institutions reporting sector - Monetary aggregate M2, All currencies combined - Euro area (changing composition) counterpart, Non-MFIs excluding central government sector, denominated in Euro, data Working day and seasonally adjusted",EUR,6
BSI.M.U2.Y.V.M20.X.1.U2.2300.Z01.E,M,U2,Y,V,M20,X,1,U2,2300,Z01,E,2005-11,6027064,A,F,,,P1M,,E,,,,,,,,,2,,,"Monetary aggregate M2, Stocks","Euro area (changing composition), Outstanding amounts at the end of the period (stocks), MFIs, central government and post office giro institutions reporting sector - Monetary aggregate M2, All currencies combined - Euro area (changing composition) counterpart, Non-MFIs excluding central government sector, denominated in Euro, data Working day and seasonally adjusted",EUR,6
BSI.M.U2.Y.V.M20.X.1.U2.2300.Z01.E,M,U2,Y,V,M20,X,1,U2,2300,Z01,E,2005-12,6093186,A,F,,,P1M,,E,,,,,,,,,2,,,"Monetary aggregate M2, Stocks","Euro area (changing composition), Outstanding amounts at the end of the period (stocks), MFIs, central government and post office giro institutions reporting sector - Monetary aggregate M2, All currencies combined - Euro area (changing composition) counterpart, Non-MFIs excluding central government sector, denominated in Euro, data Working day and seasonally adjusted",EUR,6
BSI.M.U2.Y.V.M20.X.1.U2.2300.Z01.E,M,U2,Y,V,M20,X,1,U2,2300,Z01,E,2006-01,6124570,A,F,,,P1M,,E,,,,,,,,,2,,,"Monetary aggregate M2, Stocks","Euro area (changing composition), Outstanding amounts at the end of the period (stocks), MFIs, central government and post office giro institutions reporting sector - Monetary aggregate M2, All currencies combined - Euro area (changing composition) counterpart, Non-MFIs excluding central government sector, denominated in Euro, data Working day and seasonally adjusted",EUR,6
BSI.M.U2.Y.V.M20.X.1.U2.2300.Z01.E,M,U2,Y,V,M20,X,1,U2,2300,Z01,E,2006-02,6175649,A,F,,,P1M,,E,,,,,,,,,2,,,"Monetary aggregate M2, Stocks","Euro area (changing composition), Outstanding amounts at the end of the period (stocks), MFIs, central government and post office giro institutions reporting sector - Monetary aggregate M2, All currencies combined - Euro area (changing composition) counterpart, Non-MFIs excluding central government sector, denominated in Euro, data Working day and seasonally adjusted",EUR,6
BSI.M.U2.Y.V.M20.X.1.U2.2300.Z01.E,M,U2,Y,V,M20,X,1,U2,2300,Z01,E,2006-03,6222149,A,F,,,P1M,,E,,,,,,,,,2,,,"Monetary aggregate M2, Stocks","Euro area (changing composition), Outstanding amounts at the end of the period (stocks), MFIs, central government and post office giro institutions reporting sector - Monetary aggregate M2, All currencies combined - Euro area (changing composition) counterpart, Non-MFIs excluding central government sector, denominated in Euro, data Working day and seasonally adjusted",EUR,6
BSI.M.U2.Y.V.M20.X.1.U2.2300.Z01.E,M,U2,Y,V,M20,X,1,U2,2300,Z01,E,2006-04,6295495,A,F,,,P1M,,E,,,,,,,,,2,,,"Monetary aggregate M2, Stocks","Euro area (changing composition), Outstanding amounts at the end of the period (stocks), MFIs, central government and post office giro institutions reporting sector - Monetary aggregate M2, All currencies combined - Euro area (changing composition) counterpart, Non-MFIs excluding central government sector, denominated in Euro, data Working day and seasonally adjusted",EUR,6
BSI.M.U2.Y.V.M20.X.1.U2.2300.Z01.E,M,U2,Y,V,M20,X,1,U2,2300,Z01,E,2006-05,6317503,A,F,,,P1M,,E,,,,,,,,,2,,,"Monetary aggregate M2, Stocks","Euro area (changing composition), Outstanding amounts at the end of the period (stocks), MFIs, central government and post office giro institutions reporting sector - Monetary aggregate M2, All currencies combined - Euro area (changing composition) counterpart, Non-MFIs excluding central government sector, denominated in Euro, data Working day and seasonally adjusted",EUR,6
BSI.M.U2.Y.V.M20.X.1.U2.2300.Z01.E,M,U2,Y,V,M20,X,1,U2,2300,Z01,E,2006-06,6363553,A,F,,,P1M,,E,,,,,,,,,2,,,"Monetary aggregate M2, Stocks","Euro area (changing composition), Outstanding amounts at the end of the period (stocks), MFIs, central government and post office giro institutions reporting sector - Monetary aggregate M2, All currencies combined - Euro area (changing composition) counterpart, Non-MFIs excluding central government sector, denominated in Euro, data Working day and seasonally adjusted",EUR,6
BSI.M.U2.Y.V.M20.X.1.U2.2300.Z01.E,M,U2,Y,V,M20,X,1,U2,2300,Z01,E,2006-07,6369246,A,F,,,P1M,,E,,,,,,,,,2,,,"Monetary aggregate M2, Stocks","Euro area (changing composition), Outstanding amounts at the end of the period (stocks), MFIs, central government and post office giro institutions reporting sector - Monetary aggregate M2, All currencies combined - Euro area (changing composition) counterpart, Non-MFIs excluding central government sector, denominated in Euro, data Working day and seasonally adjusted",EUR,6
BSI.M.U2.Y.V.M20.X.1.U2.2300.Z01.E,M,U2,Y,V,M20,X,1,U2,2300,Z01,E,2006-08,6406721,A,F,,,P1M,,E,,,,,,,,,2,,,"Monetary aggregate M2, Stocks","Euro area (changing composition), Outstanding amounts at the end of the period (stocks), MFIs, central government and post office giro institutions reporting sector - Monetary aggregate M2, All currencies combined - Euro area (changing composition) counterpart, Non-MFIs excluding central government sector, denominated in Euro, data Working day and seasonally adjusted",EUR,6
BSI.M.U2.Y.V.M20.X.1.U2.2300.Z01.E,M,U2,Y,V,M20,X,1,U2,2300,Z01,E,2006-09,6486139,A,F,,,P1M,,E,,,,,,,,,2,,,"Monetary aggregate M2, Stocks","Euro area (changing composition), Outstanding amounts at the end of the period (stocks), MFIs, central government and post office giro institutions reporting sector - Monetary aggregate M2, All currencies combined - Euro area (changing composition) counterpart, Non-MFIs excluding central government sector, denominated in Euro, data Working day and seasonally adjusted",EUR,6
BSI.M.U2.Y.V.M20.X.1.U2.2300.Z01.E,M,U2,Y,V,M20,X,1,U2,2300,Z01,E,2006-10,6500180,A,F,,,P1M,,E,,,,,,,,,2,,,"Monetary aggregate M2, Stocks","Euro area (changing composition), Outstanding amounts at the end of the period (stocks), MFIs, central government and post office giro institutions reporting sector - Monetary aggregate M2, All currencies combined - Euro area (changing composition) counterpart, Non-MFIs excluding central government sector, denominated in Euro, data Working day and seasonally adjusted",EUR,6
BSI.M.U2.Y.V.M20.X.1.U2.2300.Z01.E,M,U2,Y,V,M20,X,1,U2,2300,Z01,E,2006-11,6556170,A,F,,,P1M,,E,,,,,,,,,2,,,"Monetary aggregate M2, Stocks","Euro area (changing composition), Outstanding amounts at the end of the period (stocks), MFIs, central government and post office giro institutions reporting sector - Monetary aggregate M2, All currencies combined - Euro area (changing composition) counterpart, Non-MFIs excluding central government sector, denominated in Euro, data Working day and seasonally adjusted",EUR,6
BSI.M.U2.Y.V.M20.X.1.U2.2300.Z01.E,M,U2,Y,V,M20,X,1,U2,2300,Z01,E,2006-12,6663329,A,F,,,P1M,,E,,,,,,,,,2,,,"Monetary aggregate M2, Stocks","Euro area (changing composition), Outstanding amounts at the end of the period (stocks), MFIs, central government and post office giro institutions reporting sector - Monetary aggregate M2, All currencies combined - Euro area (changing composition) counterpart, Non-MFIs excluding central government sector, denominated in Euro, data Working day and seasonally adjusted",EUR,6
BSI.M.U2.Y.V.M20.X.1.U2.2300.Z01.E,M,U2,Y,V,M20,X,1,U2,2300,Z01,E,2007-01,6705357,A,F,,,P1M,,E,,,,,,,,,2,,,"Monetary aggregate M2, Stocks","Euro area (changing composition), Outstanding amounts at the end of the period (stocks), MFIs, central government and post office giro institutions reporting sector - Monetary aggregate M2, All currencies combined - Euro area (changing composition) counterpart, Non-MFIs excluding central government sector, denominated in Euro, data Working day and seasonally adjusted",EUR,6
BSI.M.U2.Y.V.M20.X.1.U2.2300.Z01.E,M,U2,Y,V,M20,X,1,U2,2300,Z01,E,2007-02,6739280,A,F,,,P1M,,E,,,,,,,,,2,,,"Monetary aggregate M2, Stocks","Euro area (changing composition), Outstanding amounts at the end of the period (stocks), MFIs, central government and post office giro institutions reporting sector - Monetary aggregate M2, All currencies combined - Euro area (changing composition) counterpart, Non-MFIs excluding central government sector, denominated in Euro, data Working day and seasonally adjusted",EUR,6
BSI.M.U2.Y.V.M20.X.1.U2.2300.Z01.E,M,U2,Y,V,M20,X,1,U2,2300,Z01,E,2007-03,6825507,A,F,,,P1M,,E,,,,,,,,,2,,,"Monetary aggregate M2, Stocks","Euro area (changing composition), Outstanding amounts at the end of the period (stocks), MFIs, central government and post office giro institutions reporting sector - Monetary aggregate M2, All currencies combined - Euro area (changing composition) counterpart, Non-MFIs excluding central government sector, denominated in Euro, data Working day and seasonally adjusted",EUR,6
BSI.M.U2.Y.V.M20.X.1.U2.2300.Z01.E,M,U2,Y,V,M20,X,1,U2,2300,Z01,E,2007-04,6850746,A,F,,,P1M,,E,,,,,,,,,2,,,"Monetary aggregate M2, Stocks","Euro area (changing composition), Outstanding amounts at the end of the period (stocks), MFIs, central government and post office giro institutions reporting sector - Monetary aggregate M2, All currencies combined - Euro area (changing composition) counterpart, Non-MFIs excluding central government sector, denominated in Euro, data Working day and seasonally adjusted",EUR,6
BSI.M.U2.Y.V.M20.X.1.U2.2300.Z01.E,M,U2,Y,V,M20,X,1,U2,2300,Z01,E,2007-05,6917829,A,F,,,P1M,,E,,,,,,,,,2,,,"Monetary aggregate M2, Stocks","Euro area (changing composition), Outstanding amounts at the end of the period (stocks), MFIs, central government and post office giro institutions reporting sector - Monetary aggregate M2, All currencies combined - Euro area (changing composition) counterpart, Non-MFIs excluding central government sector, denominated in Euro, data Working day and seasonally adjusted",EUR,6
BSI.M.U2.Y.V.M20.X.1.U2.2300.Z01.E,M,U2,Y,V,M20,X,1,U2,2300,Z01,E,2007-06,6987296,A,F,,,P1M,,E,,,,,,,,,2,,,"Monetary aggregate M2, Stocks","Euro area (changing composition), Outstanding amounts at the end of the period (stocks), MFIs, central government and post office giro institutions reporting sector - Monetary aggregate M2, All currencies combined - Euro area (changing composition) counterpart, Non-MFIs excluding central government sector, denominated in Euro, data Working day and seasonally adjusted",EUR,6
BSI.M.U2.Y.V.M20.X.1.U2.2300.Z01.E,M,U2,Y,V,M20,X,1,U2,2300,Z01,E,2007-07,7057569,A,F,,,P1M,,E,,,,,,,,,2,,,"Monetary aggregate M2, Stocks","Euro area (changing composition), Outstanding amounts at the end of the period (stocks), MFIs, central government and post office giro institutions reporting sector - Monetary aggregate M2, All currencies combined - Euro area (changing composition) counterpart, Non-MFIs excluding central government sector, denominated in Euro, data Working day and seasonally adjusted",EUR,6
BSI.M.U2.Y.V.M20.X.1.U2.2300.Z01.E,M,U2,Y,V,M20,X,1,U2,2300,Z01,E,2007-08,7100108,A,F,,,P1M,,E,,,,,,,,,2,,,"Monetary aggregate M2, Stocks","Euro area (changing composition), Outstanding amounts at the end of the period (stocks), MFIs, central government and post office giro institutions reporting sector - Monetary aggregate M2, All currencies combined - Euro area (changing composition) counterpart, Non-MFIs excluding central government sector, denominated in Euro, data Working day and seasonally adjusted",EUR,6
BSI.M.U2.Y.V.M20.X.1.U2.2300.Z01.E,M,U2,Y,V,M20,X,1,U2,2300,Z01,E,2007-09,7161755,A,F,,,P1M,,E,,,,,,,,,2,,,"Monetary aggregate M2, Stocks","Euro area (changing composition), Outstanding amounts at the end of the period (stocks), MFIs, central government and post office giro institutions reporting sector - Monetary aggregate M2, All currencies combined - Euro area (changing composition) counterpart, Non-MFIs excluding central government sector, denominated in Euro, data Working day and seasonally adjusted",EUR,6
BSI.M.U2.Y.V.M20.X.1.U2.2300.Z01.E,M,U2,Y,V,M20,X,1,U2,2300,Z01,E,2007-10,7267682,A,F,,,P1M,,E,,,,,,,,,2,,,"Monetary aggregate M2, Stocks","Euro area (changing composition), Outstanding amounts at the end of the period (stocks), MFIs, central government and post office giro institutions reporting sector - Monetary aggregate M2, All currencies combined - Euro area (changing composition) counterpart, Non-MFIs excluding central government sector, denominated in Euro, data Working day and seasonally adjusted",EUR,6
BSI.M.U2.Y.V.M20.X.1.U2.2300.Z01.E,M,U2,Y,V,M20,X,1,U2,2300,Z01,E,2007-11,7323179,A,F,,,P1M,,E,,,,,,,,,2,,,"Monetary aggregate M2, Stocks","Euro area (changing composition), Outstanding amounts at the end of the period (stocks), MFIs, central government and post office giro institutions reporting sector - Monetary aggregate M2, All currencies combined - Euro area (changing composition) counterpart, Non-MFIs excluding central government sector, denominated in Euro, data Working day and seasonally adjusted",EUR,6
BSI.M.U2.Y.V.M20.X.1.U2.2300.Z01.E,M,U2,Y,V,M20,X,1,U2,2300,Z01,E,2007-12,7356073,A,F,,,P1M,,E,,,,,,,,,2,,,"Monetary aggregate M2, Stocks","Euro area (changing composition), Outstanding amounts at the end of the period (stocks), MFIs, central government and post office giro institutions reporting sector - Monetary aggregate M2, All currencies combined - Euro area (changing composition) counterpart, Non-MFIs excluding central government sector, denominated in Euro, data Working day and seasonally adjusted",EUR,6
BSI.M.U2.Y.V.M20.X.1.U2.2300.Z01.E,M,U2,Y,V,M20,X,1,U2,2300,Z01,E,2008-01,7440745,A,F,,,P1M,,E,,,,,,,,,2,,,"Monetary aggregate M2, Stocks","Euro area (changing composition), Outstanding amounts at the end of the period (stocks), MFIs, central government and post office giro institutions reporting sector - Monetary aggregate M2, All currencies combined - Euro area (changing composition) counterpart, Non-MFIs excluding central government sector, denominated in Euro, data Working day and seasonally adjusted",EUR,6
BSI.M.U2.Y.V.M20.X.1.U2.2300.Z01.E,M,U2,Y,V,M20,X,1,U2,2300,Z01,E,2008-02,7505318,A,F,,,P1M,,E,,,,,,,,,2,,,"Monetary aggregate M2, Stocks","Euro area (changing composition), Outstanding amounts at the end of the period (stocks), MFIs, central government and post office giro institutions reporting sector - Monetary aggregate M2, All currencies combined - Euro area (changing composition) counterpart, Non-MFIs excluding central government sector, denominated in Euro, data Working day and seasonally adjusted",EUR,6
BSI.M.U2.Y.V.M20.X.1.U2.2300.Z01.E,M,U2,Y,V,M20,X,1,U2,2300,Z01,E,2008-03,7536659,A,F,,,P1M,,E,,,,,,,,,2,,,"Monetary aggregate M2, Stocks","Euro area (changing composition), Outstanding amounts at the end of the period (stocks), MFIs, central government and post office giro institutions reporting sector - Monetary aggregate M2, All currencies combined - Euro area (changing composition) counterpart, Non-MFIs excluding central government sector, denominated in Euro, data Working day and seasonally adjusted",EUR,6
BSI.M.U2.Y.V.M20.X.1.U2.2300.Z01.E,M,U2,Y,V,M20,X,1,U2,2300,Z01,E,2008-04,7616022,A,F,,,P1M,,E,,,,,,,,,2,,,"Monetary aggregate M2, Stocks","Euro area (changing composition), Outstanding amounts at the end of the period (stocks), MFIs, central government and post office giro institutions reporting sector - Monetary aggregate M2, All currencies combined - Euro area (changing composition) counterpart, Non-MFIs excluding central government sector, denominated in Euro, data Working day and seasonally adjusted",EUR,6
BSI.M.U2.Y.V.M20.X.1.U2.2300.Z01.E,M,U2,Y,V,M20,X,1,U2,2300,Z01,E,2008-05,7674618,A,F,,,P1M,,E,,,,,,,,,2,,,"Monetary aggregate M2, Stocks","Euro area (changing composition), Outstanding amounts at the end of the period (stocks), MFIs, central government and post office giro institutions reporting sector - Monetary aggregate M2, All currencies combined - Euro area (changing composition) counterpart, Non-MFIs excluding central government sector, denominated in Euro, data Working day and seasonally adjusted",EUR,6
BSI.M.U2.Y.V.M20.X.1.U2.2300.Z01.E,M,U2,Y,V,M20,X,1,U2,2300,Z01,E,2008-06,7700435,A,F,,,P1M,,E,,,,,,,,,2,,,"Monetary aggregate M2, Stocks","Euro area (changing composition), Outstanding amounts at the end of the period (stocks), MFIs, central government and post office giro institutions reporting sector - Monetary aggregate M2, All currencies combined - Euro area (changing composition) counterpart, Non-MFIs excluding central government sector, denominated in Euro, data Working day and seasonally adjusted",EUR,6
BSI.M.U2.Y.V.M20.X.1.U2.2300.Z01.E,M,U2,Y,V,M20,X,1,U2,2300,Z01,E,2008-07,7750811,A,F,,,P1M,,E,,,,,,,,,2,,,"Monetary aggregate M2, Stocks","Euro area (changing composition), Outstanding amounts at the end of the period (stocks), MFIs, central government and post office giro institutions reporting sector - Monetary aggregate M2, All currencies combined - Euro area (changing composition) counterpart, Non-MFIs excluding central government sector, denominated in Euro, data Working day and seasonally adjusted",EUR,6
BSI.M.U2.Y.V.M20.X.1.U2.2300.Z01.E,M,U2,Y,V,M20,X,1,U2,2300,Z01,E,2008-08,7787840,A,F,,,P1M,,E,,,,,,,,,2,,,"Monetary aggregate M2, Stocks","Euro area (changing composition), Outstanding amounts at the end of the period (stocks), MFIs, central government and post office giro institutions reporting sector - Monetary aggregate M2, All currencies combined - Euro area (changing composition) counterpart, Non-MFIs excluding central government sector, denominated in Euro, data Working day and seasonally adjusted",EUR,6
BSI.M.U2.Y.V.M20.X.1.U2.2300.Z01.E,M,U2,Y,V,M20,X,1,U2,2300,Z01,E,2008-09,7865188,A,F,,,P1M,,E,,,,,,,,,2,,,"Monetary aggregate M2, Stocks","Euro area (changing composition), Outstanding amounts at the end of the period (stocks), MFIs, central government and post office giro institutions reporting sector - Monetary aggregate M2, All currencies combined - Euro area (changing composition) counterpart, Non-MFIs excluding central government sector, denominated in Euro, data Working day and seasonally adjusted",EUR,6
BSI.M.U2.Y.V.M20.X.1.U2.2300.Z01.E,M,U2,Y,V,M20,X,1,U2,2300,Z01,E,2008-10,8010727,A,F,,,P1M,,E,,,,,,,,,2,,,"Monetary aggregate M2, Stocks","Euro area (changing composition), Outstanding amounts at the end of the period (stocks), MFIs, central government and post office giro institutions reporting sector - Monetary aggregate M2, All currencies combined - Euro area (changing composition) counterpart, Non-MFIs excluding central government sector, denominated in Euro, data Working day and seasonally adjusted",EUR,6
BSI.M.U2.Y.V.M20.X.1.U2.2300.Z01.E,M,U2,Y,V,M20,X,1,U2,2300,Z01,E,2008-11,8035211,A,F,,,P1M,,E,,,,,,,,,2,,,"Monetary aggregate M2, Stocks","Euro area (changing composition), Outstanding amounts at the end of the period (stocks), MFIs, central government and post office giro institutions reporting sector - Monetary aggregate M2, All currencies combined - Euro area (changing composition) counterpart, Non-MFIs excluding central government sector, denominated in Euro, data Working day and seasonally adjusted",EUR,6
BSI.M.U2.Y.V.M20.X.1.U2.2300.Z01.E,M,U2,Y,V,M20,X,1,U2,2300,Z01,E,2008-12,8041762,A,F,,,P1M,,E,,,,,,,,,2,,,"Monetary aggregate M2, Stocks","Euro area (changing composition), Outstanding amounts at the end of the period (stocks), MFIs, central government and post office giro institutions reporting sector - Monetary aggregate M2, All currencies combined - Euro area (changing composition) counterpart, Non-MFIs excluding central government sector, denominated in Euro, data Working day and seasonally adjusted",EUR,6
BSI.M.U2.Y.V.M20.X.1.U2.2300.Z01.E,M,U2,Y,V,M20,X,1,U2,2300,Z01,E,2009-01,8089401,A,F,,,P1M,,E,,,,,,,,,2,,,"Monetary aggregate M2, Stocks","Euro area (changing composition), Outstanding amounts at the end of the period (stocks), MFIs, central government and post office giro institutions reporting sector - Monetary aggregate M2, All currencies combined - Euro area (changing composition) counterpart, Non-MFIs excluding central government sector, denominated in Euro, data Working day and seasonally adjusted",EUR,6
BSI.M.U2.Y.V.M20.X.1.U2.2300.Z01.E,M,U2,Y,V,M20,X,1,U2,2300,Z01,E,2009-02,8112143,A,F,,,P1M,,E,,,,,,,,,2,,,"Monetary aggregate M2, Stocks","Euro area (changing composition), Outstanding amounts at the end of the period (stocks), MFIs, central government and post office giro institutions reporting sector - Monetary aggregate M2, All currencies combined - Euro area (changing composition) counterpart, Non-MFIs excluding central government sector, denominated in Euro, data Working day and seasonally adjusted",EUR,6
BSI.M.U2.Y.V.M20.X.1.U2.2300.Z01.E,M,U2,Y,V,M20,X,1,U2,2300,Z01,E,2009-03,8093515,A,F,,,P1M,,E,,,,,,,,,2,,,"Monetary aggregate M2, Stocks","Euro area (changing composition), Outstanding amounts at the end of the period (stocks), MFIs, central government and post office giro institutions reporting sector - Monetary aggregate M2, All currencies combined - Euro area (changing composition) counterpart, Non-MFIs excluding central government sector, denominated in Euro, data Working day and seasonally adjusted",EUR,6
BSI.M.U2.Y.V.M20.X.1.U2.2300.Z01.E,M,U2,Y,V,M20,X,1,U2,2300,Z01,E,2009-04,8145669,A,F,,,P1M,,E,,,,,,,,,2,,,"Monetary aggregate M2, Stocks","Euro area (changing composition), Outstanding amounts at the end of the period (stocks), MFIs, central government and post office giro institutions reporting sector - Monetary aggregate M2, All currencies combined - Euro area (changing composition) counterpart, Non-MFIs excluding central government sector, denominated in Euro, data Working day and seasonally adjusted",EUR,6
BSI.M.U2.Y.V.M20.X.1.U2.2300.Z01.E,M,U2,Y,V,M20,X,1,U2,2300,Z01,E,2009-05,8140833,A,F,,,P1M,,E,,,,,,,,,2,,,"Monetary aggregate M2, Stocks","Euro area (changing composition), Outstanding amounts at the end of the period (stocks), MFIs, central government and post office giro institutions reporting sector - Monetary aggregate M2, All currencies combined - Euro area (changing composition) counterpart, Non-MFIs excluding central government sector, denominated in Euro, data Working day and seasonally adjusted",EUR,6
BSI.M.U2.Y.V.M20.X.1.U2.2300.Z01.E,M,U2,Y,V,M20,X,1,U2,2300,Z01,E,2009-06,8155197,A,F,,,P1M,,E,,,,,,,,,2,,,"Monetary aggregate M2, Stocks","Euro area (changing composition), Outstanding amounts at the end of the period (stocks), MFIs, central government and post office giro institutions reporting sector - Monetary aggregate M2, All currencies combined - Euro area (changing composition) counterpart, Non-MFIs excluding central government sector, denominated in Euro, data Working day and seasonally adjusted",EUR,6
BSI.M.U2.Y.V.M20.X.1.U2.2300.Z01.E,M,U2,Y,V,M20,X,1,U2,2300,Z01,E,2009-07,8184207,A,F,,,P1M,,E,,,,,,,,,2,,,"Monetary aggregate M2, Stocks","Euro area (changing composition), Outstanding amounts at the end of the period (stocks), MFIs, central government and post office giro institutions reporting sector - Monetary aggregate M2, All currencies combined - Euro area (changing composition) counterpart, Non-MFIs excluding central government sector, denominated in Euro, data Working day and seasonally adjusted",EUR,6
BSI.M.U2.Y.V.M20.X.1.U2.2300.Z01.E,M,U2,Y,V,M20,X,1,U2,2300,Z01,E,2009-08,8176976,A,F,,,P1M,,E,,,,,,,,,2,,,"Monetary aggregate M2, Stocks","Euro area (changing composition), Outstanding amounts at the end of the period (stocks), MFIs, central government and post office giro institutions reporting sector - Monetary aggregate M2, All currencies combined - Euro area (changing composition) counterpart, Non-MFIs excluding central government sector, denominated in Euro, data Working day and seasonally adjusted",EUR,6
BSI.M.U2.Y.V.M20.X.1.U2.2300.Z01.E,M,U2,Y,V,M20,X,1,U2,2300,Z01,E,2009-09,8189516,A,F,,,P1M,,E,,,,,,,,,2,,,"Monetary aggregate M2, Stocks","Euro area (changing composition), Outstanding amounts at the end of the period (stocks), MFIs, central government and post office giro institutions reporting sector - Monetary aggregate M2, All currencies combined - Euro area (changing composition) counterpart, Non-MFIs excluding central government sector, denominated in Euro, data Working day and seasonally adjusted",EUR,6
BSI.M.U2.Y.V.M20.X.1.U2.2300.Z01.E,M,U2,Y,V,M20,X,1,U2,2300,Z01,E,2009-10,8195862,A,F,,,P1M,,E,,,,,,,,,2,,,"Monetary aggregate M2, Stocks","Euro area (changing composition), Outstanding amounts at the end of the period (stocks), MFIs, central government and post office giro institutions reporting sector - Monetary aggregate M2, All currencies combined - Euro area (changing composition) counterpart, Non-MFIs excluding central government sector, denominated in Euro, data Working day and seasonally adjusted",EUR,6
BSI.M.U2.Y.V.M20.X.1.U2.2300.Z01.E,M,U2,Y,V,M20,X,1,U2,2300,Z01,E,2009-11,8181093,A,F,,,P1M,,E,,,,,,,,,2,,,"Monetary aggregate M2, Stocks","Euro area (changing composition), Outstanding amounts at the end of the period (stocks), MFIs, central government and post office giro institutions reporting sector - Monetary aggregate M2, All currencies combined - Euro area (changing composition) counterpart, Non-MFIs excluding central government sector, denominated in Euro, data Working day and seasonally adjusted",EUR,6
BSI.M.U2.Y.V.M20.X.1.U2.2300.Z01.E,M,U2,Y,V,M20,X,1,U2,2300,Z01,E,2009-12,8207839,A,F,,,P1M,,E,,,,,,,,,2,,,"Monetary aggregate M2, Stocks","Euro area (changing composition), Outstanding amounts at the end of the period (stocks), MFIs, central government and post office giro institutions reporting sector - Monetary aggregate M2, All currencies combined - Euro area (changing composition) counterpart, Non-MFIs excluding central government sector, denominated in Euro, data Working day and seasonally adjusted",EUR,6
BSI.M.U2.Y.V.M20.X.1.U2.2300.Z01.E,M,U2,Y,V,M20,X,1,U2,2300,Z01,E,2010-01,8220765,A,F,,,P1M,,E,,,,,,,,,2,,,"Monetary aggregate M2, Stocks","Euro area (changing composition), Outstanding amounts at the end of the period (stocks), MFIs, central government and post office giro institutions reporting sector - Monetary aggregate M2, All currencies combined - Euro area (changing composition) counterpart, Non-MFIs excluding central government sector, denominated in Euro, data Working day and seasonally adjusted",EUR,6
BSI.M.U2.Y.V.M20.X.1.U2.2300.Z01.E,M,U2,Y,V,M20,X,1,U2,2300,Z01,E,2010-02,8228832,A,F,,,P1M,,E,,,,,,,,,2,,,"Monetary aggregate M2, Stocks","Euro area (changing composition), Outstanding amounts at the end of the period (stocks), MFIs, central government and post office giro institutions reporting sector - Monetary aggregate M2, All currencies combined - Euro area (changing composition) counterpart, Non-MFIs excluding central government sector, denominated in Euro, data Working day and seasonally adjusted",EUR,6
BSI.M.U2.Y.V.M20.X.1.U2.2300.Z01.E,M,U2,Y,V,M20,X,1,U2,2300,Z01,E,2010-03,8230444,A,F,,,P1M,,E,,,,,,,,,2,,,"Monetary aggregate M2, Stocks","Euro area (changing composition), Outstanding amounts at the end of the period (stocks), MFIs, central government and post office giro institutions reporting sector - Monetary aggregate M2, All currencies combined - Euro area (changing composition) counterpart, Non-MFIs excluding central government sector, denominated in Euro, data Working day and seasonally adjusted",EUR,6
BSI.M.U2.Y.V.M20.X.1.U2.2300.Z01.E,M,U2,Y,V,M20,X,1,U2,2300,Z01,E,2010-04,8264563,A,F,,,P1M,,E,,,,,,,,,2,,,"Monetary aggregate M2, Stocks","Euro area (changing composition), Outstanding amounts at the end of the period (stocks), MFIs, central government and post office giro institutions reporting sector - Monetary aggregate M2, All currencies combined - Euro area (changing composition) counterpart, Non-MFIs excluding central government sector, denominated in Euro, data Working day and seasonally adjusted",EUR,6
BSI.M.U2.Y.V.M20.X.1.U2.2300.Z01.E,M,U2,Y,V,M20,X,1,U2,2300,Z01,E,2010-05,8283333,A,F,,,P1M,,E,,,,,,,,,2,,,"Monetary aggregate M2, Stocks","Euro area (changing composition), Outstanding amounts at the end of the period (stocks), MFIs, central government and post office giro institutions reporting sector - Monetary aggregate M2, All currencies combined - Euro area (changing composition) counterpart, Non-MFIs excluding central government sector, denominated in Euro, data Working day and seasonally adjusted",EUR,6
BSI.M.U2.Y.V.M20.X.1.U2.2300.Z01.E,M,U2,Y,V,M20,X,1,U2,2300,Z01,E,2010-06,8314433,A,F,,,P1M,,E,,,,,,,,,2,,,"Monetary aggregate M2, Stocks","Euro area (changing composition), Outstanding amounts at the end of the period (stocks), MFIs, central government and post office giro institutions reporting sector - Monetary aggregate M2, All currencies combined - Euro area (changing composition) counterpart, Non-MFIs excluding central government sector, denominated in Euro, data Working day and seasonally adjusted",EUR,6
BSI.M.U2.Y.V.M20.X.1.U2.2300.Z01.E,M,U2,Y,V,M20,X,1,U2,2300,Z01,E,2010-07,8331067,A,F,,,P1M,,E,,,,,,,,,2,,,"Monetary aggregate M2, Stocks","Euro area (changing composition), Outstanding amounts at the end of the period (stocks), MFIs, central government and post office giro institutions reporting sector - Monetary aggregate M2, All currencies combined - Euro area (changing composition) counterpart, Non-MFIs excluding central government sector, denominated in Euro, data Working day and seasonally adjusted",EUR,6
BSI.M.U2.Y.V.M20.X.1.U2.2300.Z01.E,M,U2,Y,V,M20,X,1,U2,2300,Z01,E,2010-08,8367919,A,F,,,P1M,,E,,,,,,,,,2,,,"Monetary aggregate M2, Stocks","Euro area (changing composition), Outstanding amounts at the end of the period (stocks), MFIs, central government and post office giro institutions reporting sector - Monetary aggregate M2, All currencies combined - Euro area (changing composition) counterpart, Non-MFIs excluding central government sector, denominated in Euro, data Working day and seasonally adjusted",EUR,6
BSI.M.U2.Y.V.M20.X.1.U2.2300.Z01.E,M,U2,Y,V,M20,X,1,U2,2300,Z01,E,2010-09,8367910,A,F,,,P1M,,E,,,,,,,,,2,,,"Monetary aggregate M2, Stocks","Euro area (changing composition), Outstanding amounts at the end of the period (stocks), MFIs, central government and post office giro institutions reporting sector - Monetary aggregate M2, All currencies combined - Euro area (changing composition) counterpart, Non-MFIs excluding central government sector, denominated in Euro, data Working day and seasonally adjusted",EUR,6
BSI.M.U2.Y.V.M20.X.1.U2.2300.Z01.E,M,U2,Y,V,M20,X,1,U2,2300,Z01,E,2010-10,8387527,A,F,,,P1M,,E,,,,,,,,,2,,,"Monetary aggregate M2, Stocks","Euro area (changing composition), Outstanding amounts at the end of the period (stocks), MFIs, central government and post office giro institutions reporting sector - Monetary aggregate M2, All currencies combined - Euro area (changing composition) counterpart, Non-MFIs excluding central government sector, denominated in Euro, data Working day and seasonally adjusted",EUR,6
BSI.M.U2.Y.V.M20.X.1.U2.2300.Z01.E,M,U2,Y,V,M20,X,1,U2,2300,Z01,E,2010-11,8404159,A,F,,,P1M,,E,,,,,,,,,2,,,"Monetary aggregate M2, Stocks","Euro area (changing composition), Outstanding amounts at the end of the period (stocks), MFIs, central government and post office giro institutions reporting sector - Monetary aggregate M2, All currencies combined - Euro area (changing composition) counterpart, Non-MFIs excluding central government sector, denominated in Euro, data Working day and seasonally adjusted",EUR,6
BSI.M.U2.Y.V.M20.X.1.U2.2300.Z01.E,M,U2,Y,V,M20,X,1,U2,2300,Z01,E,2010-12,8423299,A,F,,,P1M,,E,,,,,,,,,2,,,"Monetary aggregate M2, Stocks","Euro area (changing composition), Outstanding amounts at the end of the period (stocks), MFIs, central government and post office giro institutions reporting sector - Monetary aggregate M2, All currencies combined - Euro area (changing composition) counterpart, Non-MFIs excluding central government sector, denominated in Euro, data Working day and seasonally adjusted",EUR,6
BSI.M.U2.Y.V.M20.X.1.U2.2300.Z01.E,M,U2,Y,V,M20,X,1,U2,2300,Z01,E,2011-01,8436054,A,F,,,P1M,,E,,,,,,,,,2,,,"Monetary aggregate M2, Stocks","Euro area (changing composition), Outstanding amounts at the end of the period (stocks), MFIs, central government and post office giro institutions reporting sector - Monetary aggregate M2, All currencies combined - Euro area (changing composition) counterpart, Non-MFIs excluding central government sector, denominated in Euro, data Working day and seasonally adjusted",EUR,6
BSI.M.U2.Y.V.M20.X.1.U2.2300.Z01.E,M,U2,Y,V,M20,X,1,U2,2300,Z01,E,2011-02,8444617,A,F,,,P1M,,E,,,,,,,,,2,,,"Monetary aggregate M2, Stocks","Euro area (changing composition), Outstanding amounts at the end of the period (stocks), MFIs, central government and post office giro institutions reporting sector - Monetary aggregate M2, All currencies combined - Euro area (changing composition) counterpart, Non-MFIs excluding central government sector, denominated in Euro, data Working day and seasonally adjusted",EUR,6
BSI.M.U2.Y.V.M20.X.1.U2.2300.Z01.E,M,U2,Y,V,M20,X,1,U2,2300,Z01,E,2011-03,8458122,A,F,,,P1M,,E,,,,,,,,,2,,,"Monetary aggregate M2, Stocks","Euro area (changing composition), Outstanding amounts at the end of the period (stocks), MFIs, central government and post office giro institutions reporting sector - Monetary aggregate M2, All currencies combined - Euro area (changing composition) counterpart, Non-MFIs excluding central government sector, denominated in Euro, data Working day and seasonally adjusted",EUR,6
BSI.M.U2.Y.V.M20.X.1.U2.2300.Z01.E,M,U2,Y,V,M20,X,1,U2,2300,Z01,E,2011-04,8456009,A,F,,,P1M,,E,,,,,,,,,2,,,"Monetary aggregate M2, Stocks","Euro area (changing composition), Outstanding amounts at the end of the period (stocks), MFIs, central government and post office giro institutions reporting sector - Monetary aggregate M2, All currencies combined - Euro area (changing composition) counterpart, Non-MFIs excluding central government sector, denominated in Euro, data Working day and seasonally adjusted",EUR,6
BSI.M.U2.Y.V.M20.X.1.U2.2300.Z01.E,M,U2,Y,V,M20,X,1,U2,2300,Z01,E,2011-05,8480338,A,F,,,P1M,,E,,,,,,,,,2,,,"Monetary aggregate M2, Stocks","Euro area (changing composition), Outstanding amounts at the end of the period (stocks), MFIs, central government and post office giro institutions reporting sector - Monetary aggregate M2, All currencies combined - Euro area (changing composition) counterpart, Non-MFIs excluding central government sector, denominated in Euro, data Working day and seasonally adjusted",EUR,6
BSI.M.U2.Y.V.M20.X.1.U2.2300.Z01.E,M,U2,Y,V,M20,X,1,U2,2300,Z01,E,2011-06,8495988,A,F,,,P1M,,E,,,,,,,,,2,,,"Monetary aggregate M2, Stocks","Euro area (changing composition), Outstanding amounts at the end of the period (stocks), MFIs, central government and post office giro institutions reporting sector - Monetary aggregate M2, All currencies combined - Euro area (changing composition) counterpart, Non-MFIs excluding central government sector, denominated in Euro, data Working day and seasonally adjusted",EUR,6
BSI.M.U2.Y.V.M20.X.1.U2.2300.Z01.E,M,U2,Y,V,M20,X,1,U2,2300,Z01,E,2011-07,8509521,A,F,,,P1M,,E,,,,,,,,,2,,,"Monetary aggregate M2, Stocks","Euro area (changing composition), Outstanding amounts at the end of the period (stocks), MFIs, central government and post office giro institutions reporting sector - Monetary aggregate M2, All currencies combined - Euro area (changing composition) counterpart, Non-MFIs excluding central government sector, denominated in Euro, data Working day and seasonally adjusted",EUR,6
BSI.M.U2.Y.V.M20.X.1.U2.2300.Z01.E,M,U2,Y,V,M20,X,1,U2,2300,Z01,E,2011-08,8558299,A,F,,,P1M,,E,,,,,,,,,2,,,"Monetary aggregate M2, Stocks","Euro area (changing composition), Outstanding amounts at the end of the period (stocks), MFIs, central government and post office giro institutions reporting sector - Monetary aggregate M2, All currencies combined - Euro area (changing composition) counterpart, Non-MFIs excluding central government sector, denominated in Euro, data Working day and seasonally adjusted",EUR,6
BSI.M.U2.Y.V.M20.X.1.U2.2300.Z01.E,M,U2,Y,V,M20,X,1,U2,2300,Z01,E,2011-09,8593759,A,F,,,P1M,,E,,,,,,,,,2,,,"Monetary aggregate M2, Stocks","Euro area (changing composition), Outstanding amounts at the end of the period (stocks), MFIs, central government and post office giro institutions reporting sector - Monetary aggregate M2, All currencies combined - Euro area (changing composition) counterpart, Non-MFIs excluding central government sector, denominated in Euro, data Working day and seasonally adjusted",EUR,6
BSI.M.U2.Y.V.M20.X.1.U2.2300.Z01.E,M,U2,Y,V,M20,X,1,U2,2300,Z01,E,2011-10,8572193,A,F,,,P1M,,E,,,,,,,,,2,,,"Monetary aggregate M2, Stocks","Euro area (changing composition), Outstanding amounts at the end of the period (stocks), MFIs, central government and post office giro institutions reporting sector - Monetary aggregate M2, All currencies combined - Euro area (changing composition) counterpart, Non-MFIs excluding central government sector, denominated in Euro, data Working day and seasonally adjusted",EUR,6
BSI.M.U2.Y.V.M20.X.1.U2.2300.Z01.E,M,U2,Y,V,M20,X,1,U2,2300,Z01,E,2011-11,8588089,A,F,,,P1M,,E,,,,,,,,,2,,,"Monetary aggregate M2, Stocks","Euro area (changing composition), Outstanding amounts at the end of the period (stocks), MFIs, central government and post office giro institutions reporting sector - Monetary aggregate M2, All currencies combined - Euro area (changing composition) counterpart, Non-MFIs excluding central government sector, denominated in Euro, data Working day and seasonally adjusted",EUR,6
BSI.M.U2.Y.V.M20.X.1.U2.2300.Z01.E,M,U2,Y,V,M20,X,1,U2,2300,Z01,E,2011-12,8607320,A,F,,,P1M,,E,,,,,,,,,2,,,"Monetary aggregate M2, Stocks","Euro area (changing composition), Outstanding amounts at the end of the period (stocks), MFIs, central government and post office giro institutions reporting sector - Monetary aggregate M2, All currencies combined - Euro area (changing composition) counterpart, Non-MFIs excluding central government sector, denominated in Euro, data Working day and seasonally adjusted",EUR,6
BSI.M.U2.Y.V.M20.X.1.U2.2300.Z01.E,M,U2,Y,V,M20,X,1,U2,2300,Z01,E,2012-01,8644031,A,F,,,P1M,,E,,,,,,,,,2,,,"Monetary aggregate M2, Stocks","Euro area (changing composition), Outstanding amounts at the end of the period (stocks), MFIs, central government and post office giro institutions reporting sector - Monetary aggregate M2, All currencies combined - Euro area (changing composition) counterpart, Non-MFIs excluding central government sector, denominated in Euro, data Working day and seasonally adjusted",EUR,6
BSI.M.U2.Y.V.M20.X.1.U2.2300.Z01.E,M,U2,Y,V,M20,X,1,U2,2300,Z01,E,2012-02,8679871,A,F,,,P1M,,E,,,,,,,,,2,,,"Monetary aggregate M2, Stocks","Euro area (changing composition), Outstanding amounts at the end of the period (stocks), MFIs, central government and post office giro institutions reporting sector - Monetary aggregate M2, All currencies combined - Euro area (changing composition) counterpart, Non-MFIs excluding central government sector, denominated in Euro, data Working day and seasonally adjusted",EUR,6
BSI.M.U2.Y.V.M20.X.1.U2.2300.Z01.E,M,U2,Y,V,M20,X,1,U2,2300,Z01,E,2012-03,8723292,A,F,,,P1M,,E,,,,,,,,,2,,,"Monetary aggregate M2, Stocks","Euro area (changing composition), Outstanding amounts at the end of the period (stocks), MFIs, central government and post office giro institutions reporting sector - Monetary aggregate M2, All currencies combined - Euro area (changing composition) counterpart, Non-MFIs excluding central government sector, denominated in Euro, data Working day and seasonally adjusted",EUR,6
BSI.M.U2.Y.V.M20.X.1.U2.2300.Z01.E,M,U2,Y,V,M20,X,1,U2,2300,Z01,E,2012-04,8704188,A,F,,,P1M,,E,,,,,,,,,2,,,"Monetary aggregate M2, Stocks","Euro area (changing composition), Outstanding amounts at the end of the period (stocks), MFIs, central government and post office giro institutions reporting sector - Monetary aggregate M2, All currencies combined - Euro area (changing composition) counterpart, Non-MFIs excluding central government sector, denominated in Euro, data Working day and seasonally adjusted",EUR,6
BSI.M.U2.Y.V.M20.X.1.U2.2300.Z01.E,M,U2,Y,V,M20,X,1,U2,2300,Z01,E,2012-05,8746773,A,F,,,P1M,,E,,,,,,,,,2,,,"Monetary aggregate M2, Stocks","Euro area (changing composition), Outstanding amounts at the end of the period (stocks), MFIs, central government and post office giro institutions reporting sector - Monetary aggregate M2, All currencies combined - Euro area (changing composition) counterpart, Non-MFIs excluding central government sector, denominated in Euro, data Working day and seasonally adjusted",EUR,6
BSI.M.U2.Y.V.M20.X.1.U2.2300.Z01.E,M,U2,Y,V,M20,X,1,U2,2300,Z01,E,2012-06,8779098,A,F,,,P1M,,E,,,,,,,,,2,,,"Monetary aggregate M2, Stocks","Euro area (changing composition), Outstanding amounts at the end of the period (stocks), MFIs, central government and post office giro institutions reporting sector - Monetary aggregate M2, All currencies combined - Euro area (changing composition) counterpart, Non-MFIs excluding central government sector, denominated in Euro, data Working day and seasonally adjusted",EUR,6
BSI.M.U2.Y.V.M20.X.1.U2.2300.Z01.E,M,U2,Y,V,M20,X,1,U2,2300,Z01,E,2012-07,8829323,A,F,,,P1M,,E,,,,,,,,,2,,,"Monetary aggregate M2, Stocks","Euro area (changing composition), Outstanding amounts at the end of the period (stocks), MFIs, central government and post office giro institutions reporting sector - Monetary aggregate M2, All currencies combined - Euro area (changing composition) counterpart, Non-MFIs excluding central government sector, denominated in Euro, data Working day and seasonally adjusted",EUR,6
BSI.M.U2.Y.V.M20.X.1.U2.2300.Z01.E,M,U2,Y,V,M20,X,1,U2,2300,Z01,E,2012-08,8846566,A,F,,,P1M,,E,,,,,,,,,2,,,"Monetary aggregate M2, Stocks","Euro area (changing composition), Outstanding amounts at the end of the period (stocks), MFIs, central government and post office giro institutions reporting sector - Monetary aggregate M2, All currencies combined - Euro area (changing composition) counterpart, Non-MFIs excluding central government sector, denominated in Euro, data Working day and seasonally adjusted",EUR,6
BSI.M.U2.Y.V.M20.X.1.U2.2300.Z01.E,M,U2,Y,V,M20,X,1,U2,2300,Z01,E,2012-09,8875881,A,F,,,P1M,,E,,,,,,,,,2,,,"Monetary aggregate M2, Stocks","Euro area (changing composition), Outstanding amounts at the end of the period (stocks), MFIs, central government and post office giro institutions reporting sector - Monetary aggregate M2, All currencies combined - Euro area (changing composition) counterpart, Non-MFIs excluding central government sector, denominated in Euro, data Working day and seasonally adjusted",EUR,6
BSI.M.U2.Y.V.M20.X.1.U2.2300.Z01.E,M,U2,Y,V,M20,X,1,U2,2300,Z01,E,2012-10,8948155,A,F,,,P1M,,E,,,,,,,,,2,,,"Monetary aggregate M2, Stocks","Euro area (changing composition), Outstanding amounts at the end of the period (stocks), MFIs, central government and post office giro institutions reporting sector - Monetary aggregate M2, All currencies combined - Euro area (changing composition) counterpart, Non-MFIs excluding central government sector, denominated in Euro, data Working day and seasonally adjusted",EUR,6
BSI.M.U2.Y.V.M20.X.1.U2.2300.Z01.E,M,U2,Y,V,M20,X,1,U2,2300,Z01,E,2012-11,8975122,A,F,,,P1M,,E,,,,,,,,,2,,,"Monetary aggregate M2, Stocks","Euro area (changing composition), Outstanding amounts at the end of the period (stocks), MFIs, central government and post office giro institutions reporting sector - Monetary aggregate M2, All currencies combined - Euro area (changing composition) counterpart, Non-MFIs excluding central government sector, denominated in Euro, data Working day and seasonally adjusted",EUR,6
BSI.M.U2.Y.V.M20.X.1.U2.2300.Z01.E,M,U2,Y,V,M20,X,1,U2,2300,Z01,E,2012-12,8998474,A,F,,,P1M,,E,,,,,,,,,2,,,"Monetary aggregate M2, Stocks","Euro area (changing composition), Outstanding amounts at the end of the period (stocks), MFIs, central government and post office giro institutions reporting sector - Monetary aggregate M2, All currencies combined - Euro area (changing composition) counterpart, Non-MFIs excluding central government sector, denominated in Euro, data Working day and seasonally adjusted",EUR,6
BSI.M.U2.Y.V.M20.X.1.U2.2300.Z01.E,M,U2,Y,V,M20,X,1,U2,2300,Z01,E,2013-01,9014275,A,F,,,P1M,,E,,,,,,,,,2,,,"Monetary aggregate M2, Stocks","Euro area (changing composition), Outstanding amounts at the end of the period (stocks), MFIs, central government and post office giro institutions reporting sector - Monetary aggregate M2, All currencies combined - Euro area (changing composition) counterpart, Non-MFIs excluding central government sector, denominated in Euro, data Working day and seasonally adjusted",EUR,6
BSI.M.U2.Y.V.M20.X.1.U2.2300.Z01.E,M,U2,Y,V,M20,X,1,U2,2300,Z01,E,2013-02,9049240,A,F,,,P1M,,E,,,,,,,,,2,,,"Monetary aggregate M2, Stocks","Euro area (changing composition), Outstanding amounts at the end of the period (stocks), MFIs, central government and post office giro institutions reporting sector - Monetary aggregate M2, All currencies combined - Euro area (changing composition) counterpart, Non-MFIs excluding central government sector, denominated in Euro, data Working day and seasonally adjusted",EUR,6
BSI.M.U2.Y.V.M20.X.1.U2.2300.Z01.E,M,U2,Y,V,M20,X,1,U2,2300,Z01,E,2013-03,9079682,A,F,,,P1M,,E,,,,,,,,,2,,,"Monetary aggregate M2, Stocks","Euro area (changing composition), Outstanding amounts at the end of the period (stocks), MFIs, central government and post office giro institutions reporting sector - Monetary aggregate M2, All currencies combined - Euro area (changing composition) counterpart, Non-MFIs excluding central government sector, denominated in Euro, data Working day and seasonally adjusted",EUR,6
BSI.M.U2.Y.V.M20.X.1.U2.2300.Z01.E,M,U2,Y,V,M20,X,1,U2,2300,Z01,E,2013-04,9108326,A,F,,,P1M,,E,,,,,,,,,2,,,"Monetary aggregate M2, Stocks","Euro area (changing composition), Outstanding amounts at the end of the period (stocks), MFIs, central government and post office giro institutions reporting sector - Monetary aggregate M2, All currencies combined - Euro area (changing composition) counterpart, Non-MFIs excluding central government sector, denominated in Euro, data Working day and seasonally adjusted",EUR,6
BSI.M.U2.Y.V.M20.X.1.U2.2300.Z01.E,M,U2,Y,V,M20,X,1,U2,2300,Z01,E,2013-05,9129445,A,F,,,P1M,,E,,,,,,,,,2,,,"Monetary aggregate M2, Stocks","Euro area (changing composition), Outstanding amounts at the end of the period (stocks), MFIs, central government and post office giro institutions reporting sector - Monetary aggregate M2, All currencies combined - Euro area (changing composition) counterpart, Non-MFIs excluding central government sector, denominated in Euro, data Working day and seasonally adjusted",EUR,6
BSI.M.U2.Y.V.M20.X.1.U2.2300.Z01.E,M,U2,Y,V,M20,X,1,U2,2300,Z01,E,2013-06,9126627,A,F,,,P1M,,E,,,,,,,,,2,,,"Monetary aggregate M2, Stocks","Euro area (changing composition), Outstanding amounts at the end of the period (stocks), MFIs, central government and post office giro institutions reporting sector - Monetary aggregate M2, All currencies combined - Euro area (changing composition) counterpart, Non-MFIs excluding central government sector, denominated in Euro, data Working day and seasonally adjusted",EUR,6
BSI.M.U2.Y.V.M20.X.1.U2.2300.Z01.E,M,U2,Y,V,M20,X,1,U2,2300,Z01,E,2013-07,9147571,A,F,,,P1M,,E,,,,,,,,,2,,,"Monetary aggregate M2, Stocks","Euro area (changing composition), Outstanding amounts at the end of the period (stocks), MFIs, central government and post office giro institutions reporting sector - Monetary aggregate M2, All currencies combined - Euro area (changing composition) counterpart, Non-MFIs excluding central government sector, denominated in Euro, data Working day and seasonally adjusted",EUR,6
BSI.M.U2.Y.V.M20.X.1.U2.2300.Z01.E,M,U2,Y,V,M20,X,1,U2,2300,Z01,E,2013-08,9183775,A,F,,,P1M,,E,,,,,,,,,2,,,"Monetary aggregate M2, Stocks","Euro area (changing composition), Outstanding amounts at the end of the period (stocks), MFIs, central government and post office giro institutions reporting sector - Monetary aggregate M2, All currencies combined - Euro area (changing composition) counterpart, Non-MFIs excluding central government sector, denominated in Euro, data Working day and seasonally adjusted",EUR,6
BSI.M.U2.Y.V.M20.X.1.U2.2300.Z01.E,M,U2,Y,V,M20,X,1,U2,2300,Z01,E,2013-09,9198843,A,F,,,P1M,,E,,,,,,,,,2,,,"Monetary aggregate M2, Stocks","Euro area (changing composition), Outstanding amounts at the end of the period (stocks), MFIs, central government and post office giro institutions reporting sector - Monetary aggregate M2, All currencies combined - Euro area (changing composition) counterpart, Non-MFIs excluding central government sector, denominated in Euro, data Working day and seasonally adjusted",EUR,6
BSI.M.U2.Y.V.M20.X.1.U2.2300.Z01.E,M,U2,Y,V,M20,X,1,U2,2300,Z01,E,2013-10,9219721,A,F,,,P1M,,E,,,,,,,,,2,,,"Monetary aggregate M2, Stocks","Euro area (changing composition), Outstanding amounts at the end of the period (stocks), MFIs, central government and post office giro institutions reporting sector - Monetary aggregate M2, All currencies combined - Euro area (changing composition) counterpart, Non-MFIs excluding central government sector, denominated in Euro, data Working day and seasonally adjusted",EUR,6
BSI.M.U2.Y.V.M20.X.1.U2.2300.Z01.E,M,U2,Y,V,M20,X,1,U2,2300,Z01,E,2013-11,9235023,A,F,,,P1M,,E,,,,,,,,,2,,,"Monetary aggregate M2, Stocks","Euro area (changing composition), Outstanding amounts at the end of the period (stocks), MFIs, central government and post office giro institutions reporting sector - Monetary aggregate M2, All currencies combined - Euro area (changing composition) counterpart, Non-MFIs excluding central government sector, denominated in Euro, data Working day and seasonally adjusted",EUR,6
BSI.M.U2.Y.V.M20.X.1.U2.2300.Z01.E,M,U2,Y,V,M20,X,1,U2,2300,Z01,E,2013-12,9212026,A,F,,,P1M,,E,,,,,,,,,2,,,"Monetary aggregate M2, Stocks","Euro area (changing composition), Outstanding amounts at the end of the period (stocks), MFIs, central government and post office giro institutions reporting sector - Monetary aggregate M2, All currencies combined - Euro area (changing composition) counterpart, Non-MFIs excluding central government sector, denominated in Euro, data Working day and seasonally adjusted",EUR,6
BSI.M.U2.Y.V.M20.X.1.U2.2300.Z01.E,M,U2,Y,V,M20,X,1,U2,2300,Z01,E,2014-01,9239268,A,F,,,P1M,,E,,,,,,,,,2,,,"Monetary aggregate M2, Stocks","Euro area (changing composition), Outstanding amounts at the end of the period (stocks), MFIs, central government and post office giro institutions reporting sector - Monetary aggregate M2, All currencies combined - Euro area (changing composition) counterpart, Non-MFIs excluding central government sector, denominated in Euro, data Working day and seasonally adjusted",EUR,6
BSI.M.U2.Y.V.M20.X.1.U2.2300.Z01.E,M,U2,Y,V,M20,X,1,U2,2300,Z01,E,2014-02,9267544,A,F,,,P1M,,E,,,,,,,,,2,,,"Monetary aggregate M2, Stocks","Euro area (changing composition), Outstanding amounts at the end of the period (stocks), MFIs, central government and post office giro institutions reporting sector - Monetary aggregate M2, All currencies combined - Euro area (changing composition) counterpart, Non-MFIs excluding central government sector, denominated in Euro, data Working day and seasonally adjusted",EUR,6
BSI.M.U2.Y.V.M20.X.1.U2.2300.Z01.E,M,U2,Y,V,M20,X,1,U2,2300,Z01,E,2014-03,9284719,A,F,,,P1M,,E,,,,,,,,,2,,,"Monetary aggregate M2, Stocks","Euro area (changing composition), Outstanding amounts at the end of the period (stocks), MFIs, central government and post office giro institutions reporting sector - Monetary aggregate M2, All currencies combined - Euro area (changing composition) counterpart, Non-MFIs excluding central government sector, denominated in Euro, data Working day and seasonally adjusted",EUR,6
BSI.M.U2.Y.V.M20.X.1.U2.2300.Z01.E,M,U2,Y,V,M20,X,1,U2,2300,Z01,E,2014-04,9287884,A,F,,,P1M,,E,,,,,,,,,2,,,"Monetary aggregate M2, Stocks","Euro area (changing composition), Outstanding amounts at the end of the period (stocks), MFIs, central government and post office giro institutions reporting sector - Monetary aggregate M2, All currencies combined - Euro area (changing composition) counterpart, Non-MFIs excluding central government sector, denominated in Euro, data Working day and seasonally adjusted",EUR,6
BSI.M.U2.Y.V.M20.X.1.U2.2300.Z01.E,M,U2,Y,V,M20,X,1,U2,2300,Z01,E,2014-05,9337820,A,F,,,P1M,,E,,,,,,,,,2,,,"Monetary aggregate M2, Stocks","Euro area (changing composition), Outstanding amounts at the end of the period (stocks), MFIs, central government and post office giro institutions reporting sector - Monetary aggregate M2, All currencies combined - Euro area (changing composition) counterpart, Non-MFIs excluding central government sector, denominated in Euro, data Working day and seasonally adjusted",EUR,6
BSI.M.U2.Y.V.M20.X.1.U2.2300.Z01.E,M,U2,Y,V,M20,X,1,U2,2300,Z01,E,2014-06,9362807,A,F,,,P1M,,E,,,,,,,,,2,,,"Monetary aggregate M2, Stocks","Euro area (changing composition), Outstanding amounts at the end of the period (stocks), MFIs, central government and post office giro institutions reporting sector - Monetary aggregate M2, All currencies combined - Euro area (changing composition) counterpart, Non-MFIs excluding central government sector, denominated in Euro, data Working day and seasonally adjusted",EUR,6
BSI.M.U2.Y.V.M20.X.1.U2.2300.Z01.E,M,U2,Y,V,M20,X,1,U2,2300,Z01,E,2014-07,9390708,A,F,,,P1M,,E,,,,,,,,,2,,,"Monetary aggregate M2, Stocks","Euro area (changing composition), Outstanding amounts at the end of the period (stocks), MFIs, central government and post office giro institutions reporting sector - Monetary aggregate M2, All currencies combined - Euro area (changing composition) counterpart, Non-MFIs excluding central government sector, denominated in Euro, data Working day and seasonally adjusted",EUR,6
BSI.M.U2.Y.V.M20.X.1.U2.2300.Z01.E,M,U2,Y,V,M20,X,1,U2,2300,Z01,E,2014-08,9433034,A,F,,,P1M,,E,,,,,,,,,2,,,"Monetary aggregate M2, Stocks","Euro area (changing composition), Outstanding amounts at the end of the period (stocks), MFIs, central government and post office giro institutions reporting sector - Monetary aggregate M2, All currencies combined - Euro area (changing composition) counterpart, Non-MFIs excluding central government sector, denominated in Euro, data Working day and seasonally adjusted",EUR,6
BSI.M.U2.Y.V.M20.X.1.U2.2300.Z01.E,M,U2,Y,V,M20,X,1,U2,2300,Z01,E,2014-09,9482753,A,F,,,P1M,,E,,,,,,,,,2,,,"Monetary aggregate M2, Stocks","Euro area (changing composition), Outstanding amounts at the end of the period (stocks), MFIs, central government and post office giro institutions reporting sector - Monetary aggregate M2, All currencies combined - Euro area (changing composition) counterpart, Non-MFIs excluding central government sector, denominated in Euro, data Working day and seasonally adjusted",EUR,6
BSI.M.U2.Y.V.M20.X.1.U2.2300.Z01.E,M,U2,Y,V,M20,X,1,U2,2300,Z01,E,2014-10,9500212,A,F,,,P1M,,E,,,,,,,,,2,,,"Monetary aggregate M2, Stocks","Euro area (changing composition), Outstanding amounts at the end of the period (stocks), MFIs, central government and post office giro institutions reporting sector - Monetary aggregate M2, All currencies combined - Euro area (changing composition) counterpart, Non-MFIs excluding central government sector, denominated in Euro, data Working day and seasonally adjusted",EUR,6
BSI.M.U2.Y.V.M20.X.1.U2.2300.Z01.E,M,U2,Y,V,M20,X,1,U2,2300,Z01,E,2014-11,9559214,A,F,,,P1M,,E,,,,,,,,,2,,,"Monetary aggregate M2, Stocks","Euro area (changing composition), Outstanding amounts at the end of the period (stocks), MFIs, central government and post office giro institutions reporting sector - Monetary aggregate M2, All currencies combined - Euro area (changing composition) counterpart, Non-MFIs excluding central government sector, denominated in Euro, data Working day and seasonally adjusted",EUR,6
BSI.M.U2.Y.V.M20.X.1.U2.2300.Z01.E,M,U2,Y,V,M20,X,1,U2,2300,Z01,E,2014-12,9676028,A,F,,,P1M,,E,,,,,,,,,2,,,"Monetary aggregate M2, Stocks","Euro area (changing composition), Outstanding amounts at the end of the period (stocks), MFIs, central government and post office giro institutions reporting sector - Monetary aggregate M2, All currencies combined - Euro area (changing composition) counterpart, Non-MFIs excluding central government sector, denominated in Euro, data Working day and seasonally adjusted",EUR,6
BSI.M.U2.Y.V.M20.X.1.U2.2300.Z01.E,M,U2,Y,V,M20,X,1,U2,2300,Z01,E,2015-01,9745960,A,F,,,P1M,,E,,,,,,,,,2,,,"Monetary aggregate M2, Stocks","Euro area (changing composition), Outstanding amounts at the end of the period (stocks), MFIs, central government and post office giro institutions reporting sector - Monetary aggregate M2, All currencies combined - Euro area (changing composition) counterpart, Non-MFIs excluding central government sector, denominated in Euro, data Working day and seasonally adjusted",EUR,6
BSI.M.U2.Y.V.M20.X.1.U2.2300.Z01.E,M,U2,Y,V,M20,X,1,U2,2300,Z01,E,2015-02,9761926,A,F,,,P1M,,E,,,,,,,,,2,,,"Monetary aggregate M2, Stocks","Euro area (changing composition), Outstanding amounts at the end of the period (stocks), MFIs, central government and post office giro institutions reporting sector - Monetary aggregate M2, All currencies combined - Euro area (changing composition) counterpart, Non-MFIs excluding central government sector, denominated in Euro, data Working day and seasonally adjusted",EUR,6
BSI.M.U2.Y.V.M20.X.1.U2.2300.Z01.E,M,U2,Y,V,M20,X,1,U2,2300,Z01,E,2015-03,9815782,A,F,,,P1M,,E,,,,,,,,,2,,,"Monetary aggregate M2, Stocks","Euro area (changing composition), Outstanding amounts at the end of the period (stocks), MFIs, central government and post office giro institutions reporting sector - Monetary aggregate M2, All currencies combined - Euro area (changing composition) counterpart, Non-MFIs excluding central government sector, denominated in Euro, data Working day and seasonally adjusted",EUR,6
BSI.M.U2.Y.V.M20.X.1.U2.2300.Z01.E,M,U2,Y,V,M20,X,1,U2,2300,Z01,E,2015-04,9865617,A,F,,,P1M,,E,,,,,,,,,2,,,"Monetary aggregate M2, Stocks","Euro area (changing composition), Outstanding amounts at the end of the period (stocks), MFIs, central government and post office giro institutions reporting sector - Monetary aggregate M2, All currencies combined - Euro area (changing composition) counterpart, Non-MFIs excluding central government sector, denominated in Euro, data Working day and seasonally adjusted",EUR,6
BSI.M.U2.Y.V.M20.X.1.U2.2300.Z01.E,M,U2,Y,V,M20,X,1,U2,2300,Z01,E,2015-05,9909778,A,F,,,P1M,,E,,,,,,,,,2,,,"Monetary aggregate M2, Stocks","Euro area (changing composition), Outstanding amounts at the end of the period (stocks), MFIs, central government and post office giro institutions reporting sector - Monetary aggregate M2, All currencies combined - Euro area (changing composition) counterpart, Non-MFIs excluding central government sector, denominated in Euro, data Working day and seasonally adjusted",EUR,6
BSI.M.U2.Y.V.M20.X.1.U2.2300.Z01.E,M,U2,Y,V,M20,X,1,U2,2300,Z01,E,2015-06,9947884,A,F,,,P1M,,E,,,,,,,,,2,,,"Monetary aggregate M2, Stocks","Euro area (changing composition), Outstanding amounts at the end of the period (stocks), MFIs, central government and post office giro institutions reporting sector - Monetary aggregate M2, All currencies combined - Euro area (changing composition) counterpart, Non-MFIs excluding central government sector, denominated in Euro, data Working day and seasonally adjusted",EUR,6
BSI.M.U2.Y.V.M20.X.1.U2.2300.Z01.E,M,U2,Y,V,M20,X,1,U2,2300,Z01,E,2015-07,10012113,A,F,,,P1M,,E,,,,,,,,,2,,,"Monetary aggregate M2, Stocks","Euro area (changing composition), Outstanding amounts at the end of the period (stocks), MFIs, central government and post office giro institutions reporting sector - Monetary aggregate M2, All currencies combined - Euro area (changing composition) counterpart, Non-MFIs excluding central government sector, denominated in Euro, data Working day and seasonally adjusted",EUR,6
BSI.M.U2.Y.V.M20.X.1.U2.2300.Z01.E,M,U2,Y,V,M20,X,1,U2,2300,Z01,E,2015-08,10030998,A,F,,,P1M,,E,,,,,,,,,2,,,"Monetary aggregate M2, Stocks","Euro area (changing composition), Outstanding amounts at the end of the period (stocks), MFIs, central government and post office giro institutions reporting sector - Monetary aggregate M2, All currencies combined - Euro area (changing composition) counterpart, Non-MFIs excluding central government sector, denominated in Euro, data Working day and seasonally adjusted",EUR,6
BSI.M.U2.Y.V.M20.X.1.U2.2300.Z01.E,M,U2,Y,V,M20,X,1,U2,2300,Z01,E,2015-09,10060424,A,F,,,P1M,,E,,,,,,,,,2,,,"Monetary aggregate M2, Stocks","Euro area (changing composition), Outstanding amounts at the end of the period (stocks), MFIs, central government and post office giro institutions reporting sector - Monetary aggregate M2, All currencies combined - Euro area (changing composition) counterpart, Non-MFIs excluding central government sector, denominated in Euro, data Working day and seasonally adjusted",EUR,6
BSI.M.U2.Y.V.M20.X.1.U2.2300.Z01.E,M,U2,Y,V,M20,X,1,U2,2300,Z01,E,2015-10,10124558,A,F,,,P1M,,E,,,,,,,,,2,,,"Monetary aggregate M2, Stocks","Euro area (changing composition), Outstanding amounts at the end of the period (stocks), MFIs, central government and post office giro institutions reporting sector - Monetary aggregate M2, All currencies combined - Euro area (changing composition) counterpart, Non-MFIs excluding central government sector, denominated in Euro, data Working day and seasonally adjusted",EUR,6
BSI.M.U2.Y.V.M20.X.1.U2.2300.Z01.E,M,U2,Y,V,M20,X,1,U2,2300,Z01,E,2015-11,10182417,A,F,,,P1M,,E,,,,,,,,,2,,,"Monetary aggregate M2, Stocks","Euro area (changing composition), Outstanding amounts at the end of the period (stocks), MFIs, central government and post office giro institutions reporting sector - Monetary aggregate M2, All currencies combined - Euro area (changing composition) counterpart, Non-MFIs excluding central government sector, denominated in Euro, data Working day and seasonally adjusted",EUR,6
BSI.M.U2.Y.V.M20.X.1.U2.2300.Z01.E,M,U2,Y,V,M20,X,1,U2,2300,Z01,E,2015-12,10217313,A,F,,,P1M,,E,,,,,,,,,2,,,"Monetary aggregate M2, Stocks","Euro area (changing composition), Outstanding amounts at the end of the period (stocks), MFIs, central government and post office giro institutions reporting sector - Monetary aggregate M2, All currencies combined - Euro area (changing composition) counterpart, Non-MFIs excluding central government sector, denominated in Euro, data Working day and seasonally adjusted",EUR,6
BSI.M.U2.Y.V.M20.X.1.U2.2300.Z01.E,M,U2,Y,V,M20,X,1,U2,2300,Z01,E,2016-01,10268839,A,F,,,P1M,,E,,,,,,,,,2,,,"Monetary aggregate M2, Stocks","Euro area (changing composition), Outstanding amounts at the end of the period (stocks), MFIs, central government and post office giro institutions reporting sector - Monetary aggregate M2, All currencies combined - Euro area (changing composition) counterpart, Non-MFIs excluding central government sector, denominated in Euro, data Working day and seasonally adjusted",EUR,6
BSI.M.U2.Y.V.M20.X.1.U2.2300.Z01.E,M,U2,Y,V,M20,X,1,U2,2300,Z01,E,2016-02,10320213,A,F,,,P1M,,E,,,,,,,,,2,,,"Monetary aggregate M2, Stocks","Euro area (changing composition), Outstanding amounts at the end of the period (stocks), MFIs, central government and post office giro institutions reporting sector - Monetary aggregate M2, All currencies combined - Euro area (changing composition) counterpart, Non-MFIs excluding central government sector, denominated in Euro, data Working day and seasonally adjusted",EUR,6
BSI.M.U2.Y.V.M20.X.1.U2.2300.Z01.E,M,U2,Y,V,M20,X,1,U2,2300,Z01,E,2016-03,10342705,A,F,,,P1M,,E,,,,,,,,,2,,,"Monetary aggregate M2, Stocks","Euro area (changing composition), Outstanding amounts at the end of the period (stocks), MFIs, central government and post office giro institutions reporting sector - Monetary aggregate M2, All currencies combined - Euro area (changing composition) counterpart, Non-MFIs excluding central government sector, denominated in Euro, data Working day and seasonally adjusted",EUR,6
BSI.M.U2.Y.V.M20.X.1.U2.2300.Z01.E,M,U2,Y,V,M20,X,1,U2,2300,Z01,E,2016-04,10383940,A,F,,,P1M,,E,,,,,,,,,2,,,"Monetary aggregate M2, Stocks","Euro area (changing composition), Outstanding amounts at the end of the period (stocks), MFIs, central government and post office giro institutions reporting sector - Monetary aggregate M2, All currencies combined - Euro area (changing composition) counterpart, Non-MFIs excluding central government sector, denominated in Euro, data Working day and seasonally adjusted",EUR,6
BSI.M.U2.Y.V.M20.X.1.U2.2300.Z01.E,M,U2,Y,V,M20,X,1,U2,2300,Z01,E,2016-05,10423954,A,F,,,P1M,,E,,,,,,,,,2,,,"Monetary aggregate M2, Stocks","Euro area (changing composition), Outstanding amounts at the end of the period (stocks), MFIs, central government and post office giro institutions reporting sector - Monetary aggregate M2, All currencies combined - Euro area (changing composition) counterpart, Non-MFIs excluding central government sector, denominated in Euro, data Working day and seasonally adjusted",EUR,6
BSI.M.U2.Y.V.M20.X.1.U2.2300.Z01.E,M,U2,Y,V,M20,X,1,U2,2300,Z01,E,2016-06,10452292,A,F,,,P1M,,E,,,,,,,,,2,,,"Monetary aggregate M2, Stocks","Euro area (changing composition), Outstanding amounts at the end of the period (stocks), MFIs, central government and post office giro institutions reporting sector - Monetary aggregate M2, All currencies combined - Euro area (changing composition) counterpart, Non-MFIs excluding central government sector, denominated in Euro, data Working day and seasonally adjusted",EUR,6
BSI.M.U2.Y.V.M20.X.1.U2.2300.Z01.E,M,U2,Y,V,M20,X,1,U2,2300,Z01,E,2016-07,10502607,A,F,,,P1M,,E,,,,,,,,,2,,,"Monetary aggregate M2, Stocks","Euro area (changing composition), Outstanding amounts at the end of the period (stocks), MFIs, central government and post office giro institutions reporting sector - Monetary aggregate M2, All currencies combined - Euro area (changing composition) counterpart, Non-MFIs excluding central government sector, denominated in Euro, data Working day and seasonally adjusted",EUR,6
BSI.M.U2.Y.V.M20.X.1.U2.2300.Z01.E,M,U2,Y,V,M20,X,1,U2,2300,Z01,E,2016-08,10528589,A,F,,,P1M,,E,,,,,,,,,2,,,"Monetary aggregate M2, Stocks","Euro area (changing composition), Outstanding amounts at the end of the period (stocks), MFIs, central government and post office giro institutions reporting sector - Monetary aggregate M2, All currencies combined - Euro area (changing composition) counterpart, Non-MFIs excluding central government sector, denominated in Euro, data Working day and seasonally adjusted",EUR,6
BSI.M.U2.Y.V.M20.X.1.U2.2300.Z01.E,M,U2,Y,V,M20,X,1,U2,2300,Z01,E,2016-09,10569166,A,F,,,P1M,,E,,,,,,,,,2,,,"Monetary aggregate M2, Stocks","Euro area (changing composition), Outstanding amounts at the end of the period (stocks), MFIs, central government and post office giro institutions reporting sector - Monetary aggregate M2, All currencies combined - Euro area (changing composition) counterpart, Non-MFIs excluding central government sector, denominated in Euro, data Working day and seasonally adjusted",EUR,6
BSI.M.U2.Y.V.M20.X.1.U2.2300.Z01.E,M,U2,Y,V,M20,X,1,U2,2300,Z01,E,2016-10,10591645,A,F,,,P1M,,E,,,,,,,,,2,,,"Monetary aggregate M2, Stocks","Euro area (changing composition), Outstanding amounts at the end of the period (stocks), MFIs, central government and post office giro institutions reporting sector - Monetary aggregate M2, All currencies combined - Euro area (changing composition) counterpart, Non-MFIs excluding central government sector, denominated in Euro, data Working day and seasonally adjusted",EUR,6
BSI.M.U2.Y.V.M20.X.1.U2.2300.Z01.E,M,U2,Y,V,M20,X,1,U2,2300,Z01,E,2016-11,10662425,A,F,,,P1M,,E,,,,,,,,,2,,,"Monetary aggregate M2, Stocks","Euro area (changing composition), Outstanding amounts at the end of the period (stocks), MFIs, central government and post office giro institutions reporting sector - Monetary aggregate M2, All currencies combined - Euro area (changing composition) counterpart, Non-MFIs excluding central government sector, denominated in Euro, data Working day and seasonally adjusted",EUR,6
BSI.M.U2.Y.V.M20.X.1.U2.2300.Z01.E,M,U2,Y,V,M20,X,1,U2,2300,Z01,E,2016-12,10710530,A,F,,,P1M,,E,,,,,,,,,2,,,"Monetary aggregate M2, Stocks","Euro area (changing composition), Outstanding amounts at the end of the period (stocks), MFIs, central government and post office giro institutions reporting sector - Monetary aggregate M2, All currencies combined - Euro area (changing composition) counterpart, Non-MFIs excluding central government sector, denominated in Euro, data Working day and seasonally adjusted",EUR,6
BSI.M.U2.Y.V.M20.X.1.U2.2300.Z01.E,M,U2,Y,V,M20,X,1,U2,2300,Z01,E,2017-01,10759056,A,F,,,P1M,,E,,,,,,,,,2,,,"Monetary aggregate M2, Stocks","Euro area (changing composition), Outstanding amounts at the end of the period (stocks), MFIs, central government and post office giro institutions reporting sector - Monetary aggregate M2, All currencies combined - Euro area (changing composition) counterpart, Non-MFIs excluding central government sector, denominated in Euro, data Working day and seasonally adjusted",EUR,6
BSI.M.U2.Y.V.M20.X.1.U2.2300.Z01.E,M,U2,Y,V,M20,X,1,U2,2300,Z01,E,2017-02,10814115,A,F,,,P1M,,E,,,,,,,,,2,,,"Monetary aggregate M2, Stocks","Euro area (changing composition), Outstanding amounts at the end of the period (stocks), MFIs, central government and post office giro institutions reporting sector - Monetary aggregate M2, All currencies combined - Euro area (changing composition) counterpart, Non-MFIs excluding central government sector, denominated in Euro, data Working day and seasonally adjusted",EUR,6
BSI.M.U2.Y.V.M20.X.1.U2.2300.Z01.E,M,U2,Y,V,M20,X,1,U2,2300,Z01,E,2017-03,10881654,A,F,,,P1M,,E,,,,,,,,,2,,,"Monetary aggregate M2, Stocks","Euro area (changing composition), Outstanding amounts at the end of the period (stocks), MFIs, central government and post office giro institutions reporting sector - Monetary aggregate M2, All currencies combined - Euro area (changing composition) counterpart, Non-MFIs excluding central government sector, denominated in Euro, data Working day and seasonally adjusted",EUR,6
BSI.M.U2.Y.V.M20.X.1.U2.2300.Z01.E,M,U2,Y,V,M20,X,1,U2,2300,Z01,E,2017-04,10912228,A,F,,,P1M,,E,,,,,,,,,2,,,"Monetary aggregate M2, Stocks","Euro area (changing composition), Outstanding amounts at the end of the period (stocks), MFIs, central government and post office giro institutions reporting sector - Monetary aggregate M2, All currencies combined - Euro area (changing composition) counterpart, Non-MFIs excluding central government sector, denominated in Euro, data Working day and seasonally adjusted",EUR,6
BSI.M.U2.Y.V.M20.X.1.U2.2300.Z01.E,M,U2,Y,V,M20,X,1,U2,2300,Z01,E,2017-05,10928508,A,F,,,P1M,,E,,,,,,,,,2,,,"Monetary aggregate M2, Stocks","Euro area (changing composition), Outstanding amounts at the end of the period (stocks), MFIs, central government and post office giro institutions reporting sector - Monetary aggregate M2, All currencies combined - Euro area (changing composition) counterpart, Non-MFIs excluding central government sector, denominated in Euro, data Working day and seasonally adjusted",EUR,6
BSI.M.U2.Y.V.M20.X.1.U2.2300.Z01.E,M,U2,Y,V,M20,X,1,U2,2300,Z01,E,2017-06,10988182,A,F,,,P1M,,E,,,,,,,,,2,,,"Monetary aggregate M2, Stocks","Euro area (changing composition), Outstanding amounts at the end of the period (stocks), MFIs, central government and post office giro institutions reporting sector - Monetary aggregate M2, All currencies combined - Euro area (changing composition) counterpart, Non-MFIs excluding central government sector, denominated in Euro, data Working day and seasonally adjusted",EUR,6
BSI.M.U2.Y.V.M20.X.1.U2.2300.Z01.E,M,U2,Y,V,M20,X,1,U2,2300,Z01,E,2017-07,11008582,A,F,,,P1M,,E,,,,,,,,,2,,,"Monetary aggregate M2, Stocks","Euro area (changing composition), Outstanding amounts at the end of the period (stocks), MFIs, central government and post office giro institutions reporting sector - Monetary aggregate M2, All currencies combined - Euro area (changing composition) counterpart, Non-MFIs excluding central government sector, denominated in Euro, data Working day and seasonally adjusted",EUR,6
BSI.M.U2.Y.V.M20.X.1.U2.2300.Z01.E,M,U2,Y,V,M20,X,1,U2,2300,Z01,E,2017-08,11066852,A,F,,,P1M,,E,,,,,,,,,2,,,"Monetary aggregate M2, Stocks","Euro area (changing composition), Outstanding amounts at the end of the period (stocks), MFIs, central government and post office giro institutions reporting sector - Monetary aggregate M2, All currencies combined - Euro area (changing composition) counterpart, Non-MFIs excluding central government sector, denominated in Euro, data Working day and seasonally adjusted",EUR,6
BSI.M.U2.Y.V.M20.X.1.U2.2300.Z01.E,M,U2,Y,V,M20,X,1,U2,2300,Z01,E,2017-09,11095402,A,F,,,P1M,,E,,,,,,,,,2,,,"Monetary aggregate M2, Stocks","Euro area (changing composition), Outstanding amounts at the end of the period (stocks), MFIs, central government and post office giro institutions reporting sector - Monetary aggregate M2, All currencies combined - Euro area (changing composition) counterpart, Non-MFIs excluding central government sector, denominated in Euro, data Working day and seasonally adjusted",EUR,6
BSI.M.U2.Y.V.M20.X.1.U2.2300.Z01.E,M,U2,Y,V,M20,X,1,U2,2300,Z01,E,2017-10,11139576,A,F,,,P1M,,E,,,,,,,,,2,,,"Monetary aggregate M2, Stocks","Euro area (changing composition), Outstanding amounts at the end of the period (stocks), MFIs, central government and post office giro institutions reporting sector - Monetary aggregate M2, All currencies combined - Euro area (changing composition) counterpart, Non-MFIs excluding central government sector, denominated in Euro, data Working day and seasonally adjusted",EUR,6
BSI.M.U2.Y.V.M20.X.1.U2.2300.Z01.E,M,U2,Y,V,M20,X,1,U2,2300,Z01,E,2017-11,11176686,A,F,,,P1M,,E,,,,,,,,,2,,,"Monetary aggregate M2, Stocks","Euro area (changing composition), Outstanding amounts at the end of the period (stocks), MFIs, central government and post office giro institutions reporting sector - Monetary aggregate M2, All currencies combined - Euro area (changing composition) counterpart, Non-MFIs excluding central government sector, denominated in Euro, data Working day and seasonally adjusted",EUR,6
BSI.M.U2.Y.V.M20.X.1.U2.2300.Z01.E,M,U2,Y,V,M20,X,1,U2,2300,Z01,E,2017-12,11208278,A,F,,,P1M,,E,,,,,,,,,2,,,"Monetary aggregate M2, Stocks","Euro area (changing composition), Outstanding amounts at the end of the period (stocks), MFIs, central government and post office giro institutions reporting sector - Monetary aggregate M2, All currencies combined - Euro area (changing composition) counterpart, Non-MFIs excluding central government sector, denominated in Euro, data Working day and seasonally adjusted",EUR,6
BSI.M.U2.Y.V.M20.X.1.U2.2300.Z01.E,M,U2,Y,V,M20,X,1,U2,2300,Z01,E,2018-01,11268435,A,F,,,P1M,,E,,,,,,,,,2,,,"Monetary aggregate M2, Stocks","Euro area (changing composition), Outstanding amounts at the end of the period (stocks), MFIs, central government and post office giro institutions reporting sector - Monetary aggregate M2, All currencies combined - Euro area (changing composition) counterpart, Non-MFIs excluding central government sector, denominated in Euro, data Working day and seasonally adjusted",EUR,6
BSI.M.U2.Y.V.M20.X.1.U2.2300.Z01.E,M,U2,Y,V,M20,X,1,U2,2300,Z01,E,2018-02,11278453,A,F,,,P1M,,E,,,,,,,,,2,,,"Monetary aggregate M2, Stocks","Euro area (changing composition), Outstanding amounts at the end of the period (stocks), MFIs, central government and post office giro institutions reporting sector - Monetary aggregate M2, All currencies combined - Euro area (changing composition) counterpart, Non-MFIs excluding central government sector, denominated in Euro, data Working day and seasonally adjusted",EUR,6
BSI.M.U2.Y.V.M20.X.1.U2.2300.Z01.E,M,U2,Y,V,M20,X,1,U2,2300,Z01,E,2018-03,11291026,A,F,,,P1M,,E,,,,,,,,,2,,,"Monetary aggregate M2, Stocks","Euro area (changing composition), Outstanding amounts at the end of the period (stocks), MFIs, central government and post office giro institutions reporting sector - Monetary aggregate M2, All currencies combined - Euro area (changing composition) counterpart, Non-MFIs excluding central government sector, denominated in Euro, data Working day and seasonally adjusted",EUR,6
BSI.M.U2.Y.V.M20.X.1.U2.2300.Z01.E,M,U2,Y,V,M20,X,1,U2,2300,Z01,E,2018-04,11338734,A,F,,,P1M,,E,,,,,,,,,2,,,"Monetary aggregate M2, Stocks","Euro area (changing composition), Outstanding amounts at the end of the period (stocks), MFIs, central government and post office giro institutions reporting sector - Monetary aggregate M2, All currencies combined - Euro area (changing composition) counterpart, Non-MFIs excluding central government sector, denominated in Euro, data Working day and seasonally adjusted",EUR,6
BSI.M.U2.Y.V.M20.X.1.U2.2300.Z01.E,M,U2,Y,V,M20,X,1,U2,2300,Z01,E,2018-05,11422841,A,F,,,P1M,,E,,,,,,,,,2,,,"Monetary aggregate M2, Stocks","Euro area (changing composition), Outstanding amounts at the end of the period (stocks), MFIs, central government and post office giro institutions reporting sector - Monetary aggregate M2, All currencies combined - Euro area (changing composition) counterpart, Non-MFIs excluding central government sector, denominated in Euro, data Working day and seasonally adjusted",EUR,6
BSI.M.U2.Y.V.M20.X.1.U2.2300.Z01.E,M,U2,Y,V,M20,X,1,U2,2300,Z01,E,2018-06,11493849,A,F,,,P1M,,E,,,,,,,,,2,,,"Monetary aggregate M2, Stocks","Euro area (changing composition), Outstanding amounts at the end of the period (stocks), MFIs, central government and post office giro institutions reporting sector - Monetary aggregate M2, All currencies combined - Euro area (changing composition) counterpart, Non-MFIs excluding central government sector, denominated in Euro, data Working day and seasonally adjusted",EUR,6
BSI.M.U2.Y.V.M20.X.1.U2.2300.Z01.E,M,U2,Y,V,M20,X,1,U2,2300,Z01,E,2018-07,11495564,A,F,,,P1M,,E,,,,,,,,,2,,,"Monetary aggregate M2, Stocks","Euro area (changing composition), Outstanding amounts at the end of the period (stocks), MFIs, central government and post office giro institutions reporting sector - Monetary aggregate M2, All currencies combined - Euro area (changing composition) counterpart, Non-MFIs excluding central government sector, denominated in Euro, data Working day and seasonally adjusted",EUR,6
BSI.M.U2.Y.V.M20.X.1.U2.2300.Z01.E,M,U2,Y,V,M20,X,1,U2,2300,Z01,E,2018-08,11513479,A,F,,,P1M,,E,,,,,,,,,2,,,"Monetary aggregate M2, Stocks","Euro area (changing composition), Outstanding amounts at the end of the period (stocks), MFIs, central government and post office giro institutions reporting sector - Monetary aggregate M2, All currencies combined - Euro area (changing composition) counterpart, Non-MFIs excluding central government sector, denominated in Euro, data Working day and seasonally adjusted",EUR,6
BSI.M.U2.Y.V.M20.X.1.U2.2300.Z01.E,M,U2,Y,V,M20,X,1,U2,2300,Z01,E,2018-09,11561802,A,F,,,P1M,,E,,,,,,,,,2,,,"Monetary aggregate M2, Stocks","Euro area (changing composition), Outstanding amounts at the end of the period (stocks), MFIs, central government and post office giro institutions reporting sector - Monetary aggregate M2, All currencies combined - Euro area (changing composition) counterpart, Non-MFIs excluding central government sector, denominated in Euro, data Working day and seasonally adjusted",EUR,6
BSI.M.U2.Y.V.M20.X.1.U2.2300.Z01.E,M,U2,Y,V,M20,X,1,U2,2300,Z01,E,2018-10,11622419,A,F,,,P1M,,E,,,,,,,,,2,,,"Monetary aggregate M2, Stocks","Euro area (changing composition), Outstanding amounts at the end of the period (stocks), MFIs, central government and post office giro institutions reporting sector - Monetary aggregate M2, All currencies combined - Euro area (changing composition) counterpart, Non-MFIs excluding central government sector, denominated in Euro, data Working day and seasonally adjusted",EUR,6
BSI.M.U2.Y.V.M20.X.1.U2.2300.Z01.E,M,U2,Y,V,M20,X,1,U2,2300,Z01,E,2018-11,11665857,A,F,,,P1M,,E,,,,,,,,,2,,,"Monetary aggregate M2, Stocks","Euro area (changing composition), Outstanding amounts at the end of the period (stocks), MFIs, central government and post office giro institutions reporting sector - Monetary aggregate M2, All currencies combined - Euro area (changing composition) counterpart, Non-MFIs excluding central government sector, denominated in Euro, data Working day and seasonally adjusted",EUR,6
BSI.M.U2.Y.V.M20.X.1.U2.2300.Z01.E,M,U2,Y,V,M20,X,1,U2,2300,Z01,E,2018-12,11709917,A,F,,,P1M,,E,,,,,,,,,2,,,"Monetary aggregate M2, Stocks","Euro area (changing composition), Outstanding amounts at the end of the period (stocks), MFIs, central government and post office giro institutions reporting sector - Monetary aggregate M2, All currencies combined - Euro area (changing composition) counterpart, Non-MFIs excluding central government sector, denominated in Euro, data Working day and seasonally adjusted",EUR,6
BSI.M.U2.Y.V.M20.X.1.U2.2300.Z01.E,M,U2,Y,V,M20,X,1,U2,2300,Z01,E,2019-01,11749372,A,F,,,P1M,,E,,,,,,,,,2,,,"Monetary aggregate M2, Stocks","Euro area (changing composition), Outstanding amounts at the end of the period (stocks), MFIs, central government and post office giro institutions reporting sector - Monetary aggregate M2, All currencies combined - Euro area (changing composition) counterpart, Non-MFIs excluding central government sector, denominated in Euro, data Working day and seasonally adjusted",EUR,6
BSI.M.U2.Y.V.M20.X.1.U2.2300.Z01.E,M,U2,Y,V,M20,X,1,U2,2300,Z01,E,2019-02,11810026,A,F,,,P1M,,E,,,,,,,,,2,,,"Monetary aggregate M2, Stocks","Euro area (changing composition), Outstanding amounts at the end of the period (stocks), MFIs, central government and post office giro institutions reporting sector - Monetary aggregate M2, All currencies combined - Euro area (changing composition) counterpart, Non-MFIs excluding central government sector, denominated in Euro, data Working day and seasonally adjusted",EUR,6
BSI.M.U2.Y.V.M20.X.1.U2.2300.Z01.E,M,U2,Y,V,M20,X,1,U2,2300,Z01,E,2019-03,11892106,A,F,,,P1M,,E,,,,,,,,,2,,,"Monetary aggregate M2, Stocks","Euro area (changing composition), Outstanding amounts at the end of the period (stocks), MFIs, central government and post office giro institutions reporting sector - Monetary aggregate M2, All currencies combined - Euro area (changing composition) counterpart, Non-MFIs excluding central government sector, denominated in Euro, data Working day and seasonally adjusted",EUR,6
BSI.M.U2.Y.V.M20.X.1.U2.2300.Z01.E,M,U2,Y,V,M20,X,1,U2,2300,Z01,E,2019-04,11966995,A,F,,,P1M,,E,,,,,,,,,2,,,"Monetary aggregate M2, Stocks","Euro area (changing composition), Outstanding amounts at the end of the period (stocks), MFIs, central government and post office giro institutions reporting sector - Monetary aggregate M2, All currencies combined - Euro area (changing composition) counterpart, Non-MFIs excluding central government sector, denominated in Euro, data Working day and seasonally adjusted",EUR,6
BSI.M.U2.Y.V.M20.X.1.U2.2300.Z01.E,M,U2,Y,V,M20,X,1,U2,2300,Z01,E,2019-05,12031672,A,F,,,P1M,,E,,,,,,,,,2,,,"Monetary aggregate M2, Stocks","Euro area (changing composition), Outstanding amounts at the end of the period (stocks), MFIs, central government and post office giro institutions reporting sector - Monetary aggregate M2, All currencies combined - Euro area (changing composition) counterpart, Non-MFIs excluding central government sector, denominated in Euro, data Working day and seasonally adjusted",EUR,6
BSI.M.U2.Y.V.M20.X.1.U2.2300.Z01.E,M,U2,Y,V,M20,X,1,U2,2300,Z01,E,2019-06,12072408,A,F,,,P1M,,E,,,,,,,,,2,,,"Monetary aggregate M2, Stocks","Euro area (changing composition), Outstanding amounts at the end of the period (stocks), MFIs, central government and post office giro institutions reporting sector - Monetary aggregate M2, All currencies combined - Euro area (changing composition) counterpart, Non-MFIs excluding central government sector, denominated in Euro, data Working day and seasonally adjusted",EUR,6
BSI.M.U2.Y.V.M20.X.1.U2.2300.Z01.E,M,U2,Y,V,M20,X,1,U2,2300,Z01,E,2019-07,12138309,A,F,,,P1M,,E,,,,,,,,,2,,,"Monetary aggregate M2, Stocks","Euro area (changing composition), Outstanding amounts at the end of the period (stocks), MFIs, central government and post office giro institutions reporting sector - Monetary aggregate M2, All currencies combined - Euro area (changing composition) counterpart, Non-MFIs excluding central government sector, denominated in Euro, data Working day and seasonally adjusted",EUR,6
BSI.M.U2.Y.V.M20.X.1.U2.2300.Z01.E,M,U2,Y,V,M20,X,1,U2,2300,Z01,E,2019-08,12240547,A,F,,,P1M,,E,,,,,,,,,2,,,"Monetary aggregate M2, Stocks","Euro area (changing composition), Outstanding amounts at the end of the period (stocks), MFIs, central government and post office giro institutions reporting sector - Monetary aggregate M2, All currencies combined - Euro area (changing composition) counterpart, Non-MFIs excluding central government sector, denominated in Euro, data Working day and seasonally adjusted",EUR,6
BSI.M.U2.Y.V.M20.X.1.U2.2300.Z01.E,M,U2,Y,V,M20,X,1,U2,2300,Z01,E,2019-09,12280081,A,F,,,P1M,,E,,,,,,,,,2,,,"Monetary aggregate M2, Stocks","Euro area (changing composition), Outstanding amounts at the end of the period (stocks), MFIs, central government and post office giro institutions reporting sector - Monetary aggregate M2, All currencies combined - Euro area (changing composition) counterpart, Non-MFIs excluding central government sector, denominated in Euro, data Working day and seasonally adjusted",EUR,6
BSI.M.U2.Y.V.M20.X.1.U2.2300.Z01.E,M,U2,Y,V,M20,X,1,U2,2300,Z01,E,2019-10,12339342,A,F,,,P1M,,E,,,,,,,,,2,,,"Monetary aggregate M2, Stocks","Euro area (changing composition), Outstanding amounts at the end of the period (stocks), MFIs, central government and post office giro institutions reporting sector - Monetary aggregate M2, All currencies combined - Euro area (changing composition) counterpart, Non-MFIs excluding central government sector, denominated in Euro, data Working day and seasonally adjusted",EUR,6
BSI.M.U2.Y.V.M20.X.1.U2.2300.Z01.E,M,U2,Y,V,M20,X,1,U2,2300,Z01,E,2019-11,12376134,A,F,,,P1M,,E,,,,,,,,,2,,,"Monetary aggregate M2, Stocks","Euro area (changing composition), Outstanding amounts at the end of the period (stocks), MFIs, central government and post office giro institutions reporting sector - Monetary aggregate M2, All currencies combined - Euro area (changing composition) counterpart, Non-MFIs excluding central government sector, denominated in Euro, data Working day and seasonally adjusted",EUR,6
BSI.M.U2.Y.V.M20.X.1.U2.2300.Z01.E,M,U2,Y,V,M20,X,1,U2,2300,Z01,E,2019-12,12374612,A,F,,,P1M,,E,,,,,,,,,2,,,"Monetary aggregate M2, Stocks","Euro area (changing composition), Outstanding amounts at the end of the period (stocks), MFIs, central government and post office giro institutions reporting sector - Monetary aggregate M2, All currencies combined - Euro area (changing composition) counterpart, Non-MFIs excluding central government sector, denominated in Euro, data Working day and seasonally adjusted",EUR,6
BSI.M.U2.Y.V.M20.X.1.U2.2300.Z01.E,M,U2,Y,V,M20,X,1,U2,2300,Z01,E,2020-01,12414758,A,F,,,P1M,,E,,,,,,,,,2,,,"Monetary aggregate M2, Stocks","Euro area (changing composition), Outstanding amounts at the end of the period (stocks), MFIs, central government and post office giro institutions reporting sector - Monetary aggregate M2, All currencies combined - Euro area (changing composition) counterpart, Non-MFIs excluding central government sector, denominated in Euro, data Working day and seasonally adjusted",EUR,6
BSI.M.U2.Y.V.M20.X.1.U2.2300.Z01.E,M,U2,Y,V,M20,X,1,U2,2300,Z01,E,2020-02,12485614,A,F,,,P1M,,E,,,,,,,,,2,,,"Monetary aggregate M2, Stocks","Euro area (changing composition), Outstanding amounts at the end of the period (stocks), MFIs, central government and post office giro institutions reporting sector - Monetary aggregate M2, All currencies combined - Euro area (changing composition) counterpart, Non-MFIs excluding central government sector, denominated in Euro, data Working day and seasonally adjusted",EUR,6
BSI.M.U2.Y.V.M20.X.1.U2.2300.Z01.E,M,U2,Y,V,M20,X,1,U2,2300,Z01,E,2020-03,12791700,A,F,,,P1M,,E,,,,,,,,,2,,,"Monetary aggregate M2, Stocks","Euro area (changing composition), Outstanding amounts at the end of the period (stocks), MFIs, central government and post office giro institutions reporting sector - Monetary aggregate M2, All currencies combined - Euro area (changing composition) counterpart, Non-MFIs excluding central government sector, denominated in Euro, data Working day and seasonally adjusted",EUR,6
BSI.M.U2.Y.V.M20.X.1.U2.2300.Z01.E,M,U2,Y,V,M20,X,1,U2,2300,Z01,E,2020-04,12976712,A,F,,,P1M,,E,,,,,,,,,2,,,"Monetary aggregate M2, Stocks","Euro area (changing composition), Outstanding amounts at the end of the period (stocks), MFIs, central government and post office giro institutions reporting sector - Monetary aggregate M2, All currencies combined - Euro area (changing composition) counterpart, Non-MFIs excluding central government sector, denominated in Euro, data Working day and seasonally adjusted",EUR,6
BSI.M.U2.Y.V.M20.X.1.U2.2300.Z01.E,M,U2,Y,V,M20,X,1,U2,2300,Z01,E,2020-05,13131206,A,F,,,P1M,,E,,,,,,,,,2,,,"Monetary aggregate M2, Stocks","Euro area (changing composition), Outstanding amounts at the end of the period (stocks), MFIs, central government and post office giro institutions reporting sector - Monetary aggregate M2, All currencies combined - Euro area (changing composition) counterpart, Non-MFIs excluding central government sector, denominated in Euro, data Working day and seasonally adjusted",EUR,6
BSI.M.U2.Y.V.M20.X.1.U2.2300.Z01.E,M,U2,Y,V,M20,X,1,U2,2300,Z01,E,2020-06,13221345,A,F,,,P1M,,E,,,,,,,,,2,,,"Monetary aggregate M2, Stocks","Euro area (changing composition), Outstanding amounts at the end of the period (stocks), MFIs, central government and post office giro institutions reporting sector - Monetary aggregate M2, All currencies combined - Euro area (changing composition) counterpart, Non-MFIs excluding central government sector, denominated in Euro, data Working day and seasonally adjusted",EUR,6
BSI.M.U2.Y.V.M20.X.1.U2.2300.Z01.E,M,U2,Y,V,M20,X,1,U2,2300,Z01,E,2020-07,13290586,A,F,,,P1M,,E,,,,,,,,,2,,,"Monetary aggregate M2, Stocks","Euro area (changing composition), Outstanding amounts at the end of the period (stocks), MFIs, central government and post office giro institutions reporting sector - Monetary aggregate M2, All currencies combined - Euro area (changing composition) counterpart, Non-MFIs excluding central government sector, denominated in Euro, data Working day and seasonally adjusted",EUR,6
BSI.M.U2.Y.V.M20.X.1.U2.2300.Z01.E,M,U2,Y,V,M20,X,1,U2,2300,Z01,E,2020-08,13349883,A,F,,,P1M,,E,,,,,,,,,2,,,"Monetary aggregate M2, Stocks","Euro area (changing composition), Outstanding amounts at the end of the period (stocks), MFIs, central government and post office giro institutions reporting sector - Monetary aggregate M2, All currencies combined - Euro area (changing composition) counterpart, Non-MFIs excluding central government sector, denominated in Euro, data Working day and seasonally adjusted",EUR,6
BSI.M.U2.Y.V.M20.X.1.U2.2300.Z01.E,M,U2,Y,V,M20,X,1,U2,2300,Z01,E,2020-09,13448807,A,F,,,P1M,,E,,,,,,,,,2,,,"Monetary aggregate M2, Stocks","Euro area (changing composition), Outstanding amounts at the end of the period (stocks), MFIs, central government and post office giro institutions reporting sector - Monetary aggregate M2, All currencies combined - Euro area (changing composition) counterpart, Non-MFIs excluding central government sector, denominated in Euro, data Working day and seasonally adjusted",EUR,6
BSI.M.U2.Y.V.M20.X.1.U2.2300.Z01.E,M,U2,Y,V,M20,X,1,U2,2300,Z01,E,2020-10,13542286,A,F,,,P1M,,E,,,,,,,,,2,,,"Monetary aggregate M2, Stocks","Euro area (changing composition), Outstanding amounts at the end of the period (stocks), MFIs, central government and post office giro institutions reporting sector - Monetary aggregate M2, All currencies combined - Euro area (changing composition) counterpart, Non-MFIs excluding central government sector, denominated in Euro, data Working day and seasonally adjusted",EUR,6
BSI.M.U2.Y.V.M20.X.1.U2.2300.Z01.E,M,U2,Y,V,M20,X,1,U2,2300,Z01,E,2020-11,13637152,A,F,,,P1M,,E,,,,,,,,,2,,,"Monetary aggregate M2, Stocks","Euro area (changing composition), Outstanding amounts at the end of the period (stocks), MFIs, central government and post office giro institutions reporting sector - Monetary aggregate M2, All currencies combined - Euro area (changing composition) counterpart, Non-MFIs excluding central government sector, denominated in Euro, data Working day and seasonally adjusted",EUR,6
BSI.M.U2.Y.V.M20.X.1.U2.2300.Z01.E,M,U2,Y,V,M20,X,1,U2,2300,Z01,E,2020-12,13739962,A,F,,,P1M,,E,,,,,,,,,2,,,"Monetary aggregate M2, Stocks","Euro area (changing composition), Outstanding amounts at the end of the period (stocks), MFIs, central government and post office giro institutions reporting sector - Monetary aggregate M2, All currencies combined - Euro area (changing composition) counterpart, Non-MFIs excluding central government sector, denominated in Euro, data Working day and seasonally adjusted",EUR,6
BSI.M.U2.Y.V.M20.X.1.U2.2300.Z01.E,M,U2,Y,V,M20,X,1,U2,2300,Z01,E,2021-01,13826659,A,F,,,P1M,,E,,,,,,,,,2,,,"Monetary aggregate M2, Stocks","Euro area (changing composition), Outstanding amounts at the end of the period (stocks), MFIs, central government and post office giro institutions reporting sector - Monetary aggregate M2, All currencies combined - Euro area (changing composition) counterpart, Non-MFIs excluding central government sector, denominated in Euro, data Working day and seasonally adjusted",EUR,6
BSI.M.U2.Y.V.M20.X.1.U2.2300.Z01.E,M,U2,Y,V,M20,X,1,U2,2300,Z01,E,2021-02,13914526,A,F,,,P1M,,E,,,,,,,,,2,,,"Monetary aggregate M2, Stocks","Euro area (changing composition), Outstanding amounts at the end of the period (stocks), MFIs, central government and post office giro institutions reporting sector - Monetary aggregate M2, All currencies combined - Euro area (changing composition) counterpart, Non-MFIs excluding central government sector, denominated in Euro, data Working day and seasonally adjusted",EUR,6
BSI.M.U2.Y.V.M20.X.1.U2.2300.Z01.E,M,U2,Y,V,M20,X,1,U2,2300,Z01,E,2021-03,14017030,A,F,,,P1M,,E,,,,,,,,,2,,,"Monetary aggregate M2, Stocks","Euro area (changing composition), Outstanding amounts at the end of the period (stocks), MFIs, central government and post office giro institutions reporting sector - Monetary aggregate M2, All currencies combined - Euro area (changing composition) counterpart, Non-MFIs excluding central government sector, denominated in Euro, data Working day and seasonally adjusted",EUR,6
BSI.M.U2.Y.V.M20.X.1.U2.2300.Z01.E,M,U2,Y,V,M20,X,1,U2,2300,Z01,E,2021-04,14065961,A,F,,,P1M,,E,,,,,,,,,2,,,"Monetary aggregate M2, Stocks","Euro area (changing composition), Outstanding amounts at the end of the period (stocks), MFIs, central government and post office giro institutions reporting sector - Monetary aggregate M2, All currencies combined - Euro area (changing composition) counterpart, Non-MFIs excluding central government sector, denominated in Euro, data Working day and seasonally adjusted",EUR,6
BSI.M.U2.Y.V.M20.X.1.U2.2300.Z01.E,M,U2,Y,V,M20,X,1,U2,2300,Z01,E,2021-05,14155693,A,F,,,P1M,,E,,,,,,,,,2,,,"Monetary aggregate M2, Stocks","Euro area (changing composition), Outstanding amounts at the end of the period (stocks), MFIs, central government and post office giro institutions reporting sector - Monetary aggregate M2, All currencies combined - Euro area (changing composition) counterpart, Non-MFIs excluding central government sector, denominated in Euro, data Working day and seasonally adjusted",EUR,6
BSI.M.U2.Y.V.M20.X.1.U2.2300.Z01.E,M,U2,Y,V,M20,X,1,U2,2300,Z01,E,2021-06,14233356,A,F,,,P1M,,E,,,,,,,,,2,,,"Monetary aggregate M2, Stocks","Euro area (changing composition), Outstanding amounts at the end of the period (stocks), MFIs, central government and post office giro institutions reporting sector - Monetary aggregate M2, All currencies combined - Euro area (changing composition) counterpart, Non-MFIs excluding central government sector, denominated in Euro, data Working day and seasonally adjusted",EUR,6
BSI.M.U2.Y.V.M20.X.1.U2.2300.Z01.E,M,U2,Y,V,M20,X,1,U2,2300,Z01,E,2021-07,14334088,A,F,,,P1M,,E,,,,,,,,,2,,,"Monetary aggregate M2, Stocks","Euro area (changing composition), Outstanding amounts at the end of the period (stocks), MFIs, central government and post office giro institutions reporting sector - Monetary aggregate M2, All currencies combined - Euro area (changing composition) counterpart, Non-MFIs excluding central government sector, denominated in Euro, data Working day and seasonally adjusted",EUR,6
BSI.M.U2.Y.V.M20.X.1.U2.2300.Z01.E,M,U2,Y,V,M20,X,1,U2,2300,Z01,E,2021-08,14425369,A,F,,,P1M,,E,,,,,,,,,2,,,"Monetary aggregate M2, Stocks","Euro area (changing composition), Outstanding amounts at the end of the period (stocks), MFIs, central government and post office giro institutions reporting sector - Monetary aggregate M2, All currencies combined - Euro area (changing composition) counterpart, Non-MFIs excluding central government sector, denominated in Euro, data Working day and seasonally adjusted",EUR,6
BSI.M.U2.Y.V.M20.X.1.U2.2300.Z01.E,M,U2,Y,V,M20,X,1,U2,2300,Z01,E,2021-09,14496442,A,F,,,P1M,,E,,,,,,,,,2,,,"Monetary aggregate M2, Stocks","Euro area (changing composition), Outstanding amounts at the end of the period (stocks), MFIs, central government and post office giro institutions reporting sector - Monetary aggregate M2, All currencies combined - Euro area (changing composition) counterpart, Non-MFIs excluding central government sector, denominated in Euro, data Working day and seasonally adjusted",EUR,6
BSI.M.U2.Y.V.M20.X.1.U2.2300.Z01.E,M,U2,Y,V,M20,X,1,U2,2300,Z01,E,2021-10,14567394,A,F,,,P1M,,E,,,,,,,,,2,,,"Monetary aggregate M2, Stocks","Euro area (changing composition), Outstanding amounts at the end of the period (stocks), MFIs, central government and post office giro institutions reporting sector - Monetary aggregate M2, All currencies combined - Euro area (changing composition) counterpart, Non-MFIs excluding central government sector, denominated in Euro, data Working day and seasonally adjusted",EUR,6
BSI.M.U2.Y.V.M20.X.1.U2.2300.Z01.E,M,U2,Y,V,M20,X,1,U2,2300,Z01,E,2021-11,14613598,A,F,,,P1M,,E,,,,,,,,,2,,,"Monetary aggregate M2, Stocks","Euro area (changing composition), Outstanding amounts at the end of the period (stocks), MFIs, central government and post office giro institutions reporting sector - Monetary aggregate M2, All currencies combined - Euro area (changing composition) counterpart, Non-MFIs excluding central government sector, denominated in Euro, data Working day and seasonally adjusted",EUR,6
BSI.M.U2.Y.V.M20.X.1.U2.2300.Z01.E,M,U2,Y,V,M20,X,1,U2,2300,Z01,E,2021-12,14704178,A,F,,,P1M,,E,,,,,,,,,2,,,"Monetary aggregate M2, Stocks","Euro area (changing composition), Outstanding amounts at the end of the period (stocks), MFIs, central government and post office giro institutions reporting sector - Monetary aggregate M2, All currencies combined - Euro area (changing composition) counterpart, Non-MFIs excluding central government sector, denominated in Euro, data Working day and seasonally adjusted",EUR,6
BSI.M.U2.Y.V.M20.X.1.U2.2300.Z01.E,M,U2,Y,V,M20,X,1,U2,2300,Z01,E,2022-01,14827973,A,F,,,P1M,,E,,,,,,,,,2,,,"Monetary aggregate M2, Stocks","Euro area (changing composition), Outstanding amounts at the end of the period (stocks), MFIs, central government and post office giro institutions reporting sector - Monetary aggregate M2, All currencies combined - Euro area (changing composition) counterpart, Non-MFIs excluding central government sector, denominated in Euro, data Working day and seasonally adjusted",EUR,6
BSI.M.U2.Y.V.M20.X.1.U2.2300.Z01.E,M,U2,Y,V,M20,X,1,U2,2300,Z01,E,2022-02,14911495,A,F,,,P1M,,E,,,,,,,,,2,,,"Monetary aggregate M2, Stocks","Euro area (changing composition), Outstanding amounts at the end of the period (stocks), MFIs, central government and post office giro institutions reporting sector - Monetary aggregate M2, All currencies combined - Euro area (changing composition) counterpart, Non-MFIs excluding central government sector, denominated in Euro, data Working day and seasonally adjusted",EUR,6
BSI.M.U2.Y.V.M20.X.1.U2.2300.Z01.E,M,U2,Y,V,M20,X,1,U2,2300,Z01,E,2022-03,14972711,A,F,,,P1M,,E,,,,,,,,,2,,,"Monetary aggregate M2, Stocks","Euro area (changing composition), Outstanding amounts at the end of the period (stocks), MFIs, central government and post office giro institutions reporting sector - Monetary aggregate M2, All currencies combined - Euro area (changing composition) counterpart, Non-MFIs excluding central government sector, denominated in Euro, data Working day and seasonally adjusted",EUR,6
BSI.M.U2.Y.V.M20.X.1.U2.2300.Z01.E,M,U2,Y,V,M20,X,1,U2,2300,Z01,E,2022-04,15026571,A,F,,,P1M,,E,,,,,,,,,2,,,"Monetary aggregate M2, Stocks","Euro area (changing composition), Outstanding amounts at the end of the period (stocks), MFIs, central government and post office giro institutions reporting sector - Monetary aggregate M2, All currencies combined - Euro area (changing composition) counterpart, Non-MFIs excluding central government sector, denominated in Euro, data Working day and seasonally adjusted",EUR,6
BSI.M.U2.Y.V.M20.X.1.U2.2300.Z01.E,M,U2,Y,V,M20,X,1,U2,2300,Z01,E,2022-05,15073392,A,F,,,P1M,,E,,,,,,,,,2,,,"Monetary aggregate M2, Stocks","Euro area (changing composition), Outstanding amounts at the end of the period (stocks), MFIs, central government and post office giro institutions reporting sector - Monetary aggregate M2, All currencies combined - Euro area (changing composition) counterpart, Non-MFIs excluding central government sector, denominated in Euro, data Working day and seasonally adjusted",EUR,6
BSI.M.U2.Y.V.M20.X.1.U2.2300.Z01.E,M,U2,Y,V,M20,X,1,U2,2300,Z01,E,2022-06,15144213,A,F,,,P1M,,E,,,,,,,,,2,,,"Monetary aggregate M2, Stocks","Euro area (changing composition), Outstanding amounts at the end of the period (stocks), MFIs, central government and post office giro institutions reporting sector - Monetary aggregate M2, All currencies combined - Euro area (changing composition) counterpart, Non-MFIs excluding central government sector, denominated in Euro, data Working day and seasonally adjusted",EUR,6
BSI.M.U2.Y.V.M20.X.1.U2.2300.Z01.E,M,U2,Y,V,M20,X,1,U2,2300,Z01,E,2022-07,15243279,A,F,,,P1M,,E,,,,,,,,,2,,,"Monetary aggregate M2, Stocks","Euro area (changing composition), Outstanding amounts at the end of the period (stocks), MFIs, central government and post office giro institutions reporting sector - Monetary aggregate M2, All currencies combined - Euro area (changing composition) counterpart, Non-MFIs excluding central government sector, denominated in Euro, data Working day and seasonally adjusted",EUR,6
BSI.M.U2.Y.V.M20.X.1.U2.2300.Z01.E,M,U2,Y,V,M20,X,1,U2,2300,Z01,E,2022-08,15382038,A,F,,,P1M,,E,,,,,,,,,2,,,"Monetary aggregate M2, Stocks","Euro area (changing composition), Outstanding amounts at the end of the period (stocks), MFIs, central government and post office giro institutions reporting sector - Monetary aggregate M2, All currencies combined - Euro area (changing composition) counterpart, Non-MFIs excluding central government sector, denominated in Euro, data Working day and seasonally adjusted",EUR,6
BSI.M.U2.Y.V.M20.X.1.U2.2300.Z01.E,M,U2,Y,V,M20,X,1,U2,2300,Z01,E,2022-09,15425262,A,F,,,P1M,,E,,,,,,,,,2,,,"Monetary aggregate M2, Stocks","Euro area (changing composition), Outstanding amounts at the end of the period (stocks), MFIs, central government and post office giro institutions reporting sector - Monetary aggregate M2, All currencies combined - Euro area (changing composition) counterpart, Non-MFIs excluding central government sector, denominated in Euro, data Working day and seasonally adjusted",EUR,6
BSI.M.U2.Y.V.M20.X.1.U2.2300.Z01.E,M,U2,Y,V,M20,X,1,U2,2300,Z01,E,2022-10,15372392,A,F,,,P1M,,E,,,,,,,,,2,,,"Monetary aggregate M2, Stocks","Euro area (changing composition), Outstanding amounts at the end of the period (stocks), MFIs, central government and post office giro institutions reporting sector - Monetary aggregate M2, All currencies combined - Euro area (changing composition) counterpart, Non-MFIs excluding central government sector, denominated in Euro, data Working day and seasonally adjusted",EUR,6
BSI.M.U2.Y.V.M20.X.1.U2.2300.Z01.E,M,U2,Y,V,M20,X,1,U2,2300,Z01,E,2022-11,15313425,A,F,,,P1M,,E,,,,,,,,,2,,,"Monetary aggregate M2, Stocks","Euro area (changing composition), Outstanding amounts at the end of the period (stocks), MFIs, central government and post office giro institutions reporting sector - Monetary aggregate M2, All currencies combined - Euro area (changing composition) counterpart, Non-MFIs excluding central government sector, denominated in Euro, data Working day and seasonally adjusted",EUR,6
BSI.M.U2.Y.V.M20.X.1.U2.2300.Z01.E,M,U2,Y,V,M20,X,1,U2,2300,Z01,E,2022-12,15229110,A,F,,,P1M,,E,,,,,,,,,2,,,"Monetary aggregate M2, Stocks","Euro area (changing composition), Outstanding amounts at the end of the period (stocks), MFIs, central government and post office giro institutions reporting sector - Monetary aggregate M2, All currencies combined - Euro area (changing composition) counterpart, Non-MFIs excluding central government sector, denominated in Euro, data Working day and seasonally adjusted",EUR,6
BSI.M.U2.Y.V.M20.X.1.U2.2300.Z01.E,M,U2,Y,V,M20,X,1,U2,2300,Z01,E,2023-01,15265375,A,F,,,P1M,,E,,,,,,,,,2,,,"Monetary aggregate M2, Stocks","Euro area (changing composition), Outstanding amounts at the end of the period (stocks), MFIs, central government and post office giro institutions reporting sector - Monetary aggregate M2, All currencies combined - Euro area (changing composition) counterpart, Non-MFIs excluding central government sector, denominated in Euro, data Working day and seasonally adjusted",EUR,6
BSI.M.U2.Y.V.M20.X.1.U2.2300.Z01.E,M,U2,Y,V,M20,X,1,U2,2300,Z01,E,2023-02,15221069,A,F,,,P1M,,E,,,,,,,,,2,,,"Monetary aggregate M2, Stocks","Euro area (changing composition), Outstanding amounts at the end of the period (stocks), MFIs, central government and post office giro institutions reporting sector - Monetary aggregate M2, All currencies combined - Euro area (changing composition) counterpart, Non-MFIs excluding central government sector, denominated in Euro, data Working day and seasonally adjusted",EUR,6
BSI.M.U2.Y.V.M20.X.1.U2.2300.Z01.E,M,U2,Y,V,M20,X,1,U2,2300,Z01,E,2023-03,15170877,A,F,,,P1M,,E,,,,,,,,,2,,,"Monetary aggregate M2, Stocks","Euro area (changing composition), Outstanding amounts at the end of the period (stocks), MFIs, central government and post office giro institutions reporting sector - Monetary aggregate M2, All currencies combined - Euro area (changing composition) counterpart, Non-MFIs excluding central government sector, denominated in Euro, data Working day and seasonally adjusted",EUR,6
BSI.M.U2.Y.V.M20.X.1.U2.2300.Z01.E,M,U2,Y,V,M20,X,1,U2,2300,Z01,E,2023-04,15122833,A,F,,,P1M,,E,,,,,,,,,2,,,"Monetary aggregate M2, Stocks","Euro area (changing composition), Outstanding amounts at the end of the period (stocks), MFIs, central government and post office giro institutions reporting sector - Monetary aggregate M2, All currencies combined - Euro area (changing composition) counterpart, Non-MFIs excluding central government sector, denominated in Euro, data Working day and seasonally adjusted",EUR,6
BSI.M.U2.Y.V.M20.X.1.U2.2300.Z01.E,M,U2,Y,V,M20,X,1,U2,2300,Z01,E,2023-05,15105756,A,F,,,P1M,,E,,,,,,,,,2,,,"Monetary aggregate M2, Stocks","Euro area (changing composition), Outstanding amounts at the end of the period (stocks), MFIs, central government and post office giro institutions reporting sector - Monetary aggregate M2, All currencies combined - Euro area (changing composition) counterpart, Non-MFIs excluding central government sector, denominated in Euro, data Working day and seasonally adjusted",EUR,6
BSI.M.U2.Y.V.M20.X.1.U2.2300.Z01.E,M,U2,Y,V,M20,X,1,U2,2300,Z01,E,2023-06,15087868,A,F,,,P1M,,E,,,,,,,,,2,,,"Monetary aggregate M2, Stocks","Euro area (changing composition), Outstanding amounts at the end of the period (stocks), MFIs, central government and post office giro institutions reporting sector - Monetary aggregate M2, All currencies combined - Euro area (changing composition) counterpart, Non-MFIs excluding central government sector, denominated in Euro, data Working day and seasonally adjusted",EUR,6
BSI.M.U2.Y.V.M20.X.1.U2.2300.Z01.E,M,U2,Y,V,M20,X,1,U2,2300,Z01,E,2023-07,15067816,A,F,,,P1M,,E,,,,,,,,,2,,,"Monetary aggregate M2, Stocks","Euro area (changing composition), Outstanding amounts at the end of the period (stocks), MFIs, central government and post office giro institutions reporting sector - Monetary aggregate M2, All currencies combined - Euro area (changing composition) counterpart, Non-MFIs excluding central government sector, denominated in Euro, data Working day and seasonally adjusted",EUR,6
BSI.M.U2.Y.V.M20.X.1.U2.2300.Z01.E,M,U2,Y,V,M20,X,1,U2,2300,Z01,E,2023-08,15045220,A,F,,,P1M,,E,,,,,,,,,2,,,"Monetary aggregate M2, Stocks","Euro area (changing composition), Outstanding amounts at the end of the period (stocks), MFIs, central government and post office giro institutions reporting sector - Monetary aggregate M2, All currencies combined - Euro area (changing composition) counterpart, Non-MFIs excluding central government sector, denominated in Euro, data Working day and seasonally adjusted",EUR,6
BSI.M.U2.Y.V.M20.X.1.U2.2300.Z01.E,M,U2,Y,V,M20,X,1,U2,2300,Z01,E,2023-09,15067828,A,F,,,P1M,,E,,,,,,,,,2,,,"Monetary aggregate M2, Stocks","Euro area (changing composition), Outstanding amounts at the end of the period (stocks), MFIs, central government and post office giro institutions reporting sector - Monetary aggregate M2, All currencies combined - Euro area (changing composition) counterpart, Non-MFIs excluding central government sector, denominated in Euro, data Working day and seasonally adjusted",EUR,6
BSI.M.U2.Y.V.M20.X.1.U2.2300.Z01.E,M,U2,Y,V,M20,X,1,U2,2300,Z01,E,2023-10,15037533,A,F,,,P1M,,E,,,,,,,,,2,,,"Monetary aggregate M2, Stocks","Euro area (changing composition), Outstanding amounts at the end of the period (stocks), MFIs, central government and post office giro institutions reporting sector - Monetary aggregate M2, All currencies combined - Euro area (changing composition) counterpart, Non-MFIs excluding central government sector, denominated in Euro, data Working day and seasonally adjusted",EUR,6
BSI.M.U2.Y.V.M20.X.1.U2.2300.Z01.E,M,U2,Y,V,M20,X,1,U2,2300,Z01,E,2023-11,15039438,A,F,,,P1M,,E,,,,,,,,,2,,,"Monetary aggregate M2, Stocks","Euro area (changing composition), Outstanding amounts at the end of the period (stocks), MFIs, central government and post office giro institutions reporting sector - Monetary aggregate M2, All currencies combined - Euro area (changing composition) counterpart, Non-MFIs excluding central government sector, denominated in Euro, data Working day and seasonally adjusted",EUR,6
BSI.M.U2.Y.V.M20.X.1.U2.2300.Z01.E,M,U2,Y,V,M20,X,1,U2,2300,Z01,E,2023-12,15103105,A,F,,,P1M,,E,,,,,,,,,2,,,"Monetary aggregate M2, Stocks","Euro area (changing composition), Outstanding amounts at the end of the period (stocks), MFIs, central government and post office giro institutions reporting sector - Monetary aggregate M2, All currencies combined - Euro area (changing composition) counterpart, Non-MFIs excluding central government sector, denominated in Euro, data Working day and seasonally adjusted",EUR,6
BSI.M.U2.Y.V.M20.X.1.U2.2300.Z01.E,M,U2,Y,V,M20,X,1,U2,2300,Z01,E,2024-01,15079850,A,F,,,P1M,,E,,,,,,,,,2,,,"Monetary aggregate M2, Stocks","Euro area (changing composition), Outstanding amounts at the end of the period (stocks), MFIs, central government and post office giro institutions reporting sector - Monetary aggregate M2, All currencies combined - Euro area (changing composition) counterpart, Non-MFIs excluding central government sector, denominated in Euro, data Working day and seasonally adjusted",EUR,6
BSI.M.U2.Y.V.M20.X.1.U2.2300.Z01.E,M,U2,Y,V,M20,X,1,U2,2300,Z01,E,2024-02,15105037,A,F,,,P1M,,E,,,,,,,,,2,,,"Monetary aggregate M2, Stocks","Euro area (changing composition), Outstanding amounts at the end of the period (stocks), MFIs, central government and post office giro institutions reporting sector - Monetary aggregate M2, All currencies combined - Euro area (changing composition) counterpart, Non-MFIs excluding central government sector, denominated in Euro, data Working day and seasonally adjusted",EUR,6
BSI.M.U2.Y.V.M20.X.1.U2.2300.Z01.E,M,U2,Y,V,M20,X,1,U2,2300,Z01,E,2024-03,15112182,A,F,,,P1M,,E,,,,,,,,,2,,,"Monetary aggregate M2, Stocks","Euro area (changing composition), Outstanding amounts at the end of the period (stocks), MFIs, central government and post office giro institutions reporting sector - Monetary aggregate M2, All currencies combined - Euro area (changing composition) counterpart, Non-MFIs excluding central government sector, denominated in Euro, data Working day and seasonally adjusted",EUR,6
BSI.M.U2.Y.V.M20.X.1.U2.2300.Z01.E,M,U2,Y,V,M20,X,1,U2,2300,Z01,E,2024-04,15143738,A,F,,,P1M,,E,,,,,,,,,2,,,"Monetary aggregate M2, Stocks","Euro area (changing composition), Outstanding amounts at the end of the period (stocks), MFIs, central government and post office giro institutions reporting sector - Monetary aggregate M2, All currencies combined - Euro area (changing composition) counterpart, Non-MFIs excluding central government sector, denominated in Euro, data Working day and seasonally adjusted",EUR,6
BSI.M.U2.Y.V.M20.X.1.U2.2300.Z01.E,M,U2,Y,V,M20,X,1,U2,2300,Z01,E,2024-05,15178913,A,F,,,P1M,,E,,,,,,,,,2,,,"Monetary aggregate M2, Stocks","Euro area (changing composition), Outstanding amounts at the end of the period (stocks), MFIs, central government and post office giro institutions reporting sector - Monetary aggregate M2, All currencies combined - Euro area (changing composition) counterpart, Non-MFIs excluding central government sector, denominated in Euro, data Working day and seasonally adjusted",EUR,6
BSI.M.U2.Y.V.M20.X.1.U2.2300.Z01.E,M,U2,Y,V,M20,X,1,U2,2300,Z01,E,2024-06,15286910,A,F,,,P1M,,E,,,,,,,,,2,,,"Monetary aggregate M2, Stocks","Euro area (changing composition), Outstanding amounts at the end of the period (stocks), MFIs, central government and post office giro institutions reporting sector - Monetary aggregate M2, All currencies combined - Euro area (changing composition) counterpart, Non-MFIs excluding central government sector, denominated in Euro, data Working day and seasonally adjusted",EUR,6
BSI.M.U2.Y.V.M20.X.1.U2.2300.Z01.E,M,U2,Y,V,M20,X,1,U2,2300,Z01,E,2024-07,15262244,A,F,,,P1M,,E,,,,,,,,,2,,,"Monetary aggregate M2, Stocks","Euro area (changing composition), Outstanding amounts at the end of the period (stocks), MFIs, central government and post office giro institutions reporting sector - Monetary aggregate M2, All currencies combined - Euro area (changing composition) counterpart, Non-MFIs excluding central government sector, denominated in Euro, data Working day and seasonally adjusted",EUR,6
BSI.M.U2.Y.V.M20.X.1.U2.2300.Z01.E,M,U2,Y,V,M20,X,1,U2,2300,Z01,E,2024-08,15333734,A,F,,,P1M,,E,,,,,,,,,2,,,"Monetary aggregate M2, Stocks","Euro area (changing composition), Outstanding amounts at the end of the period (stocks), MFIs, central government and post office giro institutions reporting sector - Monetary aggregate M2, All currencies combined - Euro area (changing composition) counterpart, Non-MFIs excluding central government sector, denominated in Euro, data Working day and seasonally adjusted",EUR,6
BSI.M.U2.Y.V.M20.X.1.U2.2300.Z01.E,M,U2,Y,V,M20,X,1,U2,2300,Z01,E,2024-09,15407061,A,F,,,P1M,,E,,,,,,,,,2,,,"Monetary aggregate M2, Stocks","Euro area (changing composition), Outstanding amounts at the end of the period (stocks), MFIs, central government and post office giro institutions reporting sector - Monetary aggregate M2, All currencies combined - Euro area (changing composition) counterpart, Non-MFIs excluding central government sector, denominated in Euro, data Working day and seasonally adjusted",EUR,6
BSI.M.U2.Y.V.M20.X.1.U2.2300.Z01.E,M,U2,Y,V,M20,X,1,U2,2300,Z01,E,2024-10,15429857,A,F,,,P1M,,E,,,,,,,,,2,,,"Monetary aggregate M2, Stocks","Euro area (changing composition), Outstanding amounts at the end of the period (stocks), MFIs, central government and post office giro institutions reporting sector - Monetary aggregate M2, All currencies combined - Euro area (changing composition) counterpart, Non-MFIs excluding central government sector, denominated in Euro, data Working day and seasonally adjusted",EUR,6
BSI.M.U2.Y.V.M20.X.1.U2.2300.Z01.E,M,U2,Y,V,M20,X,1,U2,2300,Z01,E,2024-11,15533065,A,F,,,P1M,,E,,,,,,,,,2,,,"Monetary aggregate M2, Stocks","Euro area (changing composition), Outstanding amounts at the end of the period (stocks), MFIs, central government and post office giro institutions reporting sector - Monetary aggregate M2, All currencies combined - Euro area (changing composition) counterpart, Non-MFIs excluding central government sector, denominated in Euro, data Working day and seasonally adjusted",EUR,6
BSI.M.U2.Y.V.M20.X.1.U2.2300.Z01.E,M,U2,Y,V,M20,X,1,U2,2300,Z01,E,2024-12,15591606,A,F,,,P1M,,E,,,,,,,,,2,,,"Monetary aggregate M2, Stocks","Euro area (changing composition), Outstanding amounts at the end of the period (stocks), MFIs, central government and post office giro institutions reporting sector - Monetary aggregate M2, All currencies combined - Euro area (changing composition) counterpart, Non-MFIs excluding central government sector, denominated in Euro, data Working day and seasonally adjusted",EUR,6
BSI.M.U2.Y.V.M20.X.1.U2.2300.Z01.E,M,U2,Y,V,M20,X,1,U2,2300,Z01,E,2025-01,15577354,A,F,,,P1M,,E,,,,,,,,,2,,,"Monetary aggregate M2, Stocks","Euro area (changing composition), Outstanding amounts at the end of the period (stocks), MFIs, central government and post office giro institutions reporting sector - Monetary aggregate M2, All currencies combined - Euro area (changing composition) counterpart, Non-MFIs excluding central government sector, denominated in Euro, data Working day and seasonally adjusted",EUR,6
BSI.M.U2.Y.V.M20.X.1.U2.2300.Z01.E,M,U2,Y,V,M20,X,1,U2,2300,Z01,E,2025-02,15621953,A,F,,,P1M,,E,,,,,,,,,2,,,"Monetary aggregate M2, Stocks","Euro area (changing composition), Outstanding amounts at the end of the period (stocks), MFIs, central government and post office giro institutions reporting sector - Monetary aggregate M2, All currencies combined - Euro area (changing composition) counterpart, Non-MFIs excluding central government sector, denominated in Euro, data Working day and seasonally adjusted",EUR,6
BSI.M.U2.Y.V.M20.X.1.U2.2300.Z01.E,M,U2,Y,V,M20,X,1,U2,2300,Z01,E,2025-03,15648761,A,F,,,P1M,,E,,,,,,,,,2,,,"Monetary aggregate M2, Stocks","Euro area (changing composition), Outstanding amounts at the end of the period (stocks), MFIs, central government and post office giro institutions reporting sector - Monetary aggregate M2, All currencies combined - Euro area (changing composition) counterpart, Non-MFIs excluding central government sector, denominated in Euro, data Working day and seasonally adjusted",EUR,6
BSI.M.U2.Y.V.M20.X.1.U2.2300.Z01.E,M,U2,Y,V,M20,X,1,U2,2300,Z01,E,2025-04,15689953,A,F,,,P1M,,E,,,,,,,,,2,,,"Monetary aggregate M2, Stocks","Euro area (changing composition), Outstanding amounts at the end of the period (stocks), MFIs, central government and post office giro institutions reporting sector - Monetary aggregate M2, All currencies combined - Euro area (changing composition) counterpart, Non-MFIs excluding central government sector, denominated in Euro, data Working day and seasonally adjusted",EUR,6
BSI.M.U2.Y.V.M20.X.1.U2.2300.Z01.E,M,U2,Y,V,M20,X,1,U2,2300,Z01,E,2025-05,15724159,A,F,,,P1M,,E,,,,,,,,,2,,,"Monetary aggregate M2, Stocks","Euro area (changing composition), Outstanding amounts at the end of the period (stocks), MFIs, central government and post office giro institutions reporting sector - Monetary aggregate M2, All currencies combined - Euro area (changing composition) counterpart, Non-MFIs excluding central government sector, denominated in Euro, data Working day and seasonally adjusted",EUR,6
BSI.M.U2.Y.V.M20.X.1.U2.2300.Z01.E,M,U2,Y,V,M20,X,1,U2,2300,Z01,E,2025-06,15725981,A,F,,,P1M,,E,,,,,,,,,2,,,"Monetary aggregate M2, Stocks","Euro area (changing composition), Outstanding amounts at the end of the period (stocks), MFIs, central government and post office giro institutions reporting sector - Monetary aggregate M2, All currencies combined - Euro area (changing composition) counterpart, Non-MFIs excluding central government sector, denominated in Euro, data Working day and seasonally adjusted",EUR,6
BSI.M.U2.Y.V.M20.X.1.U2.2300.Z01.E,M,U2,Y,V,M20,X,1,U2,2300,Z01,E,2025-07,15743385,A,F,,,P1M,,E,,,,,,,,,2,,,"Monetary aggregate M2, Stocks","Euro area (changing composition), Outstanding amounts at the end of the period (stocks), MFIs, central government and post office giro institutions reporting sector - Monetary aggregate M2, All currencies combined - Euro area (changing composition) counterpart, Non-MFIs excluding central government sector, denominated in Euro, data Working day and seasonally adjusted",EUR,6
BSI.M.U2.Y.V.M20.X.1.U2.2300.Z01.E,M,U2,Y,V,M20,X,1,U2,2300,Z01,E,2025-08,15762736,A,F,,,P1M,,E,,,,,,,,,2,,,"Monetary aggregate M2, Stocks","Euro area (changing composition), Outstanding amounts at the end of the period (stocks), MFIs, central government and post office giro institutions reporting sector - Monetary aggregate M2, All currencies combined - Euro area (changing composition) counterpart, Non-MFIs excluding central government sector, denominated in Euro, data Working day and seasonally adjusted",EUR,6
BSI.M.U2.Y.V.M20.X.1.U2.2300.Z01.E,M,U2,Y,V,M20,X,1,U2,2300,Z01,E,2025-09,15795550,A,F,,,P1M,,E,,,,,,,,,2,,,"Monetary aggregate M2, Stocks","Euro area (changing composition), Outstanding amounts at the end of the period (stocks), MFIs, central government and post office giro institutions reporting sector - Monetary aggregate M2, All currencies combined - Euro area (changing composition) counterpart, Non-MFIs excluding central government sector, denominated in Euro, data Working day and seasonally adjusted",EUR,6
BSI.M.U2.Y.V.M20.X.1.U2.2300.Z01.E,M,U2,Y,V,M20,X,1,U2,2300,Z01,E,2025-10,15910569,A,F,,,P1M,,E,,,,,,,,,2,,,"Monetary aggregate M2, Stocks","Euro area (changing composition), Outstanding amounts at the end of the period (stocks), MFIs, central government and post office giro institutions reporting sector - Monetary aggregate M2, All currencies combined - Euro area (changing composition) counterpart, Non-MFIs excluding central government sector, denominated in Euro, data Working day and seasonally adjusted",EUR,6
BSI.M.U2.Y.V.M20.X.1.U2.2300.Z01.E,M,U2,Y,V,M20,X,1,U2,2300,Z01,E,2025-11,15994672,A,F,,,P1M,,E,,,,,,,,,2,,,"Monetary aggregate M2, Stocks","Euro area (changing composition), Outstanding amounts at the end of the period (stocks), MFIs, central government and post office giro institutions reporting sector - Monetary aggregate M2, All currencies combined - Euro area (changing composition) counterpart, Non-MFIs excluding central government sector, denominated in Euro, data Working day and seasonally adjusted",EUR,6
BSI.M.U2.Y.V.M20.X.1.U2.2300.Z01.E,M,U2,Y,V,M20,X,1,U2,2300,Z01,E,2025-12,16075207,A,F,,,P1M,,E,,,,,,,,,2,,,"Monetary aggregate M2, Stocks","Euro area (changing composition), Outstanding amounts at the end of the period (stocks), MFIs, central government and post office giro institutions reporting sector - Monetary aggregate M2, All currencies combined - Euro area (changing composition) counterpart, Non-MFIs excluding central government sector, denominated in Euro, data Working day and seasonally adjusted",EUR,6
BSI.M.U2.Y.V.M20.X.1.U2.2300.Z01.E,M,U2,Y,V,M20,X,1,U2,2300,Z01,E,2026-01,16176904,A,F,,,P1M,,E,,,,,,,,,2,,,"Monetary aggregate M2, Stocks","Euro area (changing composition), Outstanding amounts at the end of the period (stocks), MFIs, central government and post office giro institutions reporting sector - Monetary aggregate M2, All currencies combined - Euro area (changing composition) counterpart, Non-MFIs excluding central government sector, denominated in Euro, data Working day and seasonally adjusted",EUR,6
BSI.M.U2.Y.V.M20.X.1.U2.2300.Z01.E,M,U2,Y,V,M20,X,1,U2,2300,Z01,E,2026-02,16223483,A,F,,,P1M,,E,,,,,,,,,2,,,"Monetary aggregate M2, Stocks","Euro area (changing composition), Outstanding amounts at the end of the period (stocks), MFIs, central government and post office giro institutions reporting sector - Monetary aggregate M2, All currencies combined - Euro area (changing composition) counterpart, Non-MFIs excluding central government sector, denominated in Euro, data Working day and seasonally adjusted",EUR,6
BSI.M.U2.Y.V.M20.X.1.U2.2300.Z01.E,M,U2,Y,V,M20,X,1,U2,2300,Z01,E,2026-03,16274779,A,F,,,P1M,,E,,,,,,,,,2,,,"Monetary aggregate M2, Stocks","Euro area (changing composition), Outstanding amounts at the end of the period (stocks), MFIs, central government and post office giro institutions reporting sector - Monetary aggregate M2, All currencies combined - Euro area (changing composition) counterpart, Non-MFIs excluding central government sector, denominated in Euro, data Working day and seasonally adjusted",EUR,6
BSI.M.U2.Y.V.M20.X.1.U2.2300.Z01.E,M,U2,Y,V,M20,X,1,U2,2300,Z01,E,2026-04,16303998,A,F,,,P1M,,E,,,,,,,,,2,,,"Monetary aggregate M2, Stocks","Euro area (changing composition), Outstanding amounts at the end of the period (stocks), MFIs, central government and post office giro institutions reporting sector - Monetary aggregate M2, All currencies combined - Euro area (changing composition) counterpart, Non-MFIs excluding central government sector, denominated in Euro, data Working day and seasonally adjusted",EUR,6
BSI.M.U2.Y.V.M20.X.1.U2.2300.Z01.E,M,U2,Y,V,M20,X,1,U2,2300,Z01,E,2026-05,16349833,A,F,,,P1M,,E,,,,,,,,,2,,,"Monetary aggregate M2, Stocks","Euro area (changing composition), Outstanding amounts at the end of the period (stocks), MFIs, central government and post office giro institutions reporting sector - Monetary aggregate M2, All currencies combined - Euro area (changing composition) counterpart, Non-MFIs excluding central government sector, denominated in Euro, data Working day and seasonally adjusted",EUR,6
BSI.M.U2.Y.V.M20.X.1.U2.2300.Z01.E,M,U2,Y,V,M20,X,1,U2,2300,Z01,E,2026-06,16416939,A,F,,,P1M,,E,,,,,,,,,2,,,"Monetary aggregate M2, Stocks","Euro area (changing composition), Outstanding amounts at the end of the period (stocks), MFIs, central government and post office giro institutions reporting sector - Monetary aggregate M2, All currencies combined - Euro area (changing composition) counterpart, Non-MFIs excluding central government sector, denominated in Euro, data Working day and seasonally adjusted",EUR,6
BSI.M.U2.Y.V.M20.X.1.U2.2300.Z01.E,M,U2,Y,V,M20,X,1,U2,2300,Z01,E,2026-07,16434747,A,F,,,P1M,,E,,,,,,,,,2,,,"Monetary aggregate M2, Stocks","Euro area (changing composition), Outstanding amounts at the end of the period (stocks), MFIs, central government and post office giro institutions reporting sector - Monetary aggregate M2, All currencies combined - Euro area (changing composition) counterpart, Non-MFIs excluding central government sector, denominated in Euro, data Working day and seasonally adjusted",EUR,6
BSI.M.U2.Y.V.M20.X.1.U2.2300.Z01.E,M,U2,Y,V,M20,X,1,U2,2300,Z01,E,2026-08,16447405,P,F,,,P1M,,E,,,,,,,,,2,,,"Monetary aggregate M2, Stocks","Euro area (changing composition), Outstanding amounts at the end of the period (stocks), MFIs, central government and post office giro institutions reporting sector - Monetary aggregate M2, All currencies combined - Euro area (changing composition) counterpart, Non-MFIs excluding central government sector, denominated in Euro, data Working day and seasonally adjusted",EUR,6
BSI.M.U2.Y.V.M30.X.1.U2.2300.Z01.E,M,U2,Y,V,M30,X,1,U2,2300,Z01,E,1999-01,4447197,A,F,,,P1M,,E,,,,,,,,,2,,,"Monetary aggregate M3, Stocks","Euro area (changing composition), Outstanding amounts at the end of the period (stocks), MFIs, central government and post office giro institutions reporting sector - Monetary aggregate M3, All currencies combined - Euro area (changing composition) counterpart, Non-MFIs excluding central government sector, denominated in Euro, data Working day and seasonally adjusted",EUR,6
BSI.M.U2.Y.V.M30.X.1.U2.2300.Z01.E,M,U2,Y,V,M30,X,1,U2,2300,Z01,E,1999-02,4436979,A,F,,,P1M,,E,,,,,,,,,2,,,"Monetary aggregate M3, Stocks","Euro area (changing composition), Outstanding amounts at the end of the period (stocks), MFIs, central government and post office giro institutions reporting sector - Monetary aggregate M3, All currencies combined - Euro area (changing composition) counterpart, Non-MFIs excluding central government sector, denominated in Euro, data Working day and seasonally adjusted",EUR,6
BSI.M.U2.Y.V.M30.X.1.U2.2300.Z01.E,M,U2,Y,V,M30,X,1,U2,2300,Z01,E,1999-03,4453500,A,F,,,P1M,,E,,,,,,,,,2,,,"Monetary aggregate M3, Stocks","Euro area (changing composition), Outstanding amounts at the end of the period (stocks), MFIs, central government and post office giro institutions reporting sector - Monetary aggregate M3, All currencies combined - Euro area (changing composition) counterpart, Non-MFIs excluding central government sector, denominated in Euro, data Working day and seasonally adjusted",EUR,6
BSI.M.U2.Y.V.M30.X.1.U2.2300.Z01.E,M,U2,Y,V,M30,X,1,U2,2300,Z01,E,1999-04,4488386,A,F,,,P1M,,E,,,,,,,,,2,,,"Monetary aggregate M3, Stocks","Euro area (changing composition), Outstanding amounts at the end of the period (stocks), MFIs, central government and post office giro institutions reporting sector - Monetary aggregate M3, All currencies combined - Euro area (changing composition) counterpart, Non-MFIs excluding central government sector, denominated in Euro, data Working day and seasonally adjusted",EUR,6
BSI.M.U2.Y.V.M30.X.1.U2.2300.Z01.E,M,U2,Y,V,M30,X,1,U2,2300,Z01,E,1999-05,4505279,A,F,,,P1M,,E,,,,,,,,,2,,,"Monetary aggregate M3, Stocks","Euro area (changing composition), Outstanding amounts at the end of the period (stocks), MFIs, central government and post office giro institutions reporting sector - Monetary aggregate M3, All currencies combined - Euro area (changing composition) counterpart, Non-MFIs excluding central government sector, denominated in Euro, data Working day and seasonally adjusted",EUR,6
BSI.M.U2.Y.V.M30.X.1.U2.2300.Z01.E,M,U2,Y,V,M30,X,1,U2,2300,Z01,E,1999-06,4537054,A,F,,,P1M,,E,,,,,,,,,2,,,"Monetary aggregate M3, Stocks","Euro area (changing composition), Outstanding amounts at the end of the period (stocks), MFIs, central government and post office giro institutions reporting sector - Monetary aggregate M3, All currencies combined - Euro area (changing composition) counterpart, Non-MFIs excluding central government sector, denominated in Euro, data Working day and seasonally adjusted",EUR,6
BSI.M.U2.Y.V.M30.X.1.U2.2300.Z01.E,M,U2,Y,V,M30,X,1,U2,2300,Z01,E,1999-07,4565970,A,F,,,P1M,,E,,,,,,,,,2,,,"Monetary aggregate M3, Stocks","Euro area (changing composition), Outstanding amounts at the end of the period (stocks), MFIs, central government and post office giro institutions reporting sector - Monetary aggregate M3, All currencies combined - Euro area (changing composition) counterpart, Non-MFIs excluding central government sector, denominated in Euro, data Working day and seasonally adjusted",EUR,6
BSI.M.U2.Y.V.M30.X.1.U2.2300.Z01.E,M,U2,Y,V,M30,X,1,U2,2300,Z01,E,1999-08,4572050,A,F,,,P1M,,E,,,,,,,,,2,,,"Monetary aggregate M3, Stocks","Euro area (changing composition), Outstanding amounts at the end of the period (stocks), MFIs, central government and post office giro institutions reporting sector - Monetary aggregate M3, All currencies combined - Euro area (changing composition) counterpart, Non-MFIs excluding central government sector, denominated in Euro, data Working day and seasonally adjusted",EUR,6
BSI.M.U2.Y.V.M30.X.1.U2.2300.Z01.E,M,U2,Y,V,M30,X,1,U2,2300,Z01,E,1999-09,4594744,A,F,,,P1M,,E,,,,,,,,,2,,,"Monetary aggregate M3, Stocks","Euro area (changing composition), Outstanding amounts at the end of the period (stocks), MFIs, central government and post office giro institutions reporting sector - Monetary aggregate M3, All currencies combined - Euro area (changing composition) counterpart, Non-MFIs excluding central government sector, denominated in Euro, data Working day and seasonally adjusted",EUR,6
BSI.M.U2.Y.V.M30.X.1.U2.2300.Z01.E,M,U2,Y,V,M30,X,1,U2,2300,Z01,E,1999-10,4616547,A,F,,,P1M,,E,,,,,,,,,2,,,"Monetary aggregate M3, Stocks","Euro area (changing composition), Outstanding amounts at the end of the period (stocks), MFIs, central government and post office giro institutions reporting sector - Monetary aggregate M3, All currencies combined - Euro area (changing composition) counterpart, Non-MFIs excluding central government sector, denominated in Euro, data Working day and seasonally adjusted",EUR,6
BSI.M.U2.Y.V.M30.X.1.U2.2300.Z01.E,M,U2,Y,V,M30,X,1,U2,2300,Z01,E,1999-11,4646110,A,F,,,P1M,,E,,,,,,,,,2,,,"Monetary aggregate M3, Stocks","Euro area (changing composition), Outstanding amounts at the end of the period (stocks), MFIs, central government and post office giro institutions reporting sector - Monetary aggregate M3, All currencies combined - Euro area (changing composition) counterpart, Non-MFIs excluding central government sector, denominated in Euro, data Working day and seasonally adjusted",EUR,6
BSI.M.U2.Y.V.M30.X.1.U2.2300.Z01.E,M,U2,Y,V,M30,X,1,U2,2300,Z01,E,1999-12,4667221,A,F,,,P1M,,E,,,,,,,,,2,,,"Monetary aggregate M3, Stocks","Euro area (changing composition), Outstanding amounts at the end of the period (stocks), MFIs, central government and post office giro institutions reporting sector - Monetary aggregate M3, All currencies combined - Euro area (changing composition) counterpart, Non-MFIs excluding central government sector, denominated in Euro, data Working day and seasonally adjusted",EUR,6
BSI.M.U2.Y.V.M30.X.1.U2.2300.Z01.E,M,U2,Y,V,M30,X,1,U2,2300,Z01,E,2000-01,4713205,A,F,,,P1M,,E,,,,,,,,,2,,,"Monetary aggregate M3, Stocks","Euro area (changing composition), Outstanding amounts at the end of the period (stocks), MFIs, central government and post office giro institutions reporting sector - Monetary aggregate M3, All currencies combined - Euro area (changing composition) counterpart, Non-MFIs excluding central government sector, denominated in Euro, data Working day and seasonally adjusted",EUR,6
BSI.M.U2.Y.V.M30.X.1.U2.2300.Z01.E,M,U2,Y,V,M30,X,1,U2,2300,Z01,E,2000-02,4735956,A,F,,,P1M,,E,,,,,,,,,2,,,"Monetary aggregate M3, Stocks","Euro area (changing composition), Outstanding amounts at the end of the period (stocks), MFIs, central government and post office giro institutions reporting sector - Monetary aggregate M3, All currencies combined - Euro area (changing composition) counterpart, Non-MFIs excluding central government sector, denominated in Euro, data Working day and seasonally adjusted",EUR,6
BSI.M.U2.Y.V.M30.X.1.U2.2300.Z01.E,M,U2,Y,V,M30,X,1,U2,2300,Z01,E,2000-03,4766006,A,F,,,P1M,,E,,,,,,,,,2,,,"Monetary aggregate M3, Stocks","Euro area (changing composition), Outstanding amounts at the end of the period (stocks), MFIs, central government and post office giro institutions reporting sector - Monetary aggregate M3, All currencies combined - Euro area (changing composition) counterpart, Non-MFIs excluding central government sector, denominated in Euro, data Working day and seasonally adjusted",EUR,6
BSI.M.U2.Y.V.M30.X.1.U2.2300.Z01.E,M,U2,Y,V,M30,X,1,U2,2300,Z01,E,2000-04,4802801,A,F,,,P1M,,E,,,,,,,,,2,,,"Monetary aggregate M3, Stocks","Euro area (changing composition), Outstanding amounts at the end of the period (stocks), MFIs, central government and post office giro institutions reporting sector - Monetary aggregate M3, All currencies combined - Euro area (changing composition) counterpart, Non-MFIs excluding central government sector, denominated in Euro, data Working day and seasonally adjusted",EUR,6
BSI.M.U2.Y.V.M30.X.1.U2.2300.Z01.E,M,U2,Y,V,M30,X,1,U2,2300,Z01,E,2000-05,4795425,A,F,,,P1M,,E,,,,,,,,,2,,,"Monetary aggregate M3, Stocks","Euro area (changing composition), Outstanding amounts at the end of the period (stocks), MFIs, central government and post office giro institutions reporting sector - Monetary aggregate M3, All currencies combined - Euro area (changing composition) counterpart, Non-MFIs excluding central government sector, denominated in Euro, data Working day and seasonally adjusted",EUR,6
BSI.M.U2.Y.V.M30.X.1.U2.2300.Z01.E,M,U2,Y,V,M30,X,1,U2,2300,Z01,E,2000-06,4788838,A,F,,,P1M,,E,,,,,,,,,2,,,"Monetary aggregate M3, Stocks","Euro area (changing composition), Outstanding amounts at the end of the period (stocks), MFIs, central government and post office giro institutions reporting sector - Monetary aggregate M3, All currencies combined - Euro area (changing composition) counterpart, Non-MFIs excluding central government sector, denominated in Euro, data Working day and seasonally adjusted",EUR,6
BSI.M.U2.Y.V.M30.X.1.U2.2300.Z01.E,M,U2,Y,V,M30,X,1,U2,2300,Z01,E,2000-07,4803137,A,F,,,P1M,,E,,,,,,,,,2,,,"Monetary aggregate M3, Stocks","Euro area (changing composition), Outstanding amounts at the end of the period (stocks), MFIs, central government and post office giro institutions reporting sector - Monetary aggregate M3, All currencies combined - Euro area (changing composition) counterpart, Non-MFIs excluding central government sector, denominated in Euro, data Working day and seasonally adjusted",EUR,6
BSI.M.U2.Y.V.M30.X.1.U2.2300.Z01.E,M,U2,Y,V,M30,X,1,U2,2300,Z01,E,2000-08,4828781,A,F,,,P1M,,E,,,,,,,,,2,,,"Monetary aggregate M3, Stocks","Euro area (changing composition), Outstanding amounts at the end of the period (stocks), MFIs, central government and post office giro institutions reporting sector - Monetary aggregate M3, All currencies combined - Euro area (changing composition) counterpart, Non-MFIs excluding central government sector, denominated in Euro, data Working day and seasonally adjusted",EUR,6
BSI.M.U2.Y.V.M30.X.1.U2.2300.Z01.E,M,U2,Y,V,M30,X,1,U2,2300,Z01,E,2000-09,4830524,A,F,,,P1M,,E,,,,,,,,,2,,,"Monetary aggregate M3, Stocks","Euro area (changing composition), Outstanding amounts at the end of the period (stocks), MFIs, central government and post office giro institutions reporting sector - Monetary aggregate M3, All currencies combined - Euro area (changing composition) counterpart, Non-MFIs excluding central government sector, denominated in Euro, data Working day and seasonally adjusted",EUR,6
BSI.M.U2.Y.V.M30.X.1.U2.2300.Z01.E,M,U2,Y,V,M30,X,1,U2,2300,Z01,E,2000-10,4847849,A,F,,,P1M,,E,,,,,,,,,2,,,"Monetary aggregate M3, Stocks","Euro area (changing composition), Outstanding amounts at the end of the period (stocks), MFIs, central government and post office giro institutions reporting sector - Monetary aggregate M3, All currencies combined - Euro area (changing composition) counterpart, Non-MFIs excluding central government sector, denominated in Euro, data Working day and seasonally adjusted",EUR,6
BSI.M.U2.Y.V.M30.X.1.U2.2300.Z01.E,M,U2,Y,V,M30,X,1,U2,2300,Z01,E,2000-11,4851550,A,F,,,P1M,,E,,,,,,,,,2,,,"Monetary aggregate M3, Stocks","Euro area (changing composition), Outstanding amounts at the end of the period (stocks), MFIs, central government and post office giro institutions reporting sector - Monetary aggregate M3, All currencies combined - Euro area (changing composition) counterpart, Non-MFIs excluding central government sector, denominated in Euro, data Working day and seasonally adjusted",EUR,6
BSI.M.U2.Y.V.M30.X.1.U2.2300.Z01.E,M,U2,Y,V,M30,X,1,U2,2300,Z01,E,2000-12,4859203,A,F,,,P1M,,E,,,,,,,,,2,,,"Monetary aggregate M3, Stocks","Euro area (changing composition), Outstanding amounts at the end of the period (stocks), MFIs, central government and post office giro institutions reporting sector - Monetary aggregate M3, All currencies combined - Euro area (changing composition) counterpart, Non-MFIs excluding central government sector, denominated in Euro, data Working day and seasonally adjusted",EUR,6
BSI.M.U2.Y.V.M30.X.1.U2.2300.Z01.E,M,U2,Y,V,M30,X,1,U2,2300,Z01,E,2001-01,5024537,A,F,,,P1M,,E,,,,,,,,,2,,,"Monetary aggregate M3, Stocks","Euro area (changing composition), Outstanding amounts at the end of the period (stocks), MFIs, central government and post office giro institutions reporting sector - Monetary aggregate M3, All currencies combined - Euro area (changing composition) counterpart, Non-MFIs excluding central government sector, denominated in Euro, data Working day and seasonally adjusted",EUR,6
BSI.M.U2.Y.V.M30.X.1.U2.2300.Z01.E,M,U2,Y,V,M30,X,1,U2,2300,Z01,E,2001-02,5049678,A,F,,,P1M,,E,,,,,,,,,2,,,"Monetary aggregate M3, Stocks","Euro area (changing composition), Outstanding amounts at the end of the period (stocks), MFIs, central government and post office giro institutions reporting sector - Monetary aggregate M3, All currencies combined - Euro area (changing composition) counterpart, Non-MFIs excluding central government sector, denominated in Euro, data Working day and seasonally adjusted",EUR,6
BSI.M.U2.Y.V.M30.X.1.U2.2300.Z01.E,M,U2,Y,V,M30,X,1,U2,2300,Z01,E,2001-03,5079966,A,F,,,P1M,,E,,,,,,,,,2,,,"Monetary aggregate M3, Stocks","Euro area (changing composition), Outstanding amounts at the end of the period (stocks), MFIs, central government and post office giro institutions reporting sector - Monetary aggregate M3, All currencies combined - Euro area (changing composition) counterpart, Non-MFIs excluding central government sector, denominated in Euro, data Working day and seasonally adjusted",EUR,6
BSI.M.U2.Y.V.M30.X.1.U2.2300.Z01.E,M,U2,Y,V,M30,X,1,U2,2300,Z01,E,2001-04,5111811,A,F,,,P1M,,E,,,,,,,,,2,,,"Monetary aggregate M3, Stocks","Euro area (changing composition), Outstanding amounts at the end of the period (stocks), MFIs, central government and post office giro institutions reporting sector - Monetary aggregate M3, All currencies combined - Euro area (changing composition) counterpart, Non-MFIs excluding central government sector, denominated in Euro, data Working day and seasonally adjusted",EUR,6
BSI.M.U2.Y.V.M30.X.1.U2.2300.Z01.E,M,U2,Y,V,M30,X,1,U2,2300,Z01,E,2001-05,5142003,A,F,,,P1M,,E,,,,,,,,,2,,,"Monetary aggregate M3, Stocks","Euro area (changing composition), Outstanding amounts at the end of the period (stocks), MFIs, central government and post office giro institutions reporting sector - Monetary aggregate M3, All currencies combined - Euro area (changing composition) counterpart, Non-MFIs excluding central government sector, denominated in Euro, data Working day and seasonally adjusted",EUR,6
BSI.M.U2.Y.V.M30.X.1.U2.2300.Z01.E,M,U2,Y,V,M30,X,1,U2,2300,Z01,E,2001-06,5192173,A,F,,,P1M,,E,,,,,,,,,2,,,"Monetary aggregate M3, Stocks","Euro area (changing composition), Outstanding amounts at the end of the period (stocks), MFIs, central government and post office giro institutions reporting sector - Monetary aggregate M3, All currencies combined - Euro area (changing composition) counterpart, Non-MFIs excluding central government sector, denominated in Euro, data Working day and seasonally adjusted",EUR,6
BSI.M.U2.Y.V.M30.X.1.U2.2300.Z01.E,M,U2,Y,V,M30,X,1,U2,2300,Z01,E,2001-07,5214090,A,F,,,P1M,,E,,,,,,,,,2,,,"Monetary aggregate M3, Stocks","Euro area (changing composition), Outstanding amounts at the end of the period (stocks), MFIs, central government and post office giro institutions reporting sector - Monetary aggregate M3, All currencies combined - Euro area (changing composition) counterpart, Non-MFIs excluding central government sector, denominated in Euro, data Working day and seasonally adjusted",EUR,6
BSI.M.U2.Y.V.M30.X.1.U2.2300.Z01.E,M,U2,Y,V,M30,X,1,U2,2300,Z01,E,2001-08,5249306,A,F,,,P1M,,E,,,,,,,,,2,,,"Monetary aggregate M3, Stocks","Euro area (changing composition), Outstanding amounts at the end of the period (stocks), MFIs, central government and post office giro institutions reporting sector - Monetary aggregate M3, All currencies combined - Euro area (changing composition) counterpart, Non-MFIs excluding central government sector, denominated in Euro, data Working day and seasonally adjusted",EUR,6
BSI.M.U2.Y.V.M30.X.1.U2.2300.Z01.E,M,U2,Y,V,M30,X,1,U2,2300,Z01,E,2001-09,5296229,A,F,,,P1M,,E,,,,,,,,,2,,,"Monetary aggregate M3, Stocks","Euro area (changing composition), Outstanding amounts at the end of the period (stocks), MFIs, central government and post office giro institutions reporting sector - Monetary aggregate M3, All currencies combined - Euro area (changing composition) counterpart, Non-MFIs excluding central government sector, denominated in Euro, data Working day and seasonally adjusted",EUR,6
BSI.M.U2.Y.V.M30.X.1.U2.2300.Z01.E,M,U2,Y,V,M30,X,1,U2,2300,Z01,E,2001-10,5334043,A,F,,,P1M,,E,,,,,,,,,2,,,"Monetary aggregate M3, Stocks","Euro area (changing composition), Outstanding amounts at the end of the period (stocks), MFIs, central government and post office giro institutions reporting sector - Monetary aggregate M3, All currencies combined - Euro area (changing composition) counterpart, Non-MFIs excluding central government sector, denominated in Euro, data Working day and seasonally adjusted",EUR,6
BSI.M.U2.Y.V.M30.X.1.U2.2300.Z01.E,M,U2,Y,V,M30,X,1,U2,2300,Z01,E,2001-11,5371237,A,F,,,P1M,,E,,,,,,,,,2,,,"Monetary aggregate M3, Stocks","Euro area (changing composition), Outstanding amounts at the end of the period (stocks), MFIs, central government and post office giro institutions reporting sector - Monetary aggregate M3, All currencies combined - Euro area (changing composition) counterpart, Non-MFIs excluding central government sector, denominated in Euro, data Working day and seasonally adjusted",EUR,6
BSI.M.U2.Y.V.M30.X.1.U2.2300.Z01.E,M,U2,Y,V,M30,X,1,U2,2300,Z01,E,2001-12,5402883,A,F,,,P1M,,E,,,,,,,,,2,,,"Monetary aggregate M3, Stocks","Euro area (changing composition), Outstanding amounts at the end of the period (stocks), MFIs, central government and post office giro institutions reporting sector - Monetary aggregate M3, All currencies combined - Euro area (changing composition) counterpart, Non-MFIs excluding central government sector, denominated in Euro, data Working day and seasonally adjusted",EUR,6
BSI.M.U2.Y.V.M30.X.1.U2.2300.Z01.E,M,U2,Y,V,M30,X,1,U2,2300,Z01,E,2002-01,5424797,A,F,,,P1M,,E,,,,,,,,,2,,,"Monetary aggregate M3, Stocks","Euro area (changing composition), Outstanding amounts at the end of the period (stocks), MFIs, central government and post office giro institutions reporting sector - Monetary aggregate M3, All currencies combined - Euro area (changing composition) counterpart, Non-MFIs excluding central government sector, denominated in Euro, data Working day and seasonally adjusted",EUR,6
BSI.M.U2.Y.V.M30.X.1.U2.2300.Z01.E,M,U2,Y,V,M30,X,1,U2,2300,Z01,E,2002-02,5431456,A,F,,,P1M,,E,,,,,,,,,2,,,"Monetary aggregate M3, Stocks","Euro area (changing composition), Outstanding amounts at the end of the period (stocks), MFIs, central government and post office giro institutions reporting sector - Monetary aggregate M3, All currencies combined - Euro area (changing composition) counterpart, Non-MFIs excluding central government sector, denominated in Euro, data Working day and seasonally adjusted",EUR,6
BSI.M.U2.Y.V.M30.X.1.U2.2300.Z01.E,M,U2,Y,V,M30,X,1,U2,2300,Z01,E,2002-03,5453968,A,F,,,P1M,,E,,,,,,,,,2,,,"Monetary aggregate M3, Stocks","Euro area (changing composition), Outstanding amounts at the end of the period (stocks), MFIs, central government and post office giro institutions reporting sector - Monetary aggregate M3, All currencies combined - Euro area (changing composition) counterpart, Non-MFIs excluding central government sector, denominated in Euro, data Working day and seasonally adjusted",EUR,6
BSI.M.U2.Y.V.M30.X.1.U2.2300.Z01.E,M,U2,Y,V,M30,X,1,U2,2300,Z01,E,2002-04,5482865,A,F,,,P1M,,E,,,,,,,,,2,,,"Monetary aggregate M3, Stocks","Euro area (changing composition), Outstanding amounts at the end of the period (stocks), MFIs, central government and post office giro institutions reporting sector - Monetary aggregate M3, All currencies combined - Euro area (changing composition) counterpart, Non-MFIs excluding central government sector, denominated in Euro, data Working day and seasonally adjusted",EUR,6
BSI.M.U2.Y.V.M30.X.1.U2.2300.Z01.E,M,U2,Y,V,M30,X,1,U2,2300,Z01,E,2002-05,5523451,A,F,,,P1M,,E,,,,,,,,,2,,,"Monetary aggregate M3, Stocks","Euro area (changing composition), Outstanding amounts at the end of the period (stocks), MFIs, central government and post office giro institutions reporting sector - Monetary aggregate M3, All currencies combined - Euro area (changing composition) counterpart, Non-MFIs excluding central government sector, denominated in Euro, data Working day and seasonally adjusted",EUR,6
BSI.M.U2.Y.V.M30.X.1.U2.2300.Z01.E,M,U2,Y,V,M30,X,1,U2,2300,Z01,E,2002-06,5539079,A,F,,,P1M,,E,,,,,,,,,2,,,"Monetary aggregate M3, Stocks","Euro area (changing composition), Outstanding amounts at the end of the period (stocks), MFIs, central government and post office giro institutions reporting sector - Monetary aggregate M3, All currencies combined - Euro area (changing composition) counterpart, Non-MFIs excluding central government sector, denominated in Euro, data Working day and seasonally adjusted",EUR,6
BSI.M.U2.Y.V.M30.X.1.U2.2300.Z01.E,M,U2,Y,V,M30,X,1,U2,2300,Z01,E,2002-07,5568190,A,F,,,P1M,,E,,,,,,,,,2,,,"Monetary aggregate M3, Stocks","Euro area (changing composition), Outstanding amounts at the end of the period (stocks), MFIs, central government and post office giro institutions reporting sector - Monetary aggregate M3, All currencies combined - Euro area (changing composition) counterpart, Non-MFIs excluding central government sector, denominated in Euro, data Working day and seasonally adjusted",EUR,6
BSI.M.U2.Y.V.M30.X.1.U2.2300.Z01.E,M,U2,Y,V,M30,X,1,U2,2300,Z01,E,2002-08,5606774,A,F,,,P1M,,E,,,,,,,,,2,,,"Monetary aggregate M3, Stocks","Euro area (changing composition), Outstanding amounts at the end of the period (stocks), MFIs, central government and post office giro institutions reporting sector - Monetary aggregate M3, All currencies combined - Euro area (changing composition) counterpart, Non-MFIs excluding central government sector, denominated in Euro, data Working day and seasonally adjusted",EUR,6
BSI.M.U2.Y.V.M30.X.1.U2.2300.Z01.E,M,U2,Y,V,M30,X,1,U2,2300,Z01,E,2002-09,5660669,A,F,,,P1M,,E,,,,,,,,,2,,,"Monetary aggregate M3, Stocks","Euro area (changing composition), Outstanding amounts at the end of the period (stocks), MFIs, central government and post office giro institutions reporting sector - Monetary aggregate M3, All currencies combined - Euro area (changing composition) counterpart, Non-MFIs excluding central government sector, denominated in Euro, data Working day and seasonally adjusted",EUR,6
BSI.M.U2.Y.V.M30.X.1.U2.2300.Z01.E,M,U2,Y,V,M30,X,1,U2,2300,Z01,E,2002-10,5680917,A,F,,,P1M,,E,,,,,,,,,2,,,"Monetary aggregate M3, Stocks","Euro area (changing composition), Outstanding amounts at the end of the period (stocks), MFIs, central government and post office giro institutions reporting sector - Monetary aggregate M3, All currencies combined - Euro area (changing composition) counterpart, Non-MFIs excluding central government sector, denominated in Euro, data Working day and seasonally adjusted",EUR,6
BSI.M.U2.Y.V.M30.X.1.U2.2300.Z01.E,M,U2,Y,V,M30,X,1,U2,2300,Z01,E,2002-11,5733178,A,F,,,P1M,,E,,,,,,,,,2,,,"Monetary aggregate M3, Stocks","Euro area (changing composition), Outstanding amounts at the end of the period (stocks), MFIs, central government and post office giro institutions reporting sector - Monetary aggregate M3, All currencies combined - Euro area (changing composition) counterpart, Non-MFIs excluding central government sector, denominated in Euro, data Working day and seasonally adjusted",EUR,6
BSI.M.U2.Y.V.M30.X.1.U2.2300.Z01.E,M,U2,Y,V,M30,X,1,U2,2300,Z01,E,2002-12,5767431,A,F,,,P1M,,E,,,,,,,,,2,,,"Monetary aggregate M3, Stocks","Euro area (changing composition), Outstanding amounts at the end of the period (stocks), MFIs, central government and post office giro institutions reporting sector - Monetary aggregate M3, All currencies combined - Euro area (changing composition) counterpart, Non-MFIs excluding central government sector, denominated in Euro, data Working day and seasonally adjusted",EUR,6
BSI.M.U2.Y.V.M30.X.1.U2.2300.Z01.E,M,U2,Y,V,M30,X,1,U2,2300,Z01,E,2003-01,5809186,A,F,,,P1M,,E,,,,,,,,,2,,,"Monetary aggregate M3, Stocks","Euro area (changing composition), Outstanding amounts at the end of the period (stocks), MFIs, central government and post office giro institutions reporting sector - Monetary aggregate M3, All currencies combined - Euro area (changing composition) counterpart, Non-MFIs excluding central government sector, denominated in Euro, data Working day and seasonally adjusted",EUR,6
BSI.M.U2.Y.V.M30.X.1.U2.2300.Z01.E,M,U2,Y,V,M30,X,1,U2,2300,Z01,E,2003-02,5857436,A,F,,,P1M,,E,,,,,,,,,2,,,"Monetary aggregate M3, Stocks","Euro area (changing composition), Outstanding amounts at the end of the period (stocks), MFIs, central government and post office giro institutions reporting sector - Monetary aggregate M3, All currencies combined - Euro area (changing composition) counterpart, Non-MFIs excluding central government sector, denominated in Euro, data Working day and seasonally adjusted",EUR,6
BSI.M.U2.Y.V.M30.X.1.U2.2300.Z01.E,M,U2,Y,V,M30,X,1,U2,2300,Z01,E,2003-03,5880069,A,F,,,P1M,,E,,,,,,,,,2,,,"Monetary aggregate M3, Stocks","Euro area (changing composition), Outstanding amounts at the end of the period (stocks), MFIs, central government and post office giro institutions reporting sector - Monetary aggregate M3, All currencies combined - Euro area (changing composition) counterpart, Non-MFIs excluding central government sector, denominated in Euro, data Working day and seasonally adjusted",EUR,6
BSI.M.U2.Y.V.M30.X.1.U2.2300.Z01.E,M,U2,Y,V,M30,X,1,U2,2300,Z01,E,2003-04,5957074,A,F,,,P1M,,E,,,,,,,,,2,,,"Monetary aggregate M3, Stocks","Euro area (changing composition), Outstanding amounts at the end of the period (stocks), MFIs, central government and post office giro institutions reporting sector - Monetary aggregate M3, All currencies combined - Euro area (changing composition) counterpart, Non-MFIs excluding central government sector, denominated in Euro, data Working day and seasonally adjusted",EUR,6
BSI.M.U2.Y.V.M30.X.1.U2.2300.Z01.E,M,U2,Y,V,M30,X,1,U2,2300,Z01,E,2003-05,5983094,A,F,,,P1M,,E,,,,,,,,,2,,,"Monetary aggregate M3, Stocks","Euro area (changing composition), Outstanding amounts at the end of the period (stocks), MFIs, central government and post office giro institutions reporting sector - Monetary aggregate M3, All currencies combined - Euro area (changing composition) counterpart, Non-MFIs excluding central government sector, denominated in Euro, data Working day and seasonally adjusted",EUR,6
BSI.M.U2.Y.V.M30.X.1.U2.2300.Z01.E,M,U2,Y,V,M30,X,1,U2,2300,Z01,E,2003-06,5990357,A,F,,,P1M,,E,,,,,,,,,2,,,"Monetary aggregate M3, Stocks","Euro area (changing composition), Outstanding amounts at the end of the period (stocks), MFIs, central government and post office giro institutions reporting sector - Monetary aggregate M3, All currencies combined - Euro area (changing composition) counterpart, Non-MFIs excluding central government sector, denominated in Euro, data Working day and seasonally adjusted",EUR,6
BSI.M.U2.Y.V.M30.X.1.U2.2300.Z01.E,M,U2,Y,V,M30,X,1,U2,2300,Z01,E,2003-07,6028830,A,F,,,P1M,,E,,,,,,,,,2,,,"Monetary aggregate M3, Stocks","Euro area (changing composition), Outstanding amounts at the end of the period (stocks), MFIs, central government and post office giro institutions reporting sector - Monetary aggregate M3, All currencies combined - Euro area (changing composition) counterpart, Non-MFIs excluding central government sector, denominated in Euro, data Working day and seasonally adjusted",EUR,6
BSI.M.U2.Y.V.M30.X.1.U2.2300.Z01.E,M,U2,Y,V,M30,X,1,U2,2300,Z01,E,2003-08,6054734,A,F,,,P1M,,E,,,,,,,,,2,,,"Monetary aggregate M3, Stocks","Euro area (changing composition), Outstanding amounts at the end of the period (stocks), MFIs, central government and post office giro institutions reporting sector - Monetary aggregate M3, All currencies combined - Euro area (changing composition) counterpart, Non-MFIs excluding central government sector, denominated in Euro, data Working day and seasonally adjusted",EUR,6
BSI.M.U2.Y.V.M30.X.1.U2.2300.Z01.E,M,U2,Y,V,M30,X,1,U2,2300,Z01,E,2003-09,6057142,A,F,,,P1M,,E,,,,,,,,,2,,,"Monetary aggregate M3, Stocks","Euro area (changing composition), Outstanding amounts at the end of the period (stocks), MFIs, central government and post office giro institutions reporting sector - Monetary aggregate M3, All currencies combined - Euro area (changing composition) counterpart, Non-MFIs excluding central government sector, denominated in Euro, data Working day and seasonally adjusted",EUR,6
BSI.M.U2.Y.V.M30.X.1.U2.2300.Z01.E,M,U2,Y,V,M30,X,1,U2,2300,Z01,E,2003-10,6110399,A,F,,,P1M,,E,,,,,,,,,2,,,"Monetary aggregate M3, Stocks","Euro area (changing composition), Outstanding amounts at the end of the period (stocks), MFIs, central government and post office giro institutions reporting sector - Monetary aggregate M3, All currencies combined - Euro area (changing composition) counterpart, Non-MFIs excluding central government sector, denominated in Euro, data Working day and seasonally adjusted",EUR,6
BSI.M.U2.Y.V.M30.X.1.U2.2300.Z01.E,M,U2,Y,V,M30,X,1,U2,2300,Z01,E,2003-11,6134302,A,F,,,P1M,,E,,,,,,,,,2,,,"Monetary aggregate M3, Stocks","Euro area (changing composition), Outstanding amounts at the end of the period (stocks), MFIs, central government and post office giro institutions reporting sector - Monetary aggregate M3, All currencies combined - Euro area (changing composition) counterpart, Non-MFIs excluding central government sector, denominated in Euro, data Working day and seasonally adjusted",EUR,6
BSI.M.U2.Y.V.M30.X.1.U2.2300.Z01.E,M,U2,Y,V,M30,X,1,U2,2300,Z01,E,2003-12,6148767,A,F,,,P1M,,E,,,,,,,,,2,,,"Monetary aggregate M3, Stocks","Euro area (changing composition), Outstanding amounts at the end of the period (stocks), MFIs, central government and post office giro institutions reporting sector - Monetary aggregate M3, All currencies combined - Euro area (changing composition) counterpart, Non-MFIs excluding central government sector, denominated in Euro, data Working day and seasonally adjusted",EUR,6
BSI.M.U2.Y.V.M30.X.1.U2.2300.Z01.E,M,U2,Y,V,M30,X,1,U2,2300,Z01,E,2004-01,6165335,A,F,,,P1M,,E,,,,,,,,,2,,,"Monetary aggregate M3, Stocks","Euro area (changing composition), Outstanding amounts at the end of the period (stocks), MFIs, central government and post office giro institutions reporting sector - Monetary aggregate M3, All currencies combined - Euro area (changing composition) counterpart, Non-MFIs excluding central government sector, denominated in Euro, data Working day and seasonally adjusted",EUR,6
BSI.M.U2.Y.V.M30.X.1.U2.2300.Z01.E,M,U2,Y,V,M30,X,1,U2,2300,Z01,E,2004-02,6201786,A,F,,,P1M,,E,,,,,,,,,2,,,"Monetary aggregate M3, Stocks","Euro area (changing composition), Outstanding amounts at the end of the period (stocks), MFIs, central government and post office giro institutions reporting sector - Monetary aggregate M3, All currencies combined - Euro area (changing composition) counterpart, Non-MFIs excluding central government sector, denominated in Euro, data Working day and seasonally adjusted",EUR,6
BSI.M.U2.Y.V.M30.X.1.U2.2300.Z01.E,M,U2,Y,V,M30,X,1,U2,2300,Z01,E,2004-03,6232560,A,F,,,P1M,,E,,,,,,,,,2,,,"Monetary aggregate M3, Stocks","Euro area (changing composition), Outstanding amounts at the end of the period (stocks), MFIs, central government and post office giro institutions reporting sector - Monetary aggregate M3, All currencies combined - Euro area (changing composition) counterpart, Non-MFIs excluding central government sector, denominated in Euro, data Working day and seasonally adjusted",EUR,6
BSI.M.U2.Y.V.M30.X.1.U2.2300.Z01.E,M,U2,Y,V,M30,X,1,U2,2300,Z01,E,2004-04,6260857,A,F,,,P1M,,E,,,,,,,,,2,,,"Monetary aggregate M3, Stocks","Euro area (changing composition), Outstanding amounts at the end of the period (stocks), MFIs, central government and post office giro institutions reporting sector - Monetary aggregate M3, All currencies combined - Euro area (changing composition) counterpart, Non-MFIs excluding central government sector, denominated in Euro, data Working day and seasonally adjusted",EUR,6
BSI.M.U2.Y.V.M30.X.1.U2.2300.Z01.E,M,U2,Y,V,M30,X,1,U2,2300,Z01,E,2004-05,6265034,A,F,,,P1M,,E,,,,,,,,,2,,,"Monetary aggregate M3, Stocks","Euro area (changing composition), Outstanding amounts at the end of the period (stocks), MFIs, central government and post office giro institutions reporting sector - Monetary aggregate M3, All currencies combined - Euro area (changing composition) counterpart, Non-MFIs excluding central government sector, denominated in Euro, data Working day and seasonally adjusted",EUR,6
BSI.M.U2.Y.V.M30.X.1.U2.2300.Z01.E,M,U2,Y,V,M30,X,1,U2,2300,Z01,E,2004-06,6315025,A,F,,,P1M,,E,,,,,,,,,2,,,"Monetary aggregate M3, Stocks","Euro area (changing composition), Outstanding amounts at the end of the period (stocks), MFIs, central government and post office giro institutions reporting sector - Monetary aggregate M3, All currencies combined - Euro area (changing composition) counterpart, Non-MFIs excluding central government sector, denominated in Euro, data Working day and seasonally adjusted",EUR,6
BSI.M.U2.Y.V.M30.X.1.U2.2300.Z01.E,M,U2,Y,V,M30,X,1,U2,2300,Z01,E,2004-07,6354328,A,F,,,P1M,,E,,,,,,,,,2,,,"Monetary aggregate M3, Stocks","Euro area (changing composition), Outstanding amounts at the end of the period (stocks), MFIs, central government and post office giro institutions reporting sector - Monetary aggregate M3, All currencies combined - Euro area (changing composition) counterpart, Non-MFIs excluding central government sector, denominated in Euro, data Working day and seasonally adjusted",EUR,6
BSI.M.U2.Y.V.M30.X.1.U2.2300.Z01.E,M,U2,Y,V,M30,X,1,U2,2300,Z01,E,2004-08,6375262,A,F,,,P1M,,E,,,,,,,,,2,,,"Monetary aggregate M3, Stocks","Euro area (changing composition), Outstanding amounts at the end of the period (stocks), MFIs, central government and post office giro institutions reporting sector - Monetary aggregate M3, All currencies combined - Euro area (changing composition) counterpart, Non-MFIs excluding central government sector, denominated in Euro, data Working day and seasonally adjusted",EUR,6
BSI.M.U2.Y.V.M30.X.1.U2.2300.Z01.E,M,U2,Y,V,M30,X,1,U2,2300,Z01,E,2004-09,6417367,A,F,,,P1M,,E,,,,,,,,,2,,,"Monetary aggregate M3, Stocks","Euro area (changing composition), Outstanding amounts at the end of the period (stocks), MFIs, central government and post office giro institutions reporting sector - Monetary aggregate M3, All currencies combined - Euro area (changing composition) counterpart, Non-MFIs excluding central government sector, denominated in Euro, data Working day and seasonally adjusted",EUR,6
BSI.M.U2.Y.V.M30.X.1.U2.2300.Z01.E,M,U2,Y,V,M30,X,1,U2,2300,Z01,E,2004-10,6461295,A,F,,,P1M,,E,,,,,,,,,2,,,"Monetary aggregate M3, Stocks","Euro area (changing composition), Outstanding amounts at the end of the period (stocks), MFIs, central government and post office giro institutions reporting sector - Monetary aggregate M3, All currencies combined - Euro area (changing composition) counterpart, Non-MFIs excluding central government sector, denominated in Euro, data Working day and seasonally adjusted",EUR,6
BSI.M.U2.Y.V.M30.X.1.U2.2300.Z01.E,M,U2,Y,V,M30,X,1,U2,2300,Z01,E,2004-11,6484681,A,F,,,P1M,,E,,,,,,,,,2,,,"Monetary aggregate M3, Stocks","Euro area (changing composition), Outstanding amounts at the end of the period (stocks), MFIs, central government and post office giro institutions reporting sector - Monetary aggregate M3, All currencies combined - Euro area (changing composition) counterpart, Non-MFIs excluding central government sector, denominated in Euro, data Working day and seasonally adjusted",EUR,6
BSI.M.U2.Y.V.M30.X.1.U2.2300.Z01.E,M,U2,Y,V,M30,X,1,U2,2300,Z01,E,2004-12,6540370,A,F,,,P1M,,E,,,,,,,,,2,,,"Monetary aggregate M3, Stocks","Euro area (changing composition), Outstanding amounts at the end of the period (stocks), MFIs, central government and post office giro institutions reporting sector - Monetary aggregate M3, All currencies combined - Euro area (changing composition) counterpart, Non-MFIs excluding central government sector, denominated in Euro, data Working day and seasonally adjusted",EUR,6
BSI.M.U2.Y.V.M30.X.1.U2.2300.Z01.E,M,U2,Y,V,M30,X,1,U2,2300,Z01,E,2005-01,6573488,A,F,,,P1M,,E,,,,,,,,,2,,,"Monetary aggregate M3, Stocks","Euro area (changing composition), Outstanding amounts at the end of the period (stocks), MFIs, central government and post office giro institutions reporting sector - Monetary aggregate M3, All currencies combined - Euro area (changing composition) counterpart, Non-MFIs excluding central government sector, denominated in Euro, data Working day and seasonally adjusted",EUR,6
BSI.M.U2.Y.V.M30.X.1.U2.2300.Z01.E,M,U2,Y,V,M30,X,1,U2,2300,Z01,E,2005-02,6608114,A,F,,,P1M,,E,,,,,,,,,2,,,"Monetary aggregate M3, Stocks","Euro area (changing composition), Outstanding amounts at the end of the period (stocks), MFIs, central government and post office giro institutions reporting sector - Monetary aggregate M3, All currencies combined - Euro area (changing composition) counterpart, Non-MFIs excluding central government sector, denominated in Euro, data Working day and seasonally adjusted",EUR,6
BSI.M.U2.Y.V.M30.X.1.U2.2300.Z01.E,M,U2,Y,V,M30,X,1,U2,2300,Z01,E,2005-03,6628904,A,F,,,P1M,,E,,,,,,,,,2,,,"Monetary aggregate M3, Stocks","Euro area (changing composition), Outstanding amounts at the end of the period (stocks), MFIs, central government and post office giro institutions reporting sector - Monetary aggregate M3, All currencies combined - Euro area (changing composition) counterpart, Non-MFIs excluding central government sector, denominated in Euro, data Working day and seasonally adjusted",EUR,6
BSI.M.U2.Y.V.M30.X.1.U2.2300.Z01.E,M,U2,Y,V,M30,X,1,U2,2300,Z01,E,2005-04,6682171,A,F,,,P1M,,E,,,,,,,,,2,,,"Monetary aggregate M3, Stocks","Euro area (changing composition), Outstanding amounts at the end of the period (stocks), MFIs, central government and post office giro institutions reporting sector - Monetary aggregate M3, All currencies combined - Euro area (changing composition) counterpart, Non-MFIs excluding central government sector, denominated in Euro, data Working day and seasonally adjusted",EUR,6
BSI.M.U2.Y.V.M30.X.1.U2.2300.Z01.E,M,U2,Y,V,M30,X,1,U2,2300,Z01,E,2005-05,6731012,A,F,,,P1M,,E,,,,,,,,,2,,,"Monetary aggregate M3, Stocks","Euro area (changing composition), Outstanding amounts at the end of the period (stocks), MFIs, central government and post office giro institutions reporting sector - Monetary aggregate M3, All currencies combined - Euro area (changing composition) counterpart, Non-MFIs excluding central government sector, denominated in Euro, data Working day and seasonally adjusted",EUR,6
BSI.M.U2.Y.V.M30.X.1.U2.2300.Z01.E,M,U2,Y,V,M30,X,1,U2,2300,Z01,E,2005-06,6807158,A,F,,,P1M,,E,,,,,,,,,2,,,"Monetary aggregate M3, Stocks","Euro area (changing composition), Outstanding amounts at the end of the period (stocks), MFIs, central government and post office giro institutions reporting sector - Monetary aggregate M3, All currencies combined - Euro area (changing composition) counterpart, Non-MFIs excluding central government sector, denominated in Euro, data Working day and seasonally adjusted",EUR,6
BSI.M.U2.Y.V.M30.X.1.U2.2300.Z01.E,M,U2,Y,V,M30,X,1,U2,2300,Z01,E,2005-07,6876098,A,F,,,P1M,,E,,,,,,,,,2,,,"Monetary aggregate M3, Stocks","Euro area (changing composition), Outstanding amounts at the end of the period (stocks), MFIs, central government and post office giro institutions reporting sector - Monetary aggregate M3, All currencies combined - Euro area (changing composition) counterpart, Non-MFIs excluding central government sector, denominated in Euro, data Working day and seasonally adjusted",EUR,6
BSI.M.U2.Y.V.M30.X.1.U2.2300.Z01.E,M,U2,Y,V,M30,X,1,U2,2300,Z01,E,2005-08,6910851,A,F,,,P1M,,E,,,,,,,,,2,,,"Monetary aggregate M3, Stocks","Euro area (changing composition), Outstanding amounts at the end of the period (stocks), MFIs, central government and post office giro institutions reporting sector - Monetary aggregate M3, All currencies combined - Euro area (changing composition) counterpart, Non-MFIs excluding central government sector, denominated in Euro, data Working day and seasonally adjusted",EUR,6
BSI.M.U2.Y.V.M30.X.1.U2.2300.Z01.E,M,U2,Y,V,M30,X,1,U2,2300,Z01,E,2005-09,6972348,A,F,,,P1M,,E,,,,,,,,,2,,,"Monetary aggregate M3, Stocks","Euro area (changing composition), Outstanding amounts at the end of the period (stocks), MFIs, central government and post office giro institutions reporting sector - Monetary aggregate M3, All currencies combined - Euro area (changing composition) counterpart, Non-MFIs excluding central government sector, denominated in Euro, data Working day and seasonally adjusted",EUR,6
BSI.M.U2.Y.V.M30.X.1.U2.2300.Z01.E,M,U2,Y,V,M30,X,1,U2,2300,Z01,E,2005-10,6991045,A,F,,,P1M,,E,,,,,,,,,2,,,"Monetary aggregate M3, Stocks","Euro area (changing composition), Outstanding amounts at the end of the period (stocks), MFIs, central government and post office giro institutions reporting sector - Monetary aggregate M3, All currencies combined - Euro area (changing composition) counterpart, Non-MFIs excluding central government sector, denominated in Euro, data Working day and seasonally adjusted",EUR,6
BSI.M.U2.Y.V.M30.X.1.U2.2300.Z01.E,M,U2,Y,V,M30,X,1,U2,2300,Z01,E,2005-11,7026011,A,F,,,P1M,,E,,,,,,,,,2,,,"Monetary aggregate M3, Stocks","Euro area (changing composition), Outstanding amounts at the end of the period (stocks), MFIs, central government and post office giro institutions reporting sector - Monetary aggregate M3, All currencies combined - Euro area (changing composition) counterpart, Non-MFIs excluding central government sector, denominated in Euro, data Working day and seasonally adjusted",EUR,6
BSI.M.U2.Y.V.M30.X.1.U2.2300.Z01.E,M,U2,Y,V,M30,X,1,U2,2300,Z01,E,2005-12,7087688,A,F,,,P1M,,E,,,,,,,,,2,,,"Monetary aggregate M3, Stocks","Euro area (changing composition), Outstanding amounts at the end of the period (stocks), MFIs, central government and post office giro institutions reporting sector - Monetary aggregate M3, All currencies combined - Euro area (changing composition) counterpart, Non-MFIs excluding central government sector, denominated in Euro, data Working day and seasonally adjusted",EUR,6
BSI.M.U2.Y.V.M30.X.1.U2.2300.Z01.E,M,U2,Y,V,M30,X,1,U2,2300,Z01,E,2006-01,7120559,A,F,,,P1M,,E,,,,,,,,,2,,,"Monetary aggregate M3, Stocks","Euro area (changing composition), Outstanding amounts at the end of the period (stocks), MFIs, central government and post office giro institutions reporting sector - Monetary aggregate M3, All currencies combined - Euro area (changing composition) counterpart, Non-MFIs excluding central government sector, denominated in Euro, data Working day and seasonally adjusted",EUR,6
BSI.M.U2.Y.V.M30.X.1.U2.2300.Z01.E,M,U2,Y,V,M30,X,1,U2,2300,Z01,E,2006-02,7170882,A,F,,,P1M,,E,,,,,,,,,2,,,"Monetary aggregate M3, Stocks","Euro area (changing composition), Outstanding amounts at the end of the period (stocks), MFIs, central government and post office giro institutions reporting sector - Monetary aggregate M3, All currencies combined - Euro area (changing composition) counterpart, Non-MFIs excluding central government sector, denominated in Euro, data Working day and seasonally adjusted",EUR,6
BSI.M.U2.Y.V.M30.X.1.U2.2300.Z01.E,M,U2,Y,V,M30,X,1,U2,2300,Z01,E,2006-03,7221902,A,F,,,P1M,,E,,,,,,,,,2,,,"Monetary aggregate M3, Stocks","Euro area (changing composition), Outstanding amounts at the end of the period (stocks), MFIs, central government and post office giro institutions reporting sector - Monetary aggregate M3, All currencies combined - Euro area (changing composition) counterpart, Non-MFIs excluding central government sector, denominated in Euro, data Working day and seasonally adjusted",EUR,6
BSI.M.U2.Y.V.M30.X.1.U2.2300.Z01.E,M,U2,Y,V,M30,X,1,U2,2300,Z01,E,2006-04,7303181,A,F,,,P1M,,E,,,,,,,,,2,,,"Monetary aggregate M3, Stocks","Euro area (changing composition), Outstanding amounts at the end of the period (stocks), MFIs, central government and post office giro institutions reporting sector - Monetary aggregate M3, All currencies combined - Euro area (changing composition) counterpart, Non-MFIs excluding central government sector, denominated in Euro, data Working day and seasonally adjusted",EUR,6
BSI.M.U2.Y.V.M30.X.1.U2.2300.Z01.E,M,U2,Y,V,M30,X,1,U2,2300,Z01,E,2006-05,7347101,A,F,,,P1M,,E,,,,,,,,,2,,,"Monetary aggregate M3, Stocks","Euro area (changing composition), Outstanding amounts at the end of the period (stocks), MFIs, central government and post office giro institutions reporting sector - Monetary aggregate M3, All currencies combined - Euro area (changing composition) counterpart, Non-MFIs excluding central government sector, denominated in Euro, data Working day and seasonally adjusted",EUR,6
BSI.M.U2.Y.V.M30.X.1.U2.2300.Z01.E,M,U2,Y,V,M30,X,1,U2,2300,Z01,E,2006-06,7384631,A,F,,,P1M,,E,,,,,,,,,2,,,"Monetary aggregate M3, Stocks","Euro area (changing composition), Outstanding amounts at the end of the period (stocks), MFIs, central government and post office giro institutions reporting sector - Monetary aggregate M3, All currencies combined - Euro area (changing composition) counterpart, Non-MFIs excluding central government sector, denominated in Euro, data Working day and seasonally adjusted",EUR,6
BSI.M.U2.Y.V.M30.X.1.U2.2300.Z01.E,M,U2,Y,V,M30,X,1,U2,2300,Z01,E,2006-07,7403368,A,F,,,P1M,,E,,,,,,,,,2,,,"Monetary aggregate M3, Stocks","Euro area (changing composition), Outstanding amounts at the end of the period (stocks), MFIs, central government and post office giro institutions reporting sector - Monetary aggregate M3, All currencies combined - Euro area (changing composition) counterpart, Non-MFIs excluding central government sector, denominated in Euro, data Working day and seasonally adjusted",EUR,6
BSI.M.U2.Y.V.M30.X.1.U2.2300.Z01.E,M,U2,Y,V,M30,X,1,U2,2300,Z01,E,2006-08,7475572,A,F,,,P1M,,E,,,,,,,,,2,,,"Monetary aggregate M3, Stocks","Euro area (changing composition), Outstanding amounts at the end of the period (stocks), MFIs, central government and post office giro institutions reporting sector - Monetary aggregate M3, All currencies combined - Euro area (changing composition) counterpart, Non-MFIs excluding central government sector, denominated in Euro, data Working day and seasonally adjusted",EUR,6
BSI.M.U2.Y.V.M30.X.1.U2.2300.Z01.E,M,U2,Y,V,M30,X,1,U2,2300,Z01,E,2006-09,7573385,A,F,,,P1M,,E,,,,,,,,,2,,,"Monetary aggregate M3, Stocks","Euro area (changing composition), Outstanding amounts at the end of the period (stocks), MFIs, central government and post office giro institutions reporting sector - Monetary aggregate M3, All currencies combined - Euro area (changing composition) counterpart, Non-MFIs excluding central government sector, denominated in Euro, data Working day and seasonally adjusted",EUR,6
BSI.M.U2.Y.V.M30.X.1.U2.2300.Z01.E,M,U2,Y,V,M30,X,1,U2,2300,Z01,E,2006-10,7598494,A,F,,,P1M,,E,,,,,,,,,2,,,"Monetary aggregate M3, Stocks","Euro area (changing composition), Outstanding amounts at the end of the period (stocks), MFIs, central government and post office giro institutions reporting sector - Monetary aggregate M3, All currencies combined - Euro area (changing composition) counterpart, Non-MFIs excluding central government sector, denominated in Euro, data Working day and seasonally adjusted",EUR,6
BSI.M.U2.Y.V.M30.X.1.U2.2300.Z01.E,M,U2,Y,V,M30,X,1,U2,2300,Z01,E,2006-11,7652322,A,F,,,P1M,,E,,,,,,,,,2,,,"Monetary aggregate M3, Stocks","Euro area (changing composition), Outstanding amounts at the end of the period (stocks), MFIs, central government and post office giro institutions reporting sector - Monetary aggregate M3, All currencies combined - Euro area (changing composition) counterpart, Non-MFIs excluding central government sector, denominated in Euro, data Working day and seasonally adjusted",EUR,6
BSI.M.U2.Y.V.M30.X.1.U2.2300.Z01.E,M,U2,Y,V,M30,X,1,U2,2300,Z01,E,2006-12,7753569,A,F,,,P1M,,E,,,,,,,,,2,,,"Monetary aggregate M3, Stocks","Euro area (changing composition), Outstanding amounts at the end of the period (stocks), MFIs, central government and post office giro institutions reporting sector - Monetary aggregate M3, All currencies combined - Euro area (changing composition) counterpart, Non-MFIs excluding central government sector, denominated in Euro, data Working day and seasonally adjusted",EUR,6
BSI.M.U2.Y.V.M30.X.1.U2.2300.Z01.E,M,U2,Y,V,M30,X,1,U2,2300,Z01,E,2007-01,7838901,A,F,,,P1M,,E,,,,,,,,,2,,,"Monetary aggregate M3, Stocks","Euro area (changing composition), Outstanding amounts at the end of the period (stocks), MFIs, central government and post office giro institutions reporting sector - Monetary aggregate M3, All currencies combined - Euro area (changing composition) counterpart, Non-MFIs excluding central government sector, denominated in Euro, data Working day and seasonally adjusted",EUR,6
BSI.M.U2.Y.V.M30.X.1.U2.2300.Z01.E,M,U2,Y,V,M30,X,1,U2,2300,Z01,E,2007-02,7889608,A,F,,,P1M,,E,,,,,,,,,2,,,"Monetary aggregate M3, Stocks","Euro area (changing composition), Outstanding amounts at the end of the period (stocks), MFIs, central government and post office giro institutions reporting sector - Monetary aggregate M3, All currencies combined - Euro area (changing composition) counterpart, Non-MFIs excluding central government sector, denominated in Euro, data Working day and seasonally adjusted",EUR,6
BSI.M.U2.Y.V.M30.X.1.U2.2300.Z01.E,M,U2,Y,V,M30,X,1,U2,2300,Z01,E,2007-03,8008864,A,F,,,P1M,,E,,,,,,,,,2,,,"Monetary aggregate M3, Stocks","Euro area (changing composition), Outstanding amounts at the end of the period (stocks), MFIs, central government and post office giro institutions reporting sector - Monetary aggregate M3, All currencies combined - Euro area (changing composition) counterpart, Non-MFIs excluding central government sector, denominated in Euro, data Working day and seasonally adjusted",EUR,6
BSI.M.U2.Y.V.M30.X.1.U2.2300.Z01.E,M,U2,Y,V,M30,X,1,U2,2300,Z01,E,2007-04,8032194,A,F,,,P1M,,E,,,,,,,,,2,,,"Monetary aggregate M3, Stocks","Euro area (changing composition), Outstanding amounts at the end of the period (stocks), MFIs, central government and post office giro institutions reporting sector - Monetary aggregate M3, All currencies combined - Euro area (changing composition) counterpart, Non-MFIs excluding central government sector, denominated in Euro, data Working day and seasonally adjusted",EUR,6
BSI.M.U2.Y.V.M30.X.1.U2.2300.Z01.E,M,U2,Y,V,M30,X,1,U2,2300,Z01,E,2007-05,8131881,A,F,,,P1M,,E,,,,,,,,,2,,,"Monetary aggregate M3, Stocks","Euro area (changing composition), Outstanding amounts at the end of the period (stocks), MFIs, central government and post office giro institutions reporting sector - Monetary aggregate M3, All currencies combined - Euro area (changing composition) counterpart, Non-MFIs excluding central government sector, denominated in Euro, data Working day and seasonally adjusted",EUR,6
BSI.M.U2.Y.V.M30.X.1.U2.2300.Z01.E,M,U2,Y,V,M30,X,1,U2,2300,Z01,E,2007-06,8206302,A,F,,,P1M,,E,,,,,,,,,2,,,"Monetary aggregate M3, Stocks","Euro area (changing composition), Outstanding amounts at the end of the period (stocks), MFIs, central government and post office giro institutions reporting sector - Monetary aggregate M3, All currencies combined - Euro area (changing composition) counterpart, Non-MFIs excluding central government sector, denominated in Euro, data Working day and seasonally adjusted",EUR,6
BSI.M.U2.Y.V.M30.X.1.U2.2300.Z01.E,M,U2,Y,V,M30,X,1,U2,2300,Z01,E,2007-07,8290084,A,F,,,P1M,,E,,,,,,,,,2,,,"Monetary aggregate M3, Stocks","Euro area (changing composition), Outstanding amounts at the end of the period (stocks), MFIs, central government and post office giro institutions reporting sector - Monetary aggregate M3, All currencies combined - Euro area (changing composition) counterpart, Non-MFIs excluding central government sector, denominated in Euro, data Working day and seasonally adjusted",EUR,6
BSI.M.U2.Y.V.M30.X.1.U2.2300.Z01.E,M,U2,Y,V,M30,X,1,U2,2300,Z01,E,2007-08,8344331,A,F,,,P1M,,E,,,,,,,,,2,,,"Monetary aggregate M3, Stocks","Euro area (changing composition), Outstanding amounts at the end of the period (stocks), MFIs, central government and post office giro institutions reporting sector - Monetary aggregate M3, All currencies combined - Euro area (changing composition) counterpart, Non-MFIs excluding central government sector, denominated in Euro, data Working day and seasonally adjusted",EUR,6
BSI.M.U2.Y.V.M30.X.1.U2.2300.Z01.E,M,U2,Y,V,M30,X,1,U2,2300,Z01,E,2007-09,8418602,A,F,,,P1M,,E,,,,,,,,,2,,,"Monetary aggregate M3, Stocks","Euro area (changing composition), Outstanding amounts at the end of the period (stocks), MFIs, central government and post office giro institutions reporting sector - Monetary aggregate M3, All currencies combined - Euro area (changing composition) counterpart, Non-MFIs excluding central government sector, denominated in Euro, data Working day and seasonally adjusted",EUR,6
BSI.M.U2.Y.V.M30.X.1.U2.2300.Z01.E,M,U2,Y,V,M30,X,1,U2,2300,Z01,E,2007-10,8541400,A,F,,,P1M,,E,,,,,,,,,2,,,"Monetary aggregate M3, Stocks","Euro area (changing composition), Outstanding amounts at the end of the period (stocks), MFIs, central government and post office giro institutions reporting sector - Monetary aggregate M3, All currencies combined - Euro area (changing composition) counterpart, Non-MFIs excluding central government sector, denominated in Euro, data Working day and seasonally adjusted",EUR,6
BSI.M.U2.Y.V.M30.X.1.U2.2300.Z01.E,M,U2,Y,V,M30,X,1,U2,2300,Z01,E,2007-11,8631497,A,F,,,P1M,,E,,,,,,,,,2,,,"Monetary aggregate M3, Stocks","Euro area (changing composition), Outstanding amounts at the end of the period (stocks), MFIs, central government and post office giro institutions reporting sector - Monetary aggregate M3, All currencies combined - Euro area (changing composition) counterpart, Non-MFIs excluding central government sector, denominated in Euro, data Working day and seasonally adjusted",EUR,6
BSI.M.U2.Y.V.M30.X.1.U2.2300.Z01.E,M,U2,Y,V,M30,X,1,U2,2300,Z01,E,2007-12,8647959,A,F,,,P1M,,E,,,,,,,,,2,,,"Monetary aggregate M3, Stocks","Euro area (changing composition), Outstanding amounts at the end of the period (stocks), MFIs, central government and post office giro institutions reporting sector - Monetary aggregate M3, All currencies combined - Euro area (changing composition) counterpart, Non-MFIs excluding central government sector, denominated in Euro, data Working day and seasonally adjusted",EUR,6
BSI.M.U2.Y.V.M30.X.1.U2.2300.Z01.E,M,U2,Y,V,M30,X,1,U2,2300,Z01,E,2008-01,8793038,A,F,,,P1M,,E,,,,,,,,,2,,,"Monetary aggregate M3, Stocks","Euro area (changing composition), Outstanding amounts at the end of the period (stocks), MFIs, central government and post office giro institutions reporting sector - Monetary aggregate M3, All currencies combined - Euro area (changing composition) counterpart, Non-MFIs excluding central government sector, denominated in Euro, data Working day and seasonally adjusted",EUR,6
BSI.M.U2.Y.V.M30.X.1.U2.2300.Z01.E,M,U2,Y,V,M30,X,1,U2,2300,Z01,E,2008-02,8843329,A,F,,,P1M,,E,,,,,,,,,2,,,"Monetary aggregate M3, Stocks","Euro area (changing composition), Outstanding amounts at the end of the period (stocks), MFIs, central government and post office giro institutions reporting sector - Monetary aggregate M3, All currencies combined - Euro area (changing composition) counterpart, Non-MFIs excluding central government sector, denominated in Euro, data Working day and seasonally adjusted",EUR,6
BSI.M.U2.Y.V.M30.X.1.U2.2300.Z01.E,M,U2,Y,V,M30,X,1,U2,2300,Z01,E,2008-03,8867136,A,F,,,P1M,,E,,,,,,,,,2,,,"Monetary aggregate M3, Stocks","Euro area (changing composition), Outstanding amounts at the end of the period (stocks), MFIs, central government and post office giro institutions reporting sector - Monetary aggregate M3, All currencies combined - Euro area (changing composition) counterpart, Non-MFIs excluding central government sector, denominated in Euro, data Working day and seasonally adjusted",EUR,6
BSI.M.U2.Y.V.M30.X.1.U2.2300.Z01.E,M,U2,Y,V,M30,X,1,U2,2300,Z01,E,2008-04,8940964,A,F,,,P1M,,E,,,,,,,,,2,,,"Monetary aggregate M3, Stocks","Euro area (changing composition), Outstanding amounts at the end of the period (stocks), MFIs, central government and post office giro institutions reporting sector - Monetary aggregate M3, All currencies combined - Euro area (changing composition) counterpart, Non-MFIs excluding central government sector, denominated in Euro, data Working day and seasonally adjusted",EUR,6
BSI.M.U2.Y.V.M30.X.1.U2.2300.Z01.E,M,U2,Y,V,M30,X,1,U2,2300,Z01,E,2008-05,9020742,A,F,,,P1M,,E,,,,,,,,,2,,,"Monetary aggregate M3, Stocks","Euro area (changing composition), Outstanding amounts at the end of the period (stocks), MFIs, central government and post office giro institutions reporting sector - Monetary aggregate M3, All currencies combined - Euro area (changing composition) counterpart, Non-MFIs excluding central government sector, denominated in Euro, data Working day and seasonally adjusted",EUR,6
BSI.M.U2.Y.V.M30.X.1.U2.2300.Z01.E,M,U2,Y,V,M30,X,1,U2,2300,Z01,E,2008-06,9044137,A,F,,,P1M,,E,,,,,,,,,2,,,"Monetary aggregate M3, Stocks","Euro area (changing composition), Outstanding amounts at the end of the period (stocks), MFIs, central government and post office giro institutions reporting sector - Monetary aggregate M3, All currencies combined - Euro area (changing composition) counterpart, Non-MFIs excluding central government sector, denominated in Euro, data Working day and seasonally adjusted",EUR,6
BSI.M.U2.Y.V.M30.X.1.U2.2300.Z01.E,M,U2,Y,V,M30,X,1,U2,2300,Z01,E,2008-07,9107460,A,F,,,P1M,,E,,,,,,,,,2,,,"Monetary aggregate M3, Stocks","Euro area (changing composition), Outstanding amounts at the end of the period (stocks), MFIs, central government and post office giro institutions reporting sector - Monetary aggregate M3, All currencies combined - Euro area (changing composition) counterpart, Non-MFIs excluding central government sector, denominated in Euro, data Working day and seasonally adjusted",EUR,6
BSI.M.U2.Y.V.M30.X.1.U2.2300.Z01.E,M,U2,Y,V,M30,X,1,U2,2300,Z01,E,2008-08,9143592,A,F,,,P1M,,E,,,,,,,,,2,,,"Monetary aggregate M3, Stocks","Euro area (changing composition), Outstanding amounts at the end of the period (stocks), MFIs, central government and post office giro institutions reporting sector - Monetary aggregate M3, All currencies combined - Euro area (changing composition) counterpart, Non-MFIs excluding central government sector, denominated in Euro, data Working day and seasonally adjusted",EUR,6
BSI.M.U2.Y.V.M30.X.1.U2.2300.Z01.E,M,U2,Y,V,M30,X,1,U2,2300,Z01,E,2008-09,9224888,A,F,,,P1M,,E,,,,,,,,,2,,,"Monetary aggregate M3, Stocks","Euro area (changing composition), Outstanding amounts at the end of the period (stocks), MFIs, central government and post office giro institutions reporting sector - Monetary aggregate M3, All currencies combined - Euro area (changing composition) counterpart, Non-MFIs excluding central government sector, denominated in Euro, data Working day and seasonally adjusted",EUR,6
BSI.M.U2.Y.V.M30.X.1.U2.2300.Z01.E,M,U2,Y,V,M30,X,1,U2,2300,Z01,E,2008-10,9369285,A,F,,,P1M,,E,,,,,,,,,2,,,"Monetary aggregate M3, Stocks","Euro area (changing composition), Outstanding amounts at the end of the period (stocks), MFIs, central government and post office giro institutions reporting sector - Monetary aggregate M3, All currencies combined - Euro area (changing composition) counterpart, Non-MFIs excluding central government sector, denominated in Euro, data Working day and seasonally adjusted",EUR,6
BSI.M.U2.Y.V.M30.X.1.U2.2300.Z01.E,M,U2,Y,V,M30,X,1,U2,2300,Z01,E,2008-11,9387004,A,F,,,P1M,,E,,,,,,,,,2,,,"Monetary aggregate M3, Stocks","Euro area (changing composition), Outstanding amounts at the end of the period (stocks), MFIs, central government and post office giro institutions reporting sector - Monetary aggregate M3, All currencies combined - Euro area (changing composition) counterpart, Non-MFIs excluding central government sector, denominated in Euro, data Working day and seasonally adjusted",EUR,6
BSI.M.U2.Y.V.M30.X.1.U2.2300.Z01.E,M,U2,Y,V,M30,X,1,U2,2300,Z01,E,2008-12,9402372,A,F,,,P1M,,E,,,,,,,,,2,,,"Monetary aggregate M3, Stocks","Euro area (changing composition), Outstanding amounts at the end of the period (stocks), MFIs, central government and post office giro institutions reporting sector - Monetary aggregate M3, All currencies combined - Euro area (changing composition) counterpart, Non-MFIs excluding central government sector, denominated in Euro, data Working day and seasonally adjusted",EUR,6
BSI.M.U2.Y.V.M30.X.1.U2.2300.Z01.E,M,U2,Y,V,M30,X,1,U2,2300,Z01,E,2009-01,9402776,A,F,,,P1M,,E,,,,,,,,,2,,,"Monetary aggregate M3, Stocks","Euro area (changing composition), Outstanding amounts at the end of the period (stocks), MFIs, central government and post office giro institutions reporting sector - Monetary aggregate M3, All currencies combined - Euro area (changing composition) counterpart, Non-MFIs excluding central government sector, denominated in Euro, data Working day and seasonally adjusted",EUR,6
BSI.M.U2.Y.V.M30.X.1.U2.2300.Z01.E,M,U2,Y,V,M30,X,1,U2,2300,Z01,E,2009-02,9436867,A,F,,,P1M,,E,,,,,,,,,2,,,"Monetary aggregate M3, Stocks","Euro area (changing composition), Outstanding amounts at the end of the period (stocks), MFIs, central government and post office giro institutions reporting sector - Monetary aggregate M3, All currencies combined - Euro area (changing composition) counterpart, Non-MFIs excluding central government sector, denominated in Euro, data Working day and seasonally adjusted",EUR,6
BSI.M.U2.Y.V.M30.X.1.U2.2300.Z01.E,M,U2,Y,V,M30,X,1,U2,2300,Z01,E,2009-03,9403303,A,F,,,P1M,,E,,,,,,,,,2,,,"Monetary aggregate M3, Stocks","Euro area (changing composition), Outstanding amounts at the end of the period (stocks), MFIs, central government and post office giro institutions reporting sector - Monetary aggregate M3, All currencies combined - Euro area (changing composition) counterpart, Non-MFIs excluding central government sector, denominated in Euro, data Working day and seasonally adjusted",EUR,6
BSI.M.U2.Y.V.M30.X.1.U2.2300.Z01.E,M,U2,Y,V,M30,X,1,U2,2300,Z01,E,2009-04,9451115,A,F,,,P1M,,E,,,,,,,,,2,,,"Monetary aggregate M3, Stocks","Euro area (changing composition), Outstanding amounts at the end of the period (stocks), MFIs, central government and post office giro institutions reporting sector - Monetary aggregate M3, All currencies combined - Euro area (changing composition) counterpart, Non-MFIs excluding central government sector, denominated in Euro, data Working day and seasonally adjusted",EUR,6
BSI.M.U2.Y.V.M30.X.1.U2.2300.Z01.E,M,U2,Y,V,M30,X,1,U2,2300,Z01,E,2009-05,9421585,A,F,,,P1M,,E,,,,,,,,,2,,,"Monetary aggregate M3, Stocks","Euro area (changing composition), Outstanding amounts at the end of the period (stocks), MFIs, central government and post office giro institutions reporting sector - Monetary aggregate M3, All currencies combined - Euro area (changing composition) counterpart, Non-MFIs excluding central government sector, denominated in Euro, data Working day and seasonally adjusted",EUR,6
BSI.M.U2.Y.V.M30.X.1.U2.2300.Z01.E,M,U2,Y,V,M30,X,1,U2,2300,Z01,E,2009-06,9428787,A,F,,,P1M,,E,,,,,,,,,2,,,"Monetary aggregate M3, Stocks","Euro area (changing composition), Outstanding amounts at the end of the period (stocks), MFIs, central government and post office giro institutions reporting sector - Monetary aggregate M3, All currencies combined - Euro area (changing composition) counterpart, Non-MFIs excluding central government sector, denominated in Euro, data Working day and seasonally adjusted",EUR,6
BSI.M.U2.Y.V.M30.X.1.U2.2300.Z01.E,M,U2,Y,V,M30,X,1,U2,2300,Z01,E,2009-07,9433131,A,F,,,P1M,,E,,,,,,,,,2,,,"Monetary aggregate M3, Stocks","Euro area (changing composition), Outstanding amounts at the end of the period (stocks), MFIs, central government and post office giro institutions reporting sector - Monetary aggregate M3, All currencies combined - Euro area (changing composition) counterpart, Non-MFIs excluding central government sector, denominated in Euro, data Working day and seasonally adjusted",EUR,6
BSI.M.U2.Y.V.M30.X.1.U2.2300.Z01.E,M,U2,Y,V,M30,X,1,U2,2300,Z01,E,2009-08,9387590,A,F,,,P1M,,E,,,,,,,,,2,,,"Monetary aggregate M3, Stocks","Euro area (changing composition), Outstanding amounts at the end of the period (stocks), MFIs, central government and post office giro institutions reporting sector - Monetary aggregate M3, All currencies combined - Euro area (changing composition) counterpart, Non-MFIs excluding central government sector, denominated in Euro, data Working day and seasonally adjusted",EUR,6
BSI.M.U2.Y.V.M30.X.1.U2.2300.Z01.E,M,U2,Y,V,M30,X,1,U2,2300,Z01,E,2009-09,9414236,A,F,,,P1M,,E,,,,,,,,,2,,,"Monetary aggregate M3, Stocks","Euro area (changing composition), Outstanding amounts at the end of the period (stocks), MFIs, central government and post office giro institutions reporting sector - Monetary aggregate M3, All currencies combined - Euro area (changing composition) counterpart, Non-MFIs excluding central government sector, denominated in Euro, data Working day and seasonally adjusted",EUR,6
BSI.M.U2.Y.V.M30.X.1.U2.2300.Z01.E,M,U2,Y,V,M30,X,1,U2,2300,Z01,E,2009-10,9383509,A,F,,,P1M,,E,,,,,,,,,2,,,"Monetary aggregate M3, Stocks","Euro area (changing composition), Outstanding amounts at the end of the period (stocks), MFIs, central government and post office giro institutions reporting sector - Monetary aggregate M3, All currencies combined - Euro area (changing composition) counterpart, Non-MFIs excluding central government sector, denominated in Euro, data Working day and seasonally adjusted",EUR,6
BSI.M.U2.Y.V.M30.X.1.U2.2300.Z01.E,M,U2,Y,V,M30,X,1,U2,2300,Z01,E,2009-11,9354834,A,F,,,P1M,,E,,,,,,,,,2,,,"Monetary aggregate M3, Stocks","Euro area (changing composition), Outstanding amounts at the end of the period (stocks), MFIs, central government and post office giro institutions reporting sector - Monetary aggregate M3, All currencies combined - Euro area (changing composition) counterpart, Non-MFIs excluding central government sector, denominated in Euro, data Working day and seasonally adjusted",EUR,6
BSI.M.U2.Y.V.M30.X.1.U2.2300.Z01.E,M,U2,Y,V,M30,X,1,U2,2300,Z01,E,2009-12,9349315,A,F,,,P1M,,E,,,,,,,,,2,,,"Monetary aggregate M3, Stocks","Euro area (changing composition), Outstanding amounts at the end of the period (stocks), MFIs, central government and post office giro institutions reporting sector - Monetary aggregate M3, All currencies combined - Euro area (changing composition) counterpart, Non-MFIs excluding central government sector, denominated in Euro, data Working day and seasonally adjusted",EUR,6
BSI.M.U2.Y.V.M30.X.1.U2.2300.Z01.E,M,U2,Y,V,M30,X,1,U2,2300,Z01,E,2010-01,9324051,A,F,,,P1M,,E,,,,,,,,,2,,,"Monetary aggregate M3, Stocks","Euro area (changing composition), Outstanding amounts at the end of the period (stocks), MFIs, central government and post office giro institutions reporting sector - Monetary aggregate M3, All currencies combined - Euro area (changing composition) counterpart, Non-MFIs excluding central government sector, denominated in Euro, data Working day and seasonally adjusted",EUR,6
BSI.M.U2.Y.V.M30.X.1.U2.2300.Z01.E,M,U2,Y,V,M30,X,1,U2,2300,Z01,E,2010-02,9323604,A,F,,,P1M,,E,,,,,,,,,2,,,"Monetary aggregate M3, Stocks","Euro area (changing composition), Outstanding amounts at the end of the period (stocks), MFIs, central government and post office giro institutions reporting sector - Monetary aggregate M3, All currencies combined - Euro area (changing composition) counterpart, Non-MFIs excluding central government sector, denominated in Euro, data Working day and seasonally adjusted",EUR,6
BSI.M.U2.Y.V.M30.X.1.U2.2300.Z01.E,M,U2,Y,V,M30,X,1,U2,2300,Z01,E,2010-03,9332304,A,F,,,P1M,,E,,,,,,,,,2,,,"Monetary aggregate M3, Stocks","Euro area (changing composition), Outstanding amounts at the end of the period (stocks), MFIs, central government and post office giro institutions reporting sector - Monetary aggregate M3, All currencies combined - Euro area (changing composition) counterpart, Non-MFIs excluding central government sector, denominated in Euro, data Working day and seasonally adjusted",EUR,6
BSI.M.U2.Y.V.M30.X.1.U2.2300.Z01.E,M,U2,Y,V,M30,X,1,U2,2300,Z01,E,2010-04,9377955,A,F,,,P1M,,E,,,,,,,,,2,,,"Monetary aggregate M3, Stocks","Euro area (changing composition), Outstanding amounts at the end of the period (stocks), MFIs, central government and post office giro institutions reporting sector - Monetary aggregate M3, All currencies combined - Euro area (changing composition) counterpart, Non-MFIs excluding central government sector, denominated in Euro, data Working day and seasonally adjusted",EUR,6
BSI.M.U2.Y.V.M30.X.1.U2.2300.Z01.E,M,U2,Y,V,M30,X,1,U2,2300,Z01,E,2010-05,9388633,A,F,,,P1M,,E,,,,,,,,,2,,,"Monetary aggregate M3, Stocks","Euro area (changing composition), Outstanding amounts at the end of the period (stocks), MFIs, central government and post office giro institutions reporting sector - Monetary aggregate M3, All currencies combined - Euro area (changing composition) counterpart, Non-MFIs excluding central government sector, denominated in Euro, data Working day and seasonally adjusted",EUR,6
BSI.M.U2.Y.V.M30.X.1.U2.2300.Z01.E,M,U2,Y,V,M30,X,1,U2,2300,Z01,E,2010-06,9240895,A,F,,,P1M,,E,,,,,,,,,2,,,"Monetary aggregate M3, Stocks","Euro area (changing composition), Outstanding amounts at the end of the period (stocks), MFIs, central government and post office giro institutions reporting sector - Monetary aggregate M3, All currencies combined - Euro area (changing composition) counterpart, Non-MFIs excluding central government sector, denominated in Euro, data Working day and seasonally adjusted",EUR,6
BSI.M.U2.Y.V.M30.X.1.U2.2300.Z01.E,M,U2,Y,V,M30,X,1,U2,2300,Z01,E,2010-07,9234411,A,F,,,P1M,,E,,,,,,,,,2,,,"Monetary aggregate M3, Stocks","Euro area (changing composition), Outstanding amounts at the end of the period (stocks), MFIs, central government and post office giro institutions reporting sector - Monetary aggregate M3, All currencies combined - Euro area (changing composition) counterpart, Non-MFIs excluding central government sector, denominated in Euro, data Working day and seasonally adjusted",EUR,6
BSI.M.U2.Y.V.M30.X.1.U2.2300.Z01.E,M,U2,Y,V,M30,X,1,U2,2300,Z01,E,2010-08,9264711,A,F,,,P1M,,E,,,,,,,,,2,,,"Monetary aggregate M3, Stocks","Euro area (changing composition), Outstanding amounts at the end of the period (stocks), MFIs, central government and post office giro institutions reporting sector - Monetary aggregate M3, All currencies combined - Euro area (changing composition) counterpart, Non-MFIs excluding central government sector, denominated in Euro, data Working day and seasonally adjusted",EUR,6
BSI.M.U2.Y.V.M30.X.1.U2.2300.Z01.E,M,U2,Y,V,M30,X,1,U2,2300,Z01,E,2010-09,9272702,A,F,,,P1M,,E,,,,,,,,,2,,,"Monetary aggregate M3, Stocks","Euro area (changing composition), Outstanding amounts at the end of the period (stocks), MFIs, central government and post office giro institutions reporting sector - Monetary aggregate M3, All currencies combined - Euro area (changing composition) counterpart, Non-MFIs excluding central government sector, denominated in Euro, data Working day and seasonally adjusted",EUR,6
BSI.M.U2.Y.V.M30.X.1.U2.2300.Z01.E,M,U2,Y,V,M30,X,1,U2,2300,Z01,E,2010-10,9268660,A,F,,,P1M,,E,,,,,,,,,2,,,"Monetary aggregate M3, Stocks","Euro area (changing composition), Outstanding amounts at the end of the period (stocks), MFIs, central government and post office giro institutions reporting sector - Monetary aggregate M3, All currencies combined - Euro area (changing composition) counterpart, Non-MFIs excluding central government sector, denominated in Euro, data Working day and seasonally adjusted",EUR,6
BSI.M.U2.Y.V.M30.X.1.U2.2300.Z01.E,M,U2,Y,V,M30,X,1,U2,2300,Z01,E,2010-11,9287184,A,F,,,P1M,,E,,,,,,,,,2,,,"Monetary aggregate M3, Stocks","Euro area (changing composition), Outstanding amounts at the end of the period (stocks), MFIs, central government and post office giro institutions reporting sector - Monetary aggregate M3, All currencies combined - Euro area (changing composition) counterpart, Non-MFIs excluding central government sector, denominated in Euro, data Working day and seasonally adjusted",EUR,6
BSI.M.U2.Y.V.M30.X.1.U2.2300.Z01.E,M,U2,Y,V,M30,X,1,U2,2300,Z01,E,2010-12,9298808,A,F,,,P1M,,E,,,,,,,,,2,,,"Monetary aggregate M3, Stocks","Euro area (changing composition), Outstanding amounts at the end of the period (stocks), MFIs, central government and post office giro institutions reporting sector - Monetary aggregate M3, All currencies combined - Euro area (changing composition) counterpart, Non-MFIs excluding central government sector, denominated in Euro, data Working day and seasonally adjusted",EUR,6
BSI.M.U2.Y.V.M30.X.1.U2.2300.Z01.E,M,U2,Y,V,M30,X,1,U2,2300,Z01,E,2011-01,9318798,A,F,,,P1M,,E,,,,,,,,,2,,,"Monetary aggregate M3, Stocks","Euro area (changing composition), Outstanding amounts at the end of the period (stocks), MFIs, central government and post office giro institutions reporting sector - Monetary aggregate M3, All currencies combined - Euro area (changing composition) counterpart, Non-MFIs excluding central government sector, denominated in Euro, data Working day and seasonally adjusted",EUR,6
BSI.M.U2.Y.V.M30.X.1.U2.2300.Z01.E,M,U2,Y,V,M30,X,1,U2,2300,Z01,E,2011-02,9327053,A,F,,,P1M,,E,,,,,,,,,2,,,"Monetary aggregate M3, Stocks","Euro area (changing composition), Outstanding amounts at the end of the period (stocks), MFIs, central government and post office giro institutions reporting sector - Monetary aggregate M3, All currencies combined - Euro area (changing composition) counterpart, Non-MFIs excluding central government sector, denominated in Euro, data Working day and seasonally adjusted",EUR,6
BSI.M.U2.Y.V.M30.X.1.U2.2300.Z01.E,M,U2,Y,V,M30,X,1,U2,2300,Z01,E,2011-03,9345311,A,F,,,P1M,,E,,,,,,,,,2,,,"Monetary aggregate M3, Stocks","Euro area (changing composition), Outstanding amounts at the end of the period (stocks), MFIs, central government and post office giro institutions reporting sector - Monetary aggregate M3, All currencies combined - Euro area (changing composition) counterpart, Non-MFIs excluding central government sector, denominated in Euro, data Working day and seasonally adjusted",EUR,6
BSI.M.U2.Y.V.M30.X.1.U2.2300.Z01.E,M,U2,Y,V,M30,X,1,U2,2300,Z01,E,2011-04,9350480,A,F,,,P1M,,E,,,,,,,,,2,,,"Monetary aggregate M3, Stocks","Euro area (changing composition), Outstanding amounts at the end of the period (stocks), MFIs, central government and post office giro institutions reporting sector - Monetary aggregate M3, All currencies combined - Euro area (changing composition) counterpart, Non-MFIs excluding central government sector, denominated in Euro, data Working day and seasonally adjusted",EUR,6
BSI.M.U2.Y.V.M30.X.1.U2.2300.Z01.E,M,U2,Y,V,M30,X,1,U2,2300,Z01,E,2011-05,9369117,A,F,,,P1M,,E,,,,,,,,,2,,,"Monetary aggregate M3, Stocks","Euro area (changing composition), Outstanding amounts at the end of the period (stocks), MFIs, central government and post office giro institutions reporting sector - Monetary aggregate M3, All currencies combined - Euro area (changing composition) counterpart, Non-MFIs excluding central government sector, denominated in Euro, data Working day and seasonally adjusted",EUR,6
BSI.M.U2.Y.V.M30.X.1.U2.2300.Z01.E,M,U2,Y,V,M30,X,1,U2,2300,Z01,E,2011-06,9386874,A,F,,,P1M,,E,,,,,,,,,2,,,"Monetary aggregate M3, Stocks","Euro area (changing composition), Outstanding amounts at the end of the period (stocks), MFIs, central government and post office giro institutions reporting sector - Monetary aggregate M3, All currencies combined - Euro area (changing composition) counterpart, Non-MFIs excluding central government sector, denominated in Euro, data Working day and seasonally adjusted",EUR,6
BSI.M.U2.Y.V.M30.X.1.U2.2300.Z01.E,M,U2,Y,V,M30,X,1,U2,2300,Z01,E,2011-07,9390737,A,F,,,P1M,,E,,,,,,,,,2,,,"Monetary aggregate M3, Stocks","Euro area (changing composition), Outstanding amounts at the end of the period (stocks), MFIs, central government and post office giro institutions reporting sector - Monetary aggregate M3, All currencies combined - Euro area (changing composition) counterpart, Non-MFIs excluding central government sector, denominated in Euro, data Working day and seasonally adjusted",EUR,6
BSI.M.U2.Y.V.M30.X.1.U2.2300.Z01.E,M,U2,Y,V,M30,X,1,U2,2300,Z01,E,2011-08,9461608,A,F,,,P1M,,E,,,,,,,,,2,,,"Monetary aggregate M3, Stocks","Euro area (changing composition), Outstanding amounts at the end of the period (stocks), MFIs, central government and post office giro institutions reporting sector - Monetary aggregate M3, All currencies combined - Euro area (changing composition) counterpart, Non-MFIs excluding central government sector, denominated in Euro, data Working day and seasonally adjusted",EUR,6
BSI.M.U2.Y.V.M30.X.1.U2.2300.Z01.E,M,U2,Y,V,M30,X,1,U2,2300,Z01,E,2011-09,9494473,A,F,,,P1M,,E,,,,,,,,,2,,,"Monetary aggregate M3, Stocks","Euro area (changing composition), Outstanding amounts at the end of the period (stocks), MFIs, central government and post office giro institutions reporting sector - Monetary aggregate M3, All currencies combined - Euro area (changing composition) counterpart, Non-MFIs excluding central government sector, denominated in Euro, data Working day and seasonally adjusted",EUR,6
BSI.M.U2.Y.V.M30.X.1.U2.2300.Z01.E,M,U2,Y,V,M30,X,1,U2,2300,Z01,E,2011-10,9454437,A,F,,,P1M,,E,,,,,,,,,2,,,"Monetary aggregate M3, Stocks","Euro area (changing composition), Outstanding amounts at the end of the period (stocks), MFIs, central government and post office giro institutions reporting sector - Monetary aggregate M3, All currencies combined - Euro area (changing composition) counterpart, Non-MFIs excluding central government sector, denominated in Euro, data Working day and seasonally adjusted",EUR,6
BSI.M.U2.Y.V.M30.X.1.U2.2300.Z01.E,M,U2,Y,V,M30,X,1,U2,2300,Z01,E,2011-11,9471859,A,F,,,P1M,,E,,,,,,,,,2,,,"Monetary aggregate M3, Stocks","Euro area (changing composition), Outstanding amounts at the end of the period (stocks), MFIs, central government and post office giro institutions reporting sector - Monetary aggregate M3, All currencies combined - Euro area (changing composition) counterpart, Non-MFIs excluding central government sector, denominated in Euro, data Working day and seasonally adjusted",EUR,6
BSI.M.U2.Y.V.M30.X.1.U2.2300.Z01.E,M,U2,Y,V,M30,X,1,U2,2300,Z01,E,2011-12,9498551,A,F,,,P1M,,E,,,,,,,,,2,,,"Monetary aggregate M3, Stocks","Euro area (changing composition), Outstanding amounts at the end of the period (stocks), MFIs, central government and post office giro institutions reporting sector - Monetary aggregate M3, All currencies combined - Euro area (changing composition) counterpart, Non-MFIs excluding central government sector, denominated in Euro, data Working day and seasonally adjusted",EUR,6
BSI.M.U2.Y.V.M30.X.1.U2.2300.Z01.E,M,U2,Y,V,M30,X,1,U2,2300,Z01,E,2012-01,9508245,A,F,,,P1M,,E,,,,,,,,,2,,,"Monetary aggregate M3, Stocks","Euro area (changing composition), Outstanding amounts at the end of the period (stocks), MFIs, central government and post office giro institutions reporting sector - Monetary aggregate M3, All currencies combined - Euro area (changing composition) counterpart, Non-MFIs excluding central government sector, denominated in Euro, data Working day and seasonally adjusted",EUR,6
BSI.M.U2.Y.V.M30.X.1.U2.2300.Z01.E,M,U2,Y,V,M30,X,1,U2,2300,Z01,E,2012-02,9535017,A,F,,,P1M,,E,,,,,,,,,2,,,"Monetary aggregate M3, Stocks","Euro area (changing composition), Outstanding amounts at the end of the period (stocks), MFIs, central government and post office giro institutions reporting sector - Monetary aggregate M3, All currencies combined - Euro area (changing composition) counterpart, Non-MFIs excluding central government sector, denominated in Euro, data Working day and seasonally adjusted",EUR,6
BSI.M.U2.Y.V.M30.X.1.U2.2300.Z01.E,M,U2,Y,V,M30,X,1,U2,2300,Z01,E,2012-03,9610720,A,F,,,P1M,,E,,,,,,,,,2,,,"Monetary aggregate M3, Stocks","Euro area (changing composition), Outstanding amounts at the end of the period (stocks), MFIs, central government and post office giro institutions reporting sector - Monetary aggregate M3, All currencies combined - Euro area (changing composition) counterpart, Non-MFIs excluding central government sector, denominated in Euro, data Working day and seasonally adjusted",EUR,6
BSI.M.U2.Y.V.M30.X.1.U2.2300.Z01.E,M,U2,Y,V,M30,X,1,U2,2300,Z01,E,2012-04,9575598,A,F,,,P1M,,E,,,,,,,,,2,,,"Monetary aggregate M3, Stocks","Euro area (changing composition), Outstanding amounts at the end of the period (stocks), MFIs, central government and post office giro institutions reporting sector - Monetary aggregate M3, All currencies combined - Euro area (changing composition) counterpart, Non-MFIs excluding central government sector, denominated in Euro, data Working day and seasonally adjusted",EUR,6
BSI.M.U2.Y.V.M30.X.1.U2.2300.Z01.E,M,U2,Y,V,M30,X,1,U2,2300,Z01,E,2012-05,9627462,A,F,,,P1M,,E,,,,,,,,,2,,,"Monetary aggregate M3, Stocks","Euro area (changing composition), Outstanding amounts at the end of the period (stocks), MFIs, central government and post office giro institutions reporting sector - Monetary aggregate M3, All currencies combined - Euro area (changing composition) counterpart, Non-MFIs excluding central government sector, denominated in Euro, data Working day and seasonally adjusted",EUR,6
BSI.M.U2.Y.V.M30.X.1.U2.2300.Z01.E,M,U2,Y,V,M30,X,1,U2,2300,Z01,E,2012-06,9658453,A,F,,,P1M,,E,,,,,,,,,2,,,"Monetary aggregate M3, Stocks","Euro area (changing composition), Outstanding amounts at the end of the period (stocks), MFIs, central government and post office giro institutions reporting sector - Monetary aggregate M3, All currencies combined - Euro area (changing composition) counterpart, Non-MFIs excluding central government sector, denominated in Euro, data Working day and seasonally adjusted",EUR,6
BSI.M.U2.Y.V.M30.X.1.U2.2300.Z01.E,M,U2,Y,V,M30,X,1,U2,2300,Z01,E,2012-07,9705253,A,F,,,P1M,,E,,,,,,,,,2,,,"Monetary aggregate M3, Stocks","Euro area (changing composition), Outstanding amounts at the end of the period (stocks), MFIs, central government and post office giro institutions reporting sector - Monetary aggregate M3, All currencies combined - Euro area (changing composition) counterpart, Non-MFIs excluding central government sector, denominated in Euro, data Working day and seasonally adjusted",EUR,6
BSI.M.U2.Y.V.M30.X.1.U2.2300.Z01.E,M,U2,Y,V,M30,X,1,U2,2300,Z01,E,2012-08,9697121,A,F,,,P1M,,E,,,,,,,,,2,,,"Monetary aggregate M3, Stocks","Euro area (changing composition), Outstanding amounts at the end of the period (stocks), MFIs, central government and post office giro institutions reporting sector - Monetary aggregate M3, All currencies combined - Euro area (changing composition) counterpart, Non-MFIs excluding central government sector, denominated in Euro, data Working day and seasonally adjusted",EUR,6
BSI.M.U2.Y.V.M30.X.1.U2.2300.Z01.E,M,U2,Y,V,M30,X,1,U2,2300,Z01,E,2012-09,9713753,A,F,,,P1M,,E,,,,,,,,,2,,,"Monetary aggregate M3, Stocks","Euro area (changing composition), Outstanding amounts at the end of the period (stocks), MFIs, central government and post office giro institutions reporting sector - Monetary aggregate M3, All currencies combined - Euro area (changing composition) counterpart, Non-MFIs excluding central government sector, denominated in Euro, data Working day and seasonally adjusted",EUR,6
BSI.M.U2.Y.V.M30.X.1.U2.2300.Z01.E,M,U2,Y,V,M30,X,1,U2,2300,Z01,E,2012-10,9774469,A,F,,,P1M,,E,,,,,,,,,2,,,"Monetary aggregate M3, Stocks","Euro area (changing composition), Outstanding amounts at the end of the period (stocks), MFIs, central government and post office giro institutions reporting sector - Monetary aggregate M3, All currencies combined - Euro area (changing composition) counterpart, Non-MFIs excluding central government sector, denominated in Euro, data Working day and seasonally adjusted",EUR,6
BSI.M.U2.Y.V.M30.X.1.U2.2300.Z01.E,M,U2,Y,V,M30,X,1,U2,2300,Z01,E,2012-11,9777752,A,F,,,P1M,,E,,,,,,,,,2,,,"Monetary aggregate M3, Stocks","Euro area (changing composition), Outstanding amounts at the end of the period (stocks), MFIs, central government and post office giro institutions reporting sector - Monetary aggregate M3, All currencies combined - Euro area (changing composition) counterpart, Non-MFIs excluding central government sector, denominated in Euro, data Working day and seasonally adjusted",EUR,6
BSI.M.U2.Y.V.M30.X.1.U2.2300.Z01.E,M,U2,Y,V,M30,X,1,U2,2300,Z01,E,2012-12,9785187,A,F,,,P1M,,E,,,,,,,,,2,,,"Monetary aggregate M3, Stocks","Euro area (changing composition), Outstanding amounts at the end of the period (stocks), MFIs, central government and post office giro institutions reporting sector - Monetary aggregate M3, All currencies combined - Euro area (changing composition) counterpart, Non-MFIs excluding central government sector, denominated in Euro, data Working day and seasonally adjusted",EUR,6
BSI.M.U2.Y.V.M30.X.1.U2.2300.Z01.E,M,U2,Y,V,M30,X,1,U2,2300,Z01,E,2013-01,9767605,A,F,,,P1M,,E,,,,,,,,,2,,,"Monetary aggregate M3, Stocks","Euro area (changing composition), Outstanding amounts at the end of the period (stocks), MFIs, central government and post office giro institutions reporting sector - Monetary aggregate M3, All currencies combined - Euro area (changing composition) counterpart, Non-MFIs excluding central government sector, denominated in Euro, data Working day and seasonally adjusted",EUR,6
BSI.M.U2.Y.V.M30.X.1.U2.2300.Z01.E,M,U2,Y,V,M30,X,1,U2,2300,Z01,E,2013-02,9784933,A,F,,,P1M,,E,,,,,,,,,2,,,"Monetary aggregate M3, Stocks","Euro area (changing composition), Outstanding amounts at the end of the period (stocks), MFIs, central government and post office giro institutions reporting sector - Monetary aggregate M3, All currencies combined - Euro area (changing composition) counterpart, Non-MFIs excluding central government sector, denominated in Euro, data Working day and seasonally adjusted",EUR,6
BSI.M.U2.Y.V.M30.X.1.U2.2300.Z01.E,M,U2,Y,V,M30,X,1,U2,2300,Z01,E,2013-03,9803199,A,F,,,P1M,,E,,,,,,,,,2,,,"Monetary aggregate M3, Stocks","Euro area (changing composition), Outstanding amounts at the end of the period (stocks), MFIs, central government and post office giro institutions reporting sector - Monetary aggregate M3, All currencies combined - Euro area (changing composition) counterpart, Non-MFIs excluding central government sector, denominated in Euro, data Working day and seasonally adjusted",EUR,6
BSI.M.U2.Y.V.M30.X.1.U2.2300.Z01.E,M,U2,Y,V,M30,X,1,U2,2300,Z01,E,2013-04,9822063,A,F,,,P1M,,E,,,,,,,,,2,,,"Monetary aggregate M3, Stocks","Euro area (changing composition), Outstanding amounts at the end of the period (stocks), MFIs, central government and post office giro institutions reporting sector - Monetary aggregate M3, All currencies combined - Euro area (changing composition) counterpart, Non-MFIs excluding central government sector, denominated in Euro, data Working day and seasonally adjusted",EUR,6
BSI.M.U2.Y.V.M30.X.1.U2.2300.Z01.E,M,U2,Y,V,M30,X,1,U2,2300,Z01,E,2013-05,9837477,A,F,,,P1M,,E,,,,,,,,,2,,,"Monetary aggregate M3, Stocks","Euro area (changing composition), Outstanding amounts at the end of the period (stocks), MFIs, central government and post office giro institutions reporting sector - Monetary aggregate M3, All currencies combined - Euro area (changing composition) counterpart, Non-MFIs excluding central government sector, denominated in Euro, data Working day and seasonally adjusted",EUR,6
BSI.M.U2.Y.V.M30.X.1.U2.2300.Z01.E,M,U2,Y,V,M30,X,1,U2,2300,Z01,E,2013-06,9818212,A,F,,,P1M,,E,,,,,,,,,2,,,"Monetary aggregate M3, Stocks","Euro area (changing composition), Outstanding amounts at the end of the period (stocks), MFIs, central government and post office giro institutions reporting sector - Monetary aggregate M3, All currencies combined - Euro area (changing composition) counterpart, Non-MFIs excluding central government sector, denominated in Euro, data Working day and seasonally adjusted",EUR,6
BSI.M.U2.Y.V.M30.X.1.U2.2300.Z01.E,M,U2,Y,V,M30,X,1,U2,2300,Z01,E,2013-07,9832329,A,F,,,P1M,,E,,,,,,,,,2,,,"Monetary aggregate M3, Stocks","Euro area (changing composition), Outstanding amounts at the end of the period (stocks), MFIs, central government and post office giro institutions reporting sector - Monetary aggregate M3, All currencies combined - Euro area (changing composition) counterpart, Non-MFIs excluding central government sector, denominated in Euro, data Working day and seasonally adjusted",EUR,6
BSI.M.U2.Y.V.M30.X.1.U2.2300.Z01.E,M,U2,Y,V,M30,X,1,U2,2300,Z01,E,2013-08,9874715,A,F,,,P1M,,E,,,,,,,,,2,,,"Monetary aggregate M3, Stocks","Euro area (changing composition), Outstanding amounts at the end of the period (stocks), MFIs, central government and post office giro institutions reporting sector - Monetary aggregate M3, All currencies combined - Euro area (changing composition) counterpart, Non-MFIs excluding central government sector, denominated in Euro, data Working day and seasonally adjusted",EUR,6
BSI.M.U2.Y.V.M30.X.1.U2.2300.Z01.E,M,U2,Y,V,M30,X,1,U2,2300,Z01,E,2013-09,9868977,A,F,,,P1M,,E,,,,,,,,,2,,,"Monetary aggregate M3, Stocks","Euro area (changing composition), Outstanding amounts at the end of the period (stocks), MFIs, central government and post office giro institutions reporting sector - Monetary aggregate M3, All currencies combined - Euro area (changing composition) counterpart, Non-MFIs excluding central government sector, denominated in Euro, data Working day and seasonally adjusted",EUR,6
BSI.M.U2.Y.V.M30.X.1.U2.2300.Z01.E,M,U2,Y,V,M30,X,1,U2,2300,Z01,E,2013-10,9877942,A,F,,,P1M,,E,,,,,,,,,2,,,"Monetary aggregate M3, Stocks","Euro area (changing composition), Outstanding amounts at the end of the period (stocks), MFIs, central government and post office giro institutions reporting sector - Monetary aggregate M3, All currencies combined - Euro area (changing composition) counterpart, Non-MFIs excluding central government sector, denominated in Euro, data Working day and seasonally adjusted",EUR,6
BSI.M.U2.Y.V.M30.X.1.U2.2300.Z01.E,M,U2,Y,V,M30,X,1,U2,2300,Z01,E,2013-11,9885297,A,F,,,P1M,,E,,,,,,,,,2,,,"Monetary aggregate M3, Stocks","Euro area (changing composition), Outstanding amounts at the end of the period (stocks), MFIs, central government and post office giro institutions reporting sector - Monetary aggregate M3, All currencies combined - Euro area (changing composition) counterpart, Non-MFIs excluding central government sector, denominated in Euro, data Working day and seasonally adjusted",EUR,6
BSI.M.U2.Y.V.M30.X.1.U2.2300.Z01.E,M,U2,Y,V,M30,X,1,U2,2300,Z01,E,2013-12,9832650,A,F,,,P1M,,E,,,,,,,,,2,,,"Monetary aggregate M3, Stocks","Euro area (changing composition), Outstanding amounts at the end of the period (stocks), MFIs, central government and post office giro institutions reporting sector - Monetary aggregate M3, All currencies combined - Euro area (changing composition) counterpart, Non-MFIs excluding central government sector, denominated in Euro, data Working day and seasonally adjusted",EUR,6
BSI.M.U2.Y.V.M30.X.1.U2.2300.Z01.E,M,U2,Y,V,M30,X,1,U2,2300,Z01,E,2014-01,9874481,A,F,,,P1M,,E,,,,,,,,,2,,,"Monetary aggregate M3, Stocks","Euro area (changing composition), Outstanding amounts at the end of the period (stocks), MFIs, central government and post office giro institutions reporting sector - Monetary aggregate M3, All currencies combined - Euro area (changing composition) counterpart, Non-MFIs excluding central government sector, denominated in Euro, data Working day and seasonally adjusted",EUR,6
BSI.M.U2.Y.V.M30.X.1.U2.2300.Z01.E,M,U2,Y,V,M30,X,1,U2,2300,Z01,E,2014-02,9896754,A,F,,,P1M,,E,,,,,,,,,2,,,"Monetary aggregate M3, Stocks","Euro area (changing composition), Outstanding amounts at the end of the period (stocks), MFIs, central government and post office giro institutions reporting sector - Monetary aggregate M3, All currencies combined - Euro area (changing composition) counterpart, Non-MFIs excluding central government sector, denominated in Euro, data Working day and seasonally adjusted",EUR,6
BSI.M.U2.Y.V.M30.X.1.U2.2300.Z01.E,M,U2,Y,V,M30,X,1,U2,2300,Z01,E,2014-03,9891849,A,F,,,P1M,,E,,,,,,,,,2,,,"Monetary aggregate M3, Stocks","Euro area (changing composition), Outstanding amounts at the end of the period (stocks), MFIs, central government and post office giro institutions reporting sector - Monetary aggregate M3, All currencies combined - Euro area (changing composition) counterpart, Non-MFIs excluding central government sector, denominated in Euro, data Working day and seasonally adjusted",EUR,6
BSI.M.U2.Y.V.M30.X.1.U2.2300.Z01.E,M,U2,Y,V,M30,X,1,U2,2300,Z01,E,2014-04,9879815,A,F,,,P1M,,E,,,,,,,,,2,,,"Monetary aggregate M3, Stocks","Euro area (changing composition), Outstanding amounts at the end of the period (stocks), MFIs, central government and post office giro institutions reporting sector - Monetary aggregate M3, All currencies combined - Euro area (changing composition) counterpart, Non-MFIs excluding central government sector, denominated in Euro, data Working day and seasonally adjusted",EUR,6
BSI.M.U2.Y.V.M30.X.1.U2.2300.Z01.E,M,U2,Y,V,M30,X,1,U2,2300,Z01,E,2014-05,9941588,A,F,,,P1M,,E,,,,,,,,,2,,,"Monetary aggregate M3, Stocks","Euro area (changing composition), Outstanding amounts at the end of the period (stocks), MFIs, central government and post office giro institutions reporting sector - Monetary aggregate M3, All currencies combined - Euro area (changing composition) counterpart, Non-MFIs excluding central government sector, denominated in Euro, data Working day and seasonally adjusted",EUR,6
BSI.M.U2.Y.V.M30.X.1.U2.2300.Z01.E,M,U2,Y,V,M30,X,1,U2,2300,Z01,E,2014-06,9973532,A,F,,,P1M,,E,,,,,,,,,2,,,"Monetary aggregate M3, Stocks","Euro area (changing composition), Outstanding amounts at the end of the period (stocks), MFIs, central government and post office giro institutions reporting sector - Monetary aggregate M3, All currencies combined - Euro area (changing composition) counterpart, Non-MFIs excluding central government sector, denominated in Euro, data Working day and seasonally adjusted",EUR,6
BSI.M.U2.Y.V.M30.X.1.U2.2300.Z01.E,M,U2,Y,V,M30,X,1,U2,2300,Z01,E,2014-07,10007330,A,F,,,P1M,,E,,,,,,,,,2,,,"Monetary aggregate M3, Stocks","Euro area (changing composition), Outstanding amounts at the end of the period (stocks), MFIs, central government and post office giro institutions reporting sector - Monetary aggregate M3, All currencies combined - Euro area (changing composition) counterpart, Non-MFIs excluding central government sector, denominated in Euro, data Working day and seasonally adjusted",EUR,6
BSI.M.U2.Y.V.M30.X.1.U2.2300.Z01.E,M,U2,Y,V,M30,X,1,U2,2300,Z01,E,2014-08,10049824,A,F,,,P1M,,E,,,,,,,,,2,,,"Monetary aggregate M3, Stocks","Euro area (changing composition), Outstanding amounts at the end of the period (stocks), MFIs, central government and post office giro institutions reporting sector - Monetary aggregate M3, All currencies combined - Euro area (changing composition) counterpart, Non-MFIs excluding central government sector, denominated in Euro, data Working day and seasonally adjusted",EUR,6
BSI.M.U2.Y.V.M30.X.1.U2.2300.Z01.E,M,U2,Y,V,M30,X,1,U2,2300,Z01,E,2014-09,10098645,A,F,,,P1M,,E,,,,,,,,,2,,,"Monetary aggregate M3, Stocks","Euro area (changing composition), Outstanding amounts at the end of the period (stocks), MFIs, central government and post office giro institutions reporting sector - Monetary aggregate M3, All currencies combined - Euro area (changing composition) counterpart, Non-MFIs excluding central government sector, denominated in Euro, data Working day and seasonally adjusted",EUR,6
BSI.M.U2.Y.V.M30.X.1.U2.2300.Z01.E,M,U2,Y,V,M30,X,1,U2,2300,Z01,E,2014-10,10125070,A,F,,,P1M,,E,,,,,,,,,2,,,"Monetary aggregate M3, Stocks","Euro area (changing composition), Outstanding amounts at the end of the period (stocks), MFIs, central government and post office giro institutions reporting sector - Monetary aggregate M3, All currencies combined - Euro area (changing composition) counterpart, Non-MFIs excluding central government sector, denominated in Euro, data Working day and seasonally adjusted",EUR,6
BSI.M.U2.Y.V.M30.X.1.U2.2300.Z01.E,M,U2,Y,V,M30,X,1,U2,2300,Z01,E,2014-11,10184921,A,F,,,P1M,,E,,,,,,,,,2,,,"Monetary aggregate M3, Stocks","Euro area (changing composition), Outstanding amounts at the end of the period (stocks), MFIs, central government and post office giro institutions reporting sector - Monetary aggregate M3, All currencies combined - Euro area (changing composition) counterpart, Non-MFIs excluding central government sector, denominated in Euro, data Working day and seasonally adjusted",EUR,6
BSI.M.U2.Y.V.M30.X.1.U2.2300.Z01.E,M,U2,Y,V,M30,X,1,U2,2300,Z01,E,2014-12,10326597,A,F,,,P1M,,E,,,,,,,,,2,,,"Monetary aggregate M3, Stocks","Euro area (changing composition), Outstanding amounts at the end of the period (stocks), MFIs, central government and post office giro institutions reporting sector - Monetary aggregate M3, All currencies combined - Euro area (changing composition) counterpart, Non-MFIs excluding central government sector, denominated in Euro, data Working day and seasonally adjusted",EUR,6
BSI.M.U2.Y.V.M30.X.1.U2.2300.Z01.E,M,U2,Y,V,M30,X,1,U2,2300,Z01,E,2015-01,10405448,A,F,,,P1M,,E,,,,,,,,,2,,,"Monetary aggregate M3, Stocks","Euro area (changing composition), Outstanding amounts at the end of the period (stocks), MFIs, central government and post office giro institutions reporting sector - Monetary aggregate M3, All currencies combined - Euro area (changing composition) counterpart, Non-MFIs excluding central government sector, denominated in Euro, data Working day and seasonally adjusted",EUR,6
BSI.M.U2.Y.V.M30.X.1.U2.2300.Z01.E,M,U2,Y,V,M30,X,1,U2,2300,Z01,E,2015-02,10438257,A,F,,,P1M,,E,,,,,,,,,2,,,"Monetary aggregate M3, Stocks","Euro area (changing composition), Outstanding amounts at the end of the period (stocks), MFIs, central government and post office giro institutions reporting sector - Monetary aggregate M3, All currencies combined - Euro area (changing composition) counterpart, Non-MFIs excluding central government sector, denominated in Euro, data Working day and seasonally adjusted",EUR,6
BSI.M.U2.Y.V.M30.X.1.U2.2300.Z01.E,M,U2,Y,V,M30,X,1,U2,2300,Z01,E,2015-03,10475465,A,F,,,P1M,,E,,,,,,,,,2,,,"Monetary aggregate M3, Stocks","Euro area (changing composition), Outstanding amounts at the end of the period (stocks), MFIs, central government and post office giro institutions reporting sector - Monetary aggregate M3, All currencies combined - Euro area (changing composition) counterpart, Non-MFIs excluding central government sector, denominated in Euro, data Working day and seasonally adjusted",EUR,6
BSI.M.U2.Y.V.M30.X.1.U2.2300.Z01.E,M,U2,Y,V,M30,X,1,U2,2300,Z01,E,2015-04,10545103,A,F,,,P1M,,E,,,,,,,,,2,,,"Monetary aggregate M3, Stocks","Euro area (changing composition), Outstanding amounts at the end of the period (stocks), MFIs, central government and post office giro institutions reporting sector - Monetary aggregate M3, All currencies combined - Euro area (changing composition) counterpart, Non-MFIs excluding central government sector, denominated in Euro, data Working day and seasonally adjusted",EUR,6
BSI.M.U2.Y.V.M30.X.1.U2.2300.Z01.E,M,U2,Y,V,M30,X,1,U2,2300,Z01,E,2015-05,10561797,A,F,,,P1M,,E,,,,,,,,,2,,,"Monetary aggregate M3, Stocks","Euro area (changing composition), Outstanding amounts at the end of the period (stocks), MFIs, central government and post office giro institutions reporting sector - Monetary aggregate M3, All currencies combined - Euro area (changing composition) counterpart, Non-MFIs excluding central government sector, denominated in Euro, data Working day and seasonally adjusted",EUR,6
BSI.M.U2.Y.V.M30.X.1.U2.2300.Z01.E,M,U2,Y,V,M30,X,1,U2,2300,Z01,E,2015-06,10582758,A,F,,,P1M,,E,,,,,,,,,2,,,"Monetary aggregate M3, Stocks","Euro area (changing composition), Outstanding amounts at the end of the period (stocks), MFIs, central government and post office giro institutions reporting sector - Monetary aggregate M3, All currencies combined - Euro area (changing composition) counterpart, Non-MFIs excluding central government sector, denominated in Euro, data Working day and seasonally adjusted",EUR,6
BSI.M.U2.Y.V.M30.X.1.U2.2300.Z01.E,M,U2,Y,V,M30,X,1,U2,2300,Z01,E,2015-07,10656208,A,F,,,P1M,,E,,,,,,,,,2,,,"Monetary aggregate M3, Stocks","Euro area (changing composition), Outstanding amounts at the end of the period (stocks), MFIs, central government and post office giro institutions reporting sector - Monetary aggregate M3, All currencies combined - Euro area (changing composition) counterpart, Non-MFIs excluding central government sector, denominated in Euro, data Working day and seasonally adjusted",EUR,6
BSI.M.U2.Y.V.M30.X.1.U2.2300.Z01.E,M,U2,Y,V,M30,X,1,U2,2300,Z01,E,2015-08,10662405,A,F,,,P1M,,E,,,,,,,,,2,,,"Monetary aggregate M3, Stocks","Euro area (changing composition), Outstanding amounts at the end of the period (stocks), MFIs, central government and post office giro institutions reporting sector - Monetary aggregate M3, All currencies combined - Euro area (changing composition) counterpart, Non-MFIs excluding central government sector, denominated in Euro, data Working day and seasonally adjusted",EUR,6
BSI.M.U2.Y.V.M30.X.1.U2.2300.Z01.E,M,U2,Y,V,M30,X,1,U2,2300,Z01,E,2015-09,10694197,A,F,,,P1M,,E,,,,,,,,,2,,,"Monetary aggregate M3, Stocks","Euro area (changing composition), Outstanding amounts at the end of the period (stocks), MFIs, central government and post office giro institutions reporting sector - Monetary aggregate M3, All currencies combined - Euro area (changing composition) counterpart, Non-MFIs excluding central government sector, denominated in Euro, data Working day and seasonally adjusted",EUR,6
BSI.M.U2.Y.V.M30.X.1.U2.2300.Z01.E,M,U2,Y,V,M30,X,1,U2,2300,Z01,E,2015-10,10780760,A,F,,,P1M,,E,,,,,,,,,2,,,"Monetary aggregate M3, Stocks","Euro area (changing composition), Outstanding amounts at the end of the period (stocks), MFIs, central government and post office giro institutions reporting sector - Monetary aggregate M3, All currencies combined - Euro area (changing composition) counterpart, Non-MFIs excluding central government sector, denominated in Euro, data Working day and seasonally adjusted",EUR,6
BSI.M.U2.Y.V.M30.X.1.U2.2300.Z01.E,M,U2,Y,V,M30,X,1,U2,2300,Z01,E,2015-11,10836416,A,F,,,P1M,,E,,,,,,,,,2,,,"Monetary aggregate M3, Stocks","Euro area (changing composition), Outstanding amounts at the end of the period (stocks), MFIs, central government and post office giro institutions reporting sector - Monetary aggregate M3, All currencies combined - Euro area (changing composition) counterpart, Non-MFIs excluding central government sector, denominated in Euro, data Working day and seasonally adjusted",EUR,6
BSI.M.U2.Y.V.M30.X.1.U2.2300.Z01.E,M,U2,Y,V,M30,X,1,U2,2300,Z01,E,2015-12,10842557,A,F,,,P1M,,E,,,,,,,,,2,,,"Monetary aggregate M3, Stocks","Euro area (changing composition), Outstanding amounts at the end of the period (stocks), MFIs, central government and post office giro institutions reporting sector - Monetary aggregate M3, All currencies combined - Euro area (changing composition) counterpart, Non-MFIs excluding central government sector, denominated in Euro, data Working day and seasonally adjusted",EUR,6
BSI.M.U2.Y.V.M30.X.1.U2.2300.Z01.E,M,U2,Y,V,M30,X,1,U2,2300,Z01,E,2016-01,10909372,A,F,,,P1M,,E,,,,,,,,,2,,,"Monetary aggregate M3, Stocks","Euro area (changing composition), Outstanding amounts at the end of the period (stocks), MFIs, central government and post office giro institutions reporting sector - Monetary aggregate M3, All currencies combined - Euro area (changing composition) counterpart, Non-MFIs excluding central government sector, denominated in Euro, data Working day and seasonally adjusted",EUR,6
BSI.M.U2.Y.V.M30.X.1.U2.2300.Z01.E,M,U2,Y,V,M30,X,1,U2,2300,Z01,E,2016-02,10976218,A,F,,,P1M,,E,,,,,,,,,2,,,"Monetary aggregate M3, Stocks","Euro area (changing composition), Outstanding amounts at the end of the period (stocks), MFIs, central government and post office giro institutions reporting sector - Monetary aggregate M3, All currencies combined - Euro area (changing composition) counterpart, Non-MFIs excluding central government sector, denominated in Euro, data Working day and seasonally adjusted",EUR,6
BSI.M.U2.Y.V.M30.X.1.U2.2300.Z01.E,M,U2,Y,V,M30,X,1,U2,2300,Z01,E,2016-03,10986982,A,F,,,P1M,,E,,,,,,,,,2,,,"Monetary aggregate M3, Stocks","Euro area (changing composition), Outstanding amounts at the end of the period (stocks), MFIs, central government and post office giro institutions reporting sector - Monetary aggregate M3, All currencies combined - Euro area (changing composition) counterpart, Non-MFIs excluding central government sector, denominated in Euro, data Working day and seasonally adjusted",EUR,6
BSI.M.U2.Y.V.M30.X.1.U2.2300.Z01.E,M,U2,Y,V,M30,X,1,U2,2300,Z01,E,2016-04,11039392,A,F,,,P1M,,E,,,,,,,,,2,,,"Monetary aggregate M3, Stocks","Euro area (changing composition), Outstanding amounts at the end of the period (stocks), MFIs, central government and post office giro institutions reporting sector - Monetary aggregate M3, All currencies combined - Euro area (changing composition) counterpart, Non-MFIs excluding central government sector, denominated in Euro, data Working day and seasonally adjusted",EUR,6
BSI.M.U2.Y.V.M30.X.1.U2.2300.Z01.E,M,U2,Y,V,M30,X,1,U2,2300,Z01,E,2016-05,11084382,A,F,,,P1M,,E,,,,,,,,,2,,,"Monetary aggregate M3, Stocks","Euro area (changing composition), Outstanding amounts at the end of the period (stocks), MFIs, central government and post office giro institutions reporting sector - Monetary aggregate M3, All currencies combined - Euro area (changing composition) counterpart, Non-MFIs excluding central government sector, denominated in Euro, data Working day and seasonally adjusted",EUR,6
BSI.M.U2.Y.V.M30.X.1.U2.2300.Z01.E,M,U2,Y,V,M30,X,1,U2,2300,Z01,E,2016-06,11119739,A,F,,,P1M,,E,,,,,,,,,2,,,"Monetary aggregate M3, Stocks","Euro area (changing composition), Outstanding amounts at the end of the period (stocks), MFIs, central government and post office giro institutions reporting sector - Monetary aggregate M3, All currencies combined - Euro area (changing composition) counterpart, Non-MFIs excluding central government sector, denominated in Euro, data Working day and seasonally adjusted",EUR,6
BSI.M.U2.Y.V.M30.X.1.U2.2300.Z01.E,M,U2,Y,V,M30,X,1,U2,2300,Z01,E,2016-07,11178145,A,F,,,P1M,,E,,,,,,,,,2,,,"Monetary aggregate M3, Stocks","Euro area (changing composition), Outstanding amounts at the end of the period (stocks), MFIs, central government and post office giro institutions reporting sector - Monetary aggregate M3, All currencies combined - Euro area (changing composition) counterpart, Non-MFIs excluding central government sector, denominated in Euro, data Working day and seasonally adjusted",EUR,6
BSI.M.U2.Y.V.M30.X.1.U2.2300.Z01.E,M,U2,Y,V,M30,X,1,U2,2300,Z01,E,2016-08,11199036,A,F,,,P1M,,E,,,,,,,,,2,,,"Monetary aggregate M3, Stocks","Euro area (changing composition), Outstanding amounts at the end of the period (stocks), MFIs, central government and post office giro institutions reporting sector - Monetary aggregate M3, All currencies combined - Euro area (changing composition) counterpart, Non-MFIs excluding central government sector, denominated in Euro, data Working day and seasonally adjusted",EUR,6
BSI.M.U2.Y.V.M30.X.1.U2.2300.Z01.E,M,U2,Y,V,M30,X,1,U2,2300,Z01,E,2016-09,11240372,A,F,,,P1M,,E,,,,,,,,,2,,,"Monetary aggregate M3, Stocks","Euro area (changing composition), Outstanding amounts at the end of the period (stocks), MFIs, central government and post office giro institutions reporting sector - Monetary aggregate M3, All currencies combined - Euro area (changing composition) counterpart, Non-MFIs excluding central government sector, denominated in Euro, data Working day and seasonally adjusted",EUR,6
BSI.M.U2.Y.V.M30.X.1.U2.2300.Z01.E,M,U2,Y,V,M30,X,1,U2,2300,Z01,E,2016-10,11263126,A,F,,,P1M,,E,,,,,,,,,2,,,"Monetary aggregate M3, Stocks","Euro area (changing composition), Outstanding amounts at the end of the period (stocks), MFIs, central government and post office giro institutions reporting sector - Monetary aggregate M3, All currencies combined - Euro area (changing composition) counterpart, Non-MFIs excluding central government sector, denominated in Euro, data Working day and seasonally adjusted",EUR,6
BSI.M.U2.Y.V.M30.X.1.U2.2300.Z01.E,M,U2,Y,V,M30,X,1,U2,2300,Z01,E,2016-11,11337510,A,F,,,P1M,,E,,,,,,,,,2,,,"Monetary aggregate M3, Stocks","Euro area (changing composition), Outstanding amounts at the end of the period (stocks), MFIs, central government and post office giro institutions reporting sector - Monetary aggregate M3, All currencies combined - Euro area (changing composition) counterpart, Non-MFIs excluding central government sector, denominated in Euro, data Working day and seasonally adjusted",EUR,6
BSI.M.U2.Y.V.M30.X.1.U2.2300.Z01.E,M,U2,Y,V,M30,X,1,U2,2300,Z01,E,2016-12,11382913,A,F,,,P1M,,E,,,,,,,,,2,,,"Monetary aggregate M3, Stocks","Euro area (changing composition), Outstanding amounts at the end of the period (stocks), MFIs, central government and post office giro institutions reporting sector - Monetary aggregate M3, All currencies combined - Euro area (changing composition) counterpart, Non-MFIs excluding central government sector, denominated in Euro, data Working day and seasonally adjusted",EUR,6
BSI.M.U2.Y.V.M30.X.1.U2.2300.Z01.E,M,U2,Y,V,M30,X,1,U2,2300,Z01,E,2017-01,11439966,A,F,,,P1M,,E,,,,,,,,,2,,,"Monetary aggregate M3, Stocks","Euro area (changing composition), Outstanding amounts at the end of the period (stocks), MFIs, central government and post office giro institutions reporting sector - Monetary aggregate M3, All currencies combined - Euro area (changing composition) counterpart, Non-MFIs excluding central government sector, denominated in Euro, data Working day and seasonally adjusted",EUR,6
BSI.M.U2.Y.V.M30.X.1.U2.2300.Z01.E,M,U2,Y,V,M30,X,1,U2,2300,Z01,E,2017-02,11491550,A,F,,,P1M,,E,,,,,,,,,2,,,"Monetary aggregate M3, Stocks","Euro area (changing composition), Outstanding amounts at the end of the period (stocks), MFIs, central government and post office giro institutions reporting sector - Monetary aggregate M3, All currencies combined - Euro area (changing composition) counterpart, Non-MFIs excluding central government sector, denominated in Euro, data Working day and seasonally adjusted",EUR,6
BSI.M.U2.Y.V.M30.X.1.U2.2300.Z01.E,M,U2,Y,V,M30,X,1,U2,2300,Z01,E,2017-03,11581144,A,F,,,P1M,,E,,,,,,,,,2,,,"Monetary aggregate M3, Stocks","Euro area (changing composition), Outstanding amounts at the end of the period (stocks), MFIs, central government and post office giro institutions reporting sector - Monetary aggregate M3, All currencies combined - Euro area (changing composition) counterpart, Non-MFIs excluding central government sector, denominated in Euro, data Working day and seasonally adjusted",EUR,6
BSI.M.U2.Y.V.M30.X.1.U2.2300.Z01.E,M,U2,Y,V,M30,X,1,U2,2300,Z01,E,2017-04,11578021,A,F,,,P1M,,E,,,,,,,,,2,,,"Monetary aggregate M3, Stocks","Euro area (changing composition), Outstanding amounts at the end of the period (stocks), MFIs, central government and post office giro institutions reporting sector - Monetary aggregate M3, All currencies combined - Euro area (changing composition) counterpart, Non-MFIs excluding central government sector, denominated in Euro, data Working day and seasonally adjusted",EUR,6
BSI.M.U2.Y.V.M30.X.1.U2.2300.Z01.E,M,U2,Y,V,M30,X,1,U2,2300,Z01,E,2017-05,11607575,A,F,,,P1M,,E,,,,,,,,,2,,,"Monetary aggregate M3, Stocks","Euro area (changing composition), Outstanding amounts at the end of the period (stocks), MFIs, central government and post office giro institutions reporting sector - Monetary aggregate M3, All currencies combined - Euro area (changing composition) counterpart, Non-MFIs excluding central government sector, denominated in Euro, data Working day and seasonally adjusted",EUR,6
BSI.M.U2.Y.V.M30.X.1.U2.2300.Z01.E,M,U2,Y,V,M30,X,1,U2,2300,Z01,E,2017-06,11652740,A,F,,,P1M,,E,,,,,,,,,2,,,"Monetary aggregate M3, Stocks","Euro area (changing composition), Outstanding amounts at the end of the period (stocks), MFIs, central government and post office giro institutions reporting sector - Monetary aggregate M3, All currencies combined - Euro area (changing composition) counterpart, Non-MFIs excluding central government sector, denominated in Euro, data Working day and seasonally adjusted",EUR,6
BSI.M.U2.Y.V.M30.X.1.U2.2300.Z01.E,M,U2,Y,V,M30,X,1,U2,2300,Z01,E,2017-07,11668038,A,F,,,P1M,,E,,,,,,,,,2,,,"Monetary aggregate M3, Stocks","Euro area (changing composition), Outstanding amounts at the end of the period (stocks), MFIs, central government and post office giro institutions reporting sector - Monetary aggregate M3, All currencies combined - Euro area (changing composition) counterpart, Non-MFIs excluding central government sector, denominated in Euro, data Working day and seasonally adjusted",EUR,6
BSI.M.U2.Y.V.M30.X.1.U2.2300.Z01.E,M,U2,Y,V,M30,X,1,U2,2300,Z01,E,2017-08,11736671,A,F,,,P1M,,E,,,,,,,,,2,,,"Monetary aggregate M3, Stocks","Euro area (changing composition), Outstanding amounts at the end of the period (stocks), MFIs, central government and post office giro institutions reporting sector - Monetary aggregate M3, All currencies combined - Euro area (changing composition) counterpart, Non-MFIs excluding central government sector, denominated in Euro, data Working day and seasonally adjusted",EUR,6
BSI.M.U2.Y.V.M30.X.1.U2.2300.Z01.E,M,U2,Y,V,M30,X,1,U2,2300,Z01,E,2017-09,11773187,A,F,,,P1M,,E,,,,,,,,,2,,,"Monetary aggregate M3, Stocks","Euro area (changing composition), Outstanding amounts at the end of the period (stocks), MFIs, central government and post office giro institutions reporting sector - Monetary aggregate M3, All currencies combined - Euro area (changing composition) counterpart, Non-MFIs excluding central government sector, denominated in Euro, data Working day and seasonally adjusted",EUR,6
BSI.M.U2.Y.V.M30.X.1.U2.2300.Z01.E,M,U2,Y,V,M30,X,1,U2,2300,Z01,E,2017-10,11804155,A,F,,,P1M,,E,,,,,,,,,2,,,"Monetary aggregate M3, Stocks","Euro area (changing composition), Outstanding amounts at the end of the period (stocks), MFIs, central government and post office giro institutions reporting sector - Monetary aggregate M3, All currencies combined - Euro area (changing composition) counterpart, Non-MFIs excluding central government sector, denominated in Euro, data Working day and seasonally adjusted",EUR,6
BSI.M.U2.Y.V.M30.X.1.U2.2300.Z01.E,M,U2,Y,V,M30,X,1,U2,2300,Z01,E,2017-11,11849209,A,F,,,P1M,,E,,,,,,,,,2,,,"Monetary aggregate M3, Stocks","Euro area (changing composition), Outstanding amounts at the end of the period (stocks), MFIs, central government and post office giro institutions reporting sector - Monetary aggregate M3, All currencies combined - Euro area (changing composition) counterpart, Non-MFIs excluding central government sector, denominated in Euro, data Working day and seasonally adjusted",EUR,6
BSI.M.U2.Y.V.M30.X.1.U2.2300.Z01.E,M,U2,Y,V,M30,X,1,U2,2300,Z01,E,2017-12,11858924,A,F,,,P1M,,E,,,,,,,,,2,,,"Monetary aggregate M3, Stocks","Euro area (changing composition), Outstanding amounts at the end of the period (stocks), MFIs, central government and post office giro institutions reporting sector - Monetary aggregate M3, All currencies combined - Euro area (changing composition) counterpart, Non-MFIs excluding central government sector, denominated in Euro, data Working day and seasonally adjusted",EUR,6
BSI.M.U2.Y.V.M30.X.1.U2.2300.Z01.E,M,U2,Y,V,M30,X,1,U2,2300,Z01,E,2018-01,11911325,A,F,,,P1M,,E,,,,,,,,,2,,,"Monetary aggregate M3, Stocks","Euro area (changing composition), Outstanding amounts at the end of the period (stocks), MFIs, central government and post office giro institutions reporting sector - Monetary aggregate M3, All currencies combined - Euro area (changing composition) counterpart, Non-MFIs excluding central government sector, denominated in Euro, data Working day and seasonally adjusted",EUR,6
BSI.M.U2.Y.V.M30.X.1.U2.2300.Z01.E,M,U2,Y,V,M30,X,1,U2,2300,Z01,E,2018-02,11920032,A,F,,,P1M,,E,,,,,,,,,2,,,"Monetary aggregate M3, Stocks","Euro area (changing composition), Outstanding amounts at the end of the period (stocks), MFIs, central government and post office giro institutions reporting sector - Monetary aggregate M3, All currencies combined - Euro area (changing composition) counterpart, Non-MFIs excluding central government sector, denominated in Euro, data Working day and seasonally adjusted",EUR,6
BSI.M.U2.Y.V.M30.X.1.U2.2300.Z01.E,M,U2,Y,V,M30,X,1,U2,2300,Z01,E,2018-03,11947263,A,F,,,P1M,,E,,,,,,,,,2,,,"Monetary aggregate M3, Stocks","Euro area (changing composition), Outstanding amounts at the end of the period (stocks), MFIs, central government and post office giro institutions reporting sector - Monetary aggregate M3, All currencies combined - Euro area (changing composition) counterpart, Non-MFIs excluding central government sector, denominated in Euro, data Working day and seasonally adjusted",EUR,6
BSI.M.U2.Y.V.M30.X.1.U2.2300.Z01.E,M,U2,Y,V,M30,X,1,U2,2300,Z01,E,2018-04,11997443,A,F,,,P1M,,E,,,,,,,,,2,,,"Monetary aggregate M3, Stocks","Euro area (changing composition), Outstanding amounts at the end of the period (stocks), MFIs, central government and post office giro institutions reporting sector - Monetary aggregate M3, All currencies combined - Euro area (changing composition) counterpart, Non-MFIs excluding central government sector, denominated in Euro, data Working day and seasonally adjusted",EUR,6
BSI.M.U2.Y.V.M30.X.1.U2.2300.Z01.E,M,U2,Y,V,M30,X,1,U2,2300,Z01,E,2018-05,12070821,A,F,,,P1M,,E,,,,,,,,,2,,,"Monetary aggregate M3, Stocks","Euro area (changing composition), Outstanding amounts at the end of the period (stocks), MFIs, central government and post office giro institutions reporting sector - Monetary aggregate M3, All currencies combined - Euro area (changing composition) counterpart, Non-MFIs excluding central government sector, denominated in Euro, data Working day and seasonally adjusted",EUR,6
BSI.M.U2.Y.V.M30.X.1.U2.2300.Z01.E,M,U2,Y,V,M30,X,1,U2,2300,Z01,E,2018-06,12149385,A,F,,,P1M,,E,,,,,,,,,2,,,"Monetary aggregate M3, Stocks","Euro area (changing composition), Outstanding amounts at the end of the period (stocks), MFIs, central government and post office giro institutions reporting sector - Monetary aggregate M3, All currencies combined - Euro area (changing composition) counterpart, Non-MFIs excluding central government sector, denominated in Euro, data Working day and seasonally adjusted",EUR,6
BSI.M.U2.Y.V.M30.X.1.U2.2300.Z01.E,M,U2,Y,V,M30,X,1,U2,2300,Z01,E,2018-07,12133882,A,F,,,P1M,,E,,,,,,,,,2,,,"Monetary aggregate M3, Stocks","Euro area (changing composition), Outstanding amounts at the end of the period (stocks), MFIs, central government and post office giro institutions reporting sector - Monetary aggregate M3, All currencies combined - Euro area (changing composition) counterpart, Non-MFIs excluding central government sector, denominated in Euro, data Working day and seasonally adjusted",EUR,6
BSI.M.U2.Y.V.M30.X.1.U2.2300.Z01.E,M,U2,Y,V,M30,X,1,U2,2300,Z01,E,2018-08,12159092,A,F,,,P1M,,E,,,,,,,,,2,,,"Monetary aggregate M3, Stocks","Euro area (changing composition), Outstanding amounts at the end of the period (stocks), MFIs, central government and post office giro institutions reporting sector - Monetary aggregate M3, All currencies combined - Euro area (changing composition) counterpart, Non-MFIs excluding central government sector, denominated in Euro, data Working day and seasonally adjusted",EUR,6
BSI.M.U2.Y.V.M30.X.1.U2.2300.Z01.E,M,U2,Y,V,M30,X,1,U2,2300,Z01,E,2018-09,12193756,A,F,,,P1M,,E,,,,,,,,,2,,,"Monetary aggregate M3, Stocks","Euro area (changing composition), Outstanding amounts at the end of the period (stocks), MFIs, central government and post office giro institutions reporting sector - Monetary aggregate M3, All currencies combined - Euro area (changing composition) counterpart, Non-MFIs excluding central government sector, denominated in Euro, data Working day and seasonally adjusted",EUR,6
BSI.M.U2.Y.V.M30.X.1.U2.2300.Z01.E,M,U2,Y,V,M30,X,1,U2,2300,Z01,E,2018-10,12261279,A,F,,,P1M,,E,,,,,,,,,2,,,"Monetary aggregate M3, Stocks","Euro area (changing composition), Outstanding amounts at the end of the period (stocks), MFIs, central government and post office giro institutions reporting sector - Monetary aggregate M3, All currencies combined - Euro area (changing composition) counterpart, Non-MFIs excluding central government sector, denominated in Euro, data Working day and seasonally adjusted",EUR,6
BSI.M.U2.Y.V.M30.X.1.U2.2300.Z01.E,M,U2,Y,V,M30,X,1,U2,2300,Z01,E,2018-11,12301413,A,F,,,P1M,,E,,,,,,,,,2,,,"Monetary aggregate M3, Stocks","Euro area (changing composition), Outstanding amounts at the end of the period (stocks), MFIs, central government and post office giro institutions reporting sector - Monetary aggregate M3, All currencies combined - Euro area (changing composition) counterpart, Non-MFIs excluding central government sector, denominated in Euro, data Working day and seasonally adjusted",EUR,6
BSI.M.U2.Y.V.M30.X.1.U2.2300.Z01.E,M,U2,Y,V,M30,X,1,U2,2300,Z01,E,2018-12,12366854,A,F,,,P1M,,E,,,,,,,,,2,,,"Monetary aggregate M3, Stocks","Euro area (changing composition), Outstanding amounts at the end of the period (stocks), MFIs, central government and post office giro institutions reporting sector - Monetary aggregate M3, All currencies combined - Euro area (changing composition) counterpart, Non-MFIs excluding central government sector, denominated in Euro, data Working day and seasonally adjusted",EUR,6
BSI.M.U2.Y.V.M30.X.1.U2.2300.Z01.E,M,U2,Y,V,M30,X,1,U2,2300,Z01,E,2019-01,12401877,A,F,,,P1M,,E,,,,,,,,,2,,,"Monetary aggregate M3, Stocks","Euro area (changing composition), Outstanding amounts at the end of the period (stocks), MFIs, central government and post office giro institutions reporting sector - Monetary aggregate M3, All currencies combined - Euro area (changing composition) counterpart, Non-MFIs excluding central government sector, denominated in Euro, data Working day and seasonally adjusted",EUR,6
BSI.M.U2.Y.V.M30.X.1.U2.2300.Z01.E,M,U2,Y,V,M30,X,1,U2,2300,Z01,E,2019-02,12455465,A,F,,,P1M,,E,,,,,,,,,2,,,"Monetary aggregate M3, Stocks","Euro area (changing composition), Outstanding amounts at the end of the period (stocks), MFIs, central government and post office giro institutions reporting sector - Monetary aggregate M3, All currencies combined - Euro area (changing composition) counterpart, Non-MFIs excluding central government sector, denominated in Euro, data Working day and seasonally adjusted",EUR,6
BSI.M.U2.Y.V.M30.X.1.U2.2300.Z01.E,M,U2,Y,V,M30,X,1,U2,2300,Z01,E,2019-03,12535380,A,F,,,P1M,,E,,,,,,,,,2,,,"Monetary aggregate M3, Stocks","Euro area (changing composition), Outstanding amounts at the end of the period (stocks), MFIs, central government and post office giro institutions reporting sector - Monetary aggregate M3, All currencies combined - Euro area (changing composition) counterpart, Non-MFIs excluding central government sector, denominated in Euro, data Working day and seasonally adjusted",EUR,6
BSI.M.U2.Y.V.M30.X.1.U2.2300.Z01.E,M,U2,Y,V,M30,X,1,U2,2300,Z01,E,2019-04,12606448,A,F,,,P1M,,E,,,,,,,,,2,,,"Monetary aggregate M3, Stocks","Euro area (changing composition), Outstanding amounts at the end of the period (stocks), MFIs, central government and post office giro institutions reporting sector - Monetary aggregate M3, All currencies combined - Euro area (changing composition) counterpart, Non-MFIs excluding central government sector, denominated in Euro, data Working day and seasonally adjusted",EUR,6
BSI.M.U2.Y.V.M30.X.1.U2.2300.Z01.E,M,U2,Y,V,M30,X,1,U2,2300,Z01,E,2019-05,12675932,A,F,,,P1M,,E,,,,,,,,,2,,,"Monetary aggregate M3, Stocks","Euro area (changing composition), Outstanding amounts at the end of the period (stocks), MFIs, central government and post office giro institutions reporting sector - Monetary aggregate M3, All currencies combined - Euro area (changing composition) counterpart, Non-MFIs excluding central government sector, denominated in Euro, data Working day and seasonally adjusted",EUR,6
BSI.M.U2.Y.V.M30.X.1.U2.2300.Z01.E,M,U2,Y,V,M30,X,1,U2,2300,Z01,E,2019-06,12714933,A,F,,,P1M,,E,,,,,,,,,2,,,"Monetary aggregate M3, Stocks","Euro area (changing composition), Outstanding amounts at the end of the period (stocks), MFIs, central government and post office giro institutions reporting sector - Monetary aggregate M3, All currencies combined - Euro area (changing composition) counterpart, Non-MFIs excluding central government sector, denominated in Euro, data Working day and seasonally adjusted",EUR,6
BSI.M.U2.Y.V.M30.X.1.U2.2300.Z01.E,M,U2,Y,V,M30,X,1,U2,2300,Z01,E,2019-07,12783995,A,F,,,P1M,,E,,,,,,,,,2,,,"Monetary aggregate M3, Stocks","Euro area (changing composition), Outstanding amounts at the end of the period (stocks), MFIs, central government and post office giro institutions reporting sector - Monetary aggregate M3, All currencies combined - Euro area (changing composition) counterpart, Non-MFIs excluding central government sector, denominated in Euro, data Working day and seasonally adjusted",EUR,6
BSI.M.U2.Y.V.M30.X.1.U2.2300.Z01.E,M,U2,Y,V,M30,X,1,U2,2300,Z01,E,2019-08,12889241,A,F,,,P1M,,E,,,,,,,,,2,,,"Monetary aggregate M3, Stocks","Euro area (changing composition), Outstanding amounts at the end of the period (stocks), MFIs, central government and post office giro institutions reporting sector - Monetary aggregate M3, All currencies combined - Euro area (changing composition) counterpart, Non-MFIs excluding central government sector, denominated in Euro, data Working day and seasonally adjusted",EUR,6
BSI.M.U2.Y.V.M30.X.1.U2.2300.Z01.E,M,U2,Y,V,M30,X,1,U2,2300,Z01,E,2019-09,12922101,A,F,,,P1M,,E,,,,,,,,,2,,,"Monetary aggregate M3, Stocks","Euro area (changing composition), Outstanding amounts at the end of the period (stocks), MFIs, central government and post office giro institutions reporting sector - Monetary aggregate M3, All currencies combined - Euro area (changing composition) counterpart, Non-MFIs excluding central government sector, denominated in Euro, data Working day and seasonally adjusted",EUR,6
BSI.M.U2.Y.V.M30.X.1.U2.2300.Z01.E,M,U2,Y,V,M30,X,1,U2,2300,Z01,E,2019-10,12976186,A,F,,,P1M,,E,,,,,,,,,2,,,"Monetary aggregate M3, Stocks","Euro area (changing composition), Outstanding amounts at the end of the period (stocks), MFIs, central government and post office giro institutions reporting sector - Monetary aggregate M3, All currencies combined - Euro area (changing composition) counterpart, Non-MFIs excluding central government sector, denominated in Euro, data Working day and seasonally adjusted",EUR,6
BSI.M.U2.Y.V.M30.X.1.U2.2300.Z01.E,M,U2,Y,V,M30,X,1,U2,2300,Z01,E,2019-11,13005269,A,F,,,P1M,,E,,,,,,,,,2,,,"Monetary aggregate M3, Stocks","Euro area (changing composition), Outstanding amounts at the end of the period (stocks), MFIs, central government and post office giro institutions reporting sector - Monetary aggregate M3, All currencies combined - Euro area (changing composition) counterpart, Non-MFIs excluding central government sector, denominated in Euro, data Working day and seasonally adjusted",EUR,6
BSI.M.U2.Y.V.M30.X.1.U2.2300.Z01.E,M,U2,Y,V,M30,X,1,U2,2300,Z01,E,2019-12,12978873,A,F,,,P1M,,E,,,,,,,,,2,,,"Monetary aggregate M3, Stocks","Euro area (changing composition), Outstanding amounts at the end of the period (stocks), MFIs, central government and post office giro institutions reporting sector - Monetary aggregate M3, All currencies combined - Euro area (changing composition) counterpart, Non-MFIs excluding central government sector, denominated in Euro, data Working day and seasonally adjusted",EUR,6
BSI.M.U2.Y.V.M30.X.1.U2.2300.Z01.E,M,U2,Y,V,M30,X,1,U2,2300,Z01,E,2020-01,13053446,A,F,,,P1M,,E,,,,,,,,,2,,,"Monetary aggregate M3, Stocks","Euro area (changing composition), Outstanding amounts at the end of the period (stocks), MFIs, central government and post office giro institutions reporting sector - Monetary aggregate M3, All currencies combined - Euro area (changing composition) counterpart, Non-MFIs excluding central government sector, denominated in Euro, data Working day and seasonally adjusted",EUR,6
BSI.M.U2.Y.V.M30.X.1.U2.2300.Z01.E,M,U2,Y,V,M30,X,1,U2,2300,Z01,E,2020-02,13139917,A,F,,,P1M,,E,,,,,,,,,2,,,"Monetary aggregate M3, Stocks","Euro area (changing composition), Outstanding amounts at the end of the period (stocks), MFIs, central government and post office giro institutions reporting sector - Monetary aggregate M3, All currencies combined - Euro area (changing composition) counterpart, Non-MFIs excluding central government sector, denominated in Euro, data Working day and seasonally adjusted",EUR,6
BSI.M.U2.Y.V.M30.X.1.U2.2300.Z01.E,M,U2,Y,V,M30,X,1,U2,2300,Z01,E,2020-03,13487080,A,F,,,P1M,,E,,,,,,,,,2,,,"Monetary aggregate M3, Stocks","Euro area (changing composition), Outstanding amounts at the end of the period (stocks), MFIs, central government and post office giro institutions reporting sector - Monetary aggregate M3, All currencies combined - Euro area (changing composition) counterpart, Non-MFIs excluding central government sector, denominated in Euro, data Working day and seasonally adjusted",EUR,6
BSI.M.U2.Y.V.M30.X.1.U2.2300.Z01.E,M,U2,Y,V,M30,X,1,U2,2300,Z01,E,2020-04,13643802,A,F,,,P1M,,E,,,,,,,,,2,,,"Monetary aggregate M3, Stocks","Euro area (changing composition), Outstanding amounts at the end of the period (stocks), MFIs, central government and post office giro institutions reporting sector - Monetary aggregate M3, All currencies combined - Euro area (changing composition) counterpart, Non-MFIs excluding central government sector, denominated in Euro, data Working day and seasonally adjusted",EUR,6
BSI.M.U2.Y.V.M30.X.1.U2.2300.Z01.E,M,U2,Y,V,M30,X,1,U2,2300,Z01,E,2020-05,13800035,A,F,,,P1M,,E,,,,,,,,,2,,,"Monetary aggregate M3, Stocks","Euro area (changing composition), Outstanding amounts at the end of the period (stocks), MFIs, central government and post office giro institutions reporting sector - Monetary aggregate M3, All currencies combined - Euro area (changing composition) counterpart, Non-MFIs excluding central government sector, denominated in Euro, data Working day and seasonally adjusted",EUR,6
BSI.M.U2.Y.V.M30.X.1.U2.2300.Z01.E,M,U2,Y,V,M30,X,1,U2,2300,Z01,E,2020-06,13908789,A,F,,,P1M,,E,,,,,,,,,2,,,"Monetary aggregate M3, Stocks","Euro area (changing composition), Outstanding amounts at the end of the period (stocks), MFIs, central government and post office giro institutions reporting sector - Monetary aggregate M3, All currencies combined - Euro area (changing composition) counterpart, Non-MFIs excluding central government sector, denominated in Euro, data Working day and seasonally adjusted",EUR,6
BSI.M.U2.Y.V.M30.X.1.U2.2300.Z01.E,M,U2,Y,V,M30,X,1,U2,2300,Z01,E,2020-07,13991504,A,F,,,P1M,,E,,,,,,,,,2,,,"Monetary aggregate M3, Stocks","Euro area (changing composition), Outstanding amounts at the end of the period (stocks), MFIs, central government and post office giro institutions reporting sector - Monetary aggregate M3, All currencies combined - Euro area (changing composition) counterpart, Non-MFIs excluding central government sector, denominated in Euro, data Working day and seasonally adjusted",EUR,6
BSI.M.U2.Y.V.M30.X.1.U2.2300.Z01.E,M,U2,Y,V,M30,X,1,U2,2300,Z01,E,2020-08,14036505,A,F,,,P1M,,E,,,,,,,,,2,,,"Monetary aggregate M3, Stocks","Euro area (changing composition), Outstanding amounts at the end of the period (stocks), MFIs, central government and post office giro institutions reporting sector - Monetary aggregate M3, All currencies combined - Euro area (changing composition) counterpart, Non-MFIs excluding central government sector, denominated in Euro, data Working day and seasonally adjusted",EUR,6
BSI.M.U2.Y.V.M30.X.1.U2.2300.Z01.E,M,U2,Y,V,M30,X,1,U2,2300,Z01,E,2020-09,14153097,A,F,,,P1M,,E,,,,,,,,,2,,,"Monetary aggregate M3, Stocks","Euro area (changing composition), Outstanding amounts at the end of the period (stocks), MFIs, central government and post office giro institutions reporting sector - Monetary aggregate M3, All currencies combined - Euro area (changing composition) counterpart, Non-MFIs excluding central government sector, denominated in Euro, data Working day and seasonally adjusted",EUR,6
BSI.M.U2.Y.V.M30.X.1.U2.2300.Z01.E,M,U2,Y,V,M30,X,1,U2,2300,Z01,E,2020-10,14252609,A,F,,,P1M,,E,,,,,,,,,2,,,"Monetary aggregate M3, Stocks","Euro area (changing composition), Outstanding amounts at the end of the period (stocks), MFIs, central government and post office giro institutions reporting sector - Monetary aggregate M3, All currencies combined - Euro area (changing composition) counterpart, Non-MFIs excluding central government sector, denominated in Euro, data Working day and seasonally adjusted",EUR,6
BSI.M.U2.Y.V.M30.X.1.U2.2300.Z01.E,M,U2,Y,V,M30,X,1,U2,2300,Z01,E,2020-11,14349923,A,F,,,P1M,,E,,,,,,,,,2,,,"Monetary aggregate M3, Stocks","Euro area (changing composition), Outstanding amounts at the end of the period (stocks), MFIs, central government and post office giro institutions reporting sector - Monetary aggregate M3, All currencies combined - Euro area (changing composition) counterpart, Non-MFIs excluding central government sector, denominated in Euro, data Working day and seasonally adjusted",EUR,6
BSI.M.U2.Y.V.M30.X.1.U2.2300.Z01.E,M,U2,Y,V,M30,X,1,U2,2300,Z01,E,2020-12,14474148,A,F,,,P1M,,E,,,,,,,,,2,,,"Monetary aggregate M3, Stocks","Euro area (changing composition), Outstanding amounts at the end of the period (stocks), MFIs, central government and post office giro institutions reporting sector - Monetary aggregate M3, All currencies combined - Euro area (changing composition) counterpart, Non-MFIs excluding central government sector, denominated in Euro, data Working day and seasonally adjusted",EUR,6
BSI.M.U2.Y.V.M30.X.1.U2.2300.Z01.E,M,U2,Y,V,M30,X,1,U2,2300,Z01,E,2021-01,14581177,A,F,,,P1M,,E,,,,,,,,,2,,,"Monetary aggregate M3, Stocks","Euro area (changing composition), Outstanding amounts at the end of the period (stocks), MFIs, central government and post office giro institutions reporting sector - Monetary aggregate M3, All currencies combined - Euro area (changing composition) counterpart, Non-MFIs excluding central government sector, denominated in Euro, data Working day and seasonally adjusted",EUR,6
BSI.M.U2.Y.V.M30.X.1.U2.2300.Z01.E,M,U2,Y,V,M30,X,1,U2,2300,Z01,E,2021-02,14661741,A,F,,,P1M,,E,,,,,,,,,2,,,"Monetary aggregate M3, Stocks","Euro area (changing composition), Outstanding amounts at the end of the period (stocks), MFIs, central government and post office giro institutions reporting sector - Monetary aggregate M3, All currencies combined - Euro area (changing composition) counterpart, Non-MFIs excluding central government sector, denominated in Euro, data Working day and seasonally adjusted",EUR,6
BSI.M.U2.Y.V.M30.X.1.U2.2300.Z01.E,M,U2,Y,V,M30,X,1,U2,2300,Z01,E,2021-03,14758346,A,F,,,P1M,,E,,,,,,,,,2,,,"Monetary aggregate M3, Stocks","Euro area (changing composition), Outstanding amounts at the end of the period (stocks), MFIs, central government and post office giro institutions reporting sector - Monetary aggregate M3, All currencies combined - Euro area (changing composition) counterpart, Non-MFIs excluding central government sector, denominated in Euro, data Working day and seasonally adjusted",EUR,6
BSI.M.U2.Y.V.M30.X.1.U2.2300.Z01.E,M,U2,Y,V,M30,X,1,U2,2300,Z01,E,2021-04,14811976,A,F,,,P1M,,E,,,,,,,,,2,,,"Monetary aggregate M3, Stocks","Euro area (changing composition), Outstanding amounts at the end of the period (stocks), MFIs, central government and post office giro institutions reporting sector - Monetary aggregate M3, All currencies combined - Euro area (changing composition) counterpart, Non-MFIs excluding central government sector, denominated in Euro, data Working day and seasonally adjusted",EUR,6
BSI.M.U2.Y.V.M30.X.1.U2.2300.Z01.E,M,U2,Y,V,M30,X,1,U2,2300,Z01,E,2021-05,14908470,A,F,,,P1M,,E,,,,,,,,,2,,,"Monetary aggregate M3, Stocks","Euro area (changing composition), Outstanding amounts at the end of the period (stocks), MFIs, central government and post office giro institutions reporting sector - Monetary aggregate M3, All currencies combined - Euro area (changing composition) counterpart, Non-MFIs excluding central government sector, denominated in Euro, data Working day and seasonally adjusted",EUR,6
BSI.M.U2.Y.V.M30.X.1.U2.2300.Z01.E,M,U2,Y,V,M30,X,1,U2,2300,Z01,E,2021-06,14988989,A,F,,,P1M,,E,,,,,,,,,2,,,"Monetary aggregate M3, Stocks","Euro area (changing composition), Outstanding amounts at the end of the period (stocks), MFIs, central government and post office giro institutions reporting sector - Monetary aggregate M3, All currencies combined - Euro area (changing composition) counterpart, Non-MFIs excluding central government sector, denominated in Euro, data Working day and seasonally adjusted",EUR,6
BSI.M.U2.Y.V.M30.X.1.U2.2300.Z01.E,M,U2,Y,V,M30,X,1,U2,2300,Z01,E,2021-07,15108437,A,F,,,P1M,,E,,,,,,,,,2,,,"Monetary aggregate M3, Stocks","Euro area (changing composition), Outstanding amounts at the end of the period (stocks), MFIs, central government and post office giro institutions reporting sector - Monetary aggregate M3, All currencies combined - Euro area (changing composition) counterpart, Non-MFIs excluding central government sector, denominated in Euro, data Working day and seasonally adjusted",EUR,6
BSI.M.U2.Y.V.M30.X.1.U2.2300.Z01.E,M,U2,Y,V,M30,X,1,U2,2300,Z01,E,2021-08,15200168,A,F,,,P1M,,E,,,,,,,,,2,,,"Monetary aggregate M3, Stocks","Euro area (changing composition), Outstanding amounts at the end of the period (stocks), MFIs, central government and post office giro institutions reporting sector - Monetary aggregate M3, All currencies combined - Euro area (changing composition) counterpart, Non-MFIs excluding central government sector, denominated in Euro, data Working day and seasonally adjusted",EUR,6
BSI.M.U2.Y.V.M30.X.1.U2.2300.Z01.E,M,U2,Y,V,M30,X,1,U2,2300,Z01,E,2021-09,15257471,A,F,,,P1M,,E,,,,,,,,,2,,,"Monetary aggregate M3, Stocks","Euro area (changing composition), Outstanding amounts at the end of the period (stocks), MFIs, central government and post office giro institutions reporting sector - Monetary aggregate M3, All currencies combined - Euro area (changing composition) counterpart, Non-MFIs excluding central government sector, denominated in Euro, data Working day and seasonally adjusted",EUR,6
BSI.M.U2.Y.V.M30.X.1.U2.2300.Z01.E,M,U2,Y,V,M30,X,1,U2,2300,Z01,E,2021-10,15362016,A,F,,,P1M,,E,,,,,,,,,2,,,"Monetary aggregate M3, Stocks","Euro area (changing composition), Outstanding amounts at the end of the period (stocks), MFIs, central government and post office giro institutions reporting sector - Monetary aggregate M3, All currencies combined - Euro area (changing composition) counterpart, Non-MFIs excluding central government sector, denominated in Euro, data Working day and seasonally adjusted",EUR,6
BSI.M.U2.Y.V.M30.X.1.U2.2300.Z01.E,M,U2,Y,V,M30,X,1,U2,2300,Z01,E,2021-11,15415034,A,F,,,P1M,,E,,,,,,,,,2,,,"Monetary aggregate M3, Stocks","Euro area (changing composition), Outstanding amounts at the end of the period (stocks), MFIs, central government and post office giro institutions reporting sector - Monetary aggregate M3, All currencies combined - Euro area (changing composition) counterpart, Non-MFIs excluding central government sector, denominated in Euro, data Working day and seasonally adjusted",EUR,6
BSI.M.U2.Y.V.M30.X.1.U2.2300.Z01.E,M,U2,Y,V,M30,X,1,U2,2300,Z01,E,2021-12,15491108,A,F,,,P1M,,E,,,,,,,,,2,,,"Monetary aggregate M3, Stocks","Euro area (changing composition), Outstanding amounts at the end of the period (stocks), MFIs, central government and post office giro institutions reporting sector - Monetary aggregate M3, All currencies combined - Euro area (changing composition) counterpart, Non-MFIs excluding central government sector, denominated in Euro, data Working day and seasonally adjusted",EUR,6
BSI.M.U2.Y.V.M30.X.1.U2.2300.Z01.E,M,U2,Y,V,M30,X,1,U2,2300,Z01,E,2022-01,15600173,A,F,,,P1M,,E,,,,,,,,,2,,,"Monetary aggregate M3, Stocks","Euro area (changing composition), Outstanding amounts at the end of the period (stocks), MFIs, central government and post office giro institutions reporting sector - Monetary aggregate M3, All currencies combined - Euro area (changing composition) counterpart, Non-MFIs excluding central government sector, denominated in Euro, data Working day and seasonally adjusted",EUR,6
BSI.M.U2.Y.V.M30.X.1.U2.2300.Z01.E,M,U2,Y,V,M30,X,1,U2,2300,Z01,E,2022-02,15662745,A,F,,,P1M,,E,,,,,,,,,2,,,"Monetary aggregate M3, Stocks","Euro area (changing composition), Outstanding amounts at the end of the period (stocks), MFIs, central government and post office giro institutions reporting sector - Monetary aggregate M3, All currencies combined - Euro area (changing composition) counterpart, Non-MFIs excluding central government sector, denominated in Euro, data Working day and seasonally adjusted",EUR,6
BSI.M.U2.Y.V.M30.X.1.U2.2300.Z01.E,M,U2,Y,V,M30,X,1,U2,2300,Z01,E,2022-03,15725823,A,F,,,P1M,,E,,,,,,,,,2,,,"Monetary aggregate M3, Stocks","Euro area (changing composition), Outstanding amounts at the end of the period (stocks), MFIs, central government and post office giro institutions reporting sector - Monetary aggregate M3, All currencies combined - Euro area (changing composition) counterpart, Non-MFIs excluding central government sector, denominated in Euro, data Working day and seasonally adjusted",EUR,6
BSI.M.U2.Y.V.M30.X.1.U2.2300.Z01.E,M,U2,Y,V,M30,X,1,U2,2300,Z01,E,2022-04,15799313,A,F,,,P1M,,E,,,,,,,,,2,,,"Monetary aggregate M3, Stocks","Euro area (changing composition), Outstanding amounts at the end of the period (stocks), MFIs, central government and post office giro institutions reporting sector - Monetary aggregate M3, All currencies combined - Euro area (changing composition) counterpart, Non-MFIs excluding central government sector, denominated in Euro, data Working day and seasonally adjusted",EUR,6
BSI.M.U2.Y.V.M30.X.1.U2.2300.Z01.E,M,U2,Y,V,M30,X,1,U2,2300,Z01,E,2022-05,15850610,A,F,,,P1M,,E,,,,,,,,,2,,,"Monetary aggregate M3, Stocks","Euro area (changing composition), Outstanding amounts at the end of the period (stocks), MFIs, central government and post office giro institutions reporting sector - Monetary aggregate M3, All currencies combined - Euro area (changing composition) counterpart, Non-MFIs excluding central government sector, denominated in Euro, data Working day and seasonally adjusted",EUR,6
BSI.M.U2.Y.V.M30.X.1.U2.2300.Z01.E,M,U2,Y,V,M30,X,1,U2,2300,Z01,E,2022-06,15933450,A,F,,,P1M,,E,,,,,,,,,2,,,"Monetary aggregate M3, Stocks","Euro area (changing composition), Outstanding amounts at the end of the period (stocks), MFIs, central government and post office giro institutions reporting sector - Monetary aggregate M3, All currencies combined - Euro area (changing composition) counterpart, Non-MFIs excluding central government sector, denominated in Euro, data Working day and seasonally adjusted",EUR,6
BSI.M.U2.Y.V.M30.X.1.U2.2300.Z01.E,M,U2,Y,V,M30,X,1,U2,2300,Z01,E,2022-07,15994541,A,F,,,P1M,,E,,,,,,,,,2,,,"Monetary aggregate M3, Stocks","Euro area (changing composition), Outstanding amounts at the end of the period (stocks), MFIs, central government and post office giro institutions reporting sector - Monetary aggregate M3, All currencies combined - Euro area (changing composition) counterpart, Non-MFIs excluding central government sector, denominated in Euro, data Working day and seasonally adjusted",EUR,6
BSI.M.U2.Y.V.M30.X.1.U2.2300.Z01.E,M,U2,Y,V,M30,X,1,U2,2300,Z01,E,2022-08,16144166,A,F,,,P1M,,E,,,,,,,,,2,,,"Monetary aggregate M3, Stocks","Euro area (changing composition), Outstanding amounts at the end of the period (stocks), MFIs, central government and post office giro institutions reporting sector - Monetary aggregate M3, All currencies combined - Euro area (changing composition) counterpart, Non-MFIs excluding central government sector, denominated in Euro, data Working day and seasonally adjusted",EUR,6
BSI.M.U2.Y.V.M30.X.1.U2.2300.Z01.E,M,U2,Y,V,M30,X,1,U2,2300,Z01,E,2022-09,16198828,A,F,,,P1M,,E,,,,,,,,,2,,,"Monetary aggregate M3, Stocks","Euro area (changing composition), Outstanding amounts at the end of the period (stocks), MFIs, central government and post office giro institutions reporting sector - Monetary aggregate M3, All currencies combined - Euro area (changing composition) counterpart, Non-MFIs excluding central government sector, denominated in Euro, data Working day and seasonally adjusted",EUR,6
BSI.M.U2.Y.V.M30.X.1.U2.2300.Z01.E,M,U2,Y,V,M30,X,1,U2,2300,Z01,E,2022-10,16146148,A,F,,,P1M,,E,,,,,,,,,2,,,"Monetary aggregate M3, Stocks","Euro area (changing composition), Outstanding amounts at the end of the period (stocks), MFIs, central government and post office giro institutions reporting sector - Monetary aggregate M3, All currencies combined - Euro area (changing composition) counterpart, Non-MFIs excluding central government sector, denominated in Euro, data Working day and seasonally adjusted",EUR,6
BSI.M.U2.Y.V.M30.X.1.U2.2300.Z01.E,M,U2,Y,V,M30,X,1,U2,2300,Z01,E,2022-11,16131928,A,F,,,P1M,,E,,,,,,,,,2,,,"Monetary aggregate M3, Stocks","Euro area (changing composition), Outstanding amounts at the end of the period (stocks), MFIs, central government and post office giro institutions reporting sector - Monetary aggregate M3, All currencies combined - Euro area (changing composition) counterpart, Non-MFIs excluding central government sector, denominated in Euro, data Working day and seasonally adjusted",EUR,6
BSI.M.U2.Y.V.M30.X.1.U2.2300.Z01.E,M,U2,Y,V,M30,X,1,U2,2300,Z01,E,2022-12,16050319,A,F,,,P1M,,E,,,,,,,,,2,,,"Monetary aggregate M3, Stocks","Euro area (changing composition), Outstanding amounts at the end of the period (stocks), MFIs, central government and post office giro institutions reporting sector - Monetary aggregate M3, All currencies combined - Euro area (changing composition) counterpart, Non-MFIs excluding central government sector, denominated in Euro, data Working day and seasonally adjusted",EUR,6
BSI.M.U2.Y.V.M30.X.1.U2.2300.Z01.E,M,U2,Y,V,M30,X,1,U2,2300,Z01,E,2023-01,16073998,A,F,,,P1M,,E,,,,,,,,,2,,,"Monetary aggregate M3, Stocks","Euro area (changing composition), Outstanding amounts at the end of the period (stocks), MFIs, central government and post office giro institutions reporting sector - Monetary aggregate M3, All currencies combined - Euro area (changing composition) counterpart, Non-MFIs excluding central government sector, denominated in Euro, data Working day and seasonally adjusted",EUR,6
BSI.M.U2.Y.V.M30.X.1.U2.2300.Z01.E,M,U2,Y,V,M30,X,1,U2,2300,Z01,E,2023-02,16063035,A,F,,,P1M,,E,,,,,,,,,2,,,"Monetary aggregate M3, Stocks","Euro area (changing composition), Outstanding amounts at the end of the period (stocks), MFIs, central government and post office giro institutions reporting sector - Monetary aggregate M3, All currencies combined - Euro area (changing composition) counterpart, Non-MFIs excluding central government sector, denominated in Euro, data Working day and seasonally adjusted",EUR,6
BSI.M.U2.Y.V.M30.X.1.U2.2300.Z01.E,M,U2,Y,V,M30,X,1,U2,2300,Z01,E,2023-03,16032723,A,F,,,P1M,,E,,,,,,,,,2,,,"Monetary aggregate M3, Stocks","Euro area (changing composition), Outstanding amounts at the end of the period (stocks), MFIs, central government and post office giro institutions reporting sector - Monetary aggregate M3, All currencies combined - Euro area (changing composition) counterpart, Non-MFIs excluding central government sector, denominated in Euro, data Working day and seasonally adjusted",EUR,6
BSI.M.U2.Y.V.M30.X.1.U2.2300.Z01.E,M,U2,Y,V,M30,X,1,U2,2300,Z01,E,2023-04,15982626,A,F,,,P1M,,E,,,,,,,,,2,,,"Monetary aggregate M3, Stocks","Euro area (changing composition), Outstanding amounts at the end of the period (stocks), MFIs, central government and post office giro institutions reporting sector - Monetary aggregate M3, All currencies combined - Euro area (changing composition) counterpart, Non-MFIs excluding central government sector, denominated in Euro, data Working day and seasonally adjusted",EUR,6
BSI.M.U2.Y.V.M30.X.1.U2.2300.Z01.E,M,U2,Y,V,M30,X,1,U2,2300,Z01,E,2023-05,16000621,A,F,,,P1M,,E,,,,,,,,,2,,,"Monetary aggregate M3, Stocks","Euro area (changing composition), Outstanding amounts at the end of the period (stocks), MFIs, central government and post office giro institutions reporting sector - Monetary aggregate M3, All currencies combined - Euro area (changing composition) counterpart, Non-MFIs excluding central government sector, denominated in Euro, data Working day and seasonally adjusted",EUR,6
BSI.M.U2.Y.V.M30.X.1.U2.2300.Z01.E,M,U2,Y,V,M30,X,1,U2,2300,Z01,E,2023-06,15981758,A,F,,,P1M,,E,,,,,,,,,2,,,"Monetary aggregate M3, Stocks","Euro area (changing composition), Outstanding amounts at the end of the period (stocks), MFIs, central government and post office giro institutions reporting sector - Monetary aggregate M3, All currencies combined - Euro area (changing composition) counterpart, Non-MFIs excluding central government sector, denominated in Euro, data Working day and seasonally adjusted",EUR,6
BSI.M.U2.Y.V.M30.X.1.U2.2300.Z01.E,M,U2,Y,V,M30,X,1,U2,2300,Z01,E,2023-07,15964723,A,F,,,P1M,,E,,,,,,,,,2,,,"Monetary aggregate M3, Stocks","Euro area (changing composition), Outstanding amounts at the end of the period (stocks), MFIs, central government and post office giro institutions reporting sector - Monetary aggregate M3, All currencies combined - Euro area (changing composition) counterpart, Non-MFIs excluding central government sector, denominated in Euro, data Working day and seasonally adjusted",EUR,6
BSI.M.U2.Y.V.M30.X.1.U2.2300.Z01.E,M,U2,Y,V,M30,X,1,U2,2300,Z01,E,2023-08,15956557,A,F,,,P1M,,E,,,,,,,,,2,,,"Monetary aggregate M3, Stocks","Euro area (changing composition), Outstanding amounts at the end of the period (stocks), MFIs, central government and post office giro institutions reporting sector - Monetary aggregate M3, All currencies combined - Euro area (changing composition) counterpart, Non-MFIs excluding central government sector, denominated in Euro, data Working day and seasonally adjusted",EUR,6
BSI.M.U2.Y.V.M30.X.1.U2.2300.Z01.E,M,U2,Y,V,M30,X,1,U2,2300,Z01,E,2023-09,15991602,A,F,,,P1M,,E,,,,,,,,,2,,,"Monetary aggregate M3, Stocks","Euro area (changing composition), Outstanding amounts at the end of the period (stocks), MFIs, central government and post office giro institutions reporting sector - Monetary aggregate M3, All currencies combined - Euro area (changing composition) counterpart, Non-MFIs excluding central government sector, denominated in Euro, data Working day and seasonally adjusted",EUR,6
BSI.M.U2.Y.V.M30.X.1.U2.2300.Z01.E,M,U2,Y,V,M30,X,1,U2,2300,Z01,E,2023-10,15983253,A,F,,,P1M,,E,,,,,,,,,2,,,"Monetary aggregate M3, Stocks","Euro area (changing composition), Outstanding amounts at the end of the period (stocks), MFIs, central government and post office giro institutions reporting sector - Monetary aggregate M3, All currencies combined - Euro area (changing composition) counterpart, Non-MFIs excluding central government sector, denominated in Euro, data Working day and seasonally adjusted",EUR,6
BSI.M.U2.Y.V.M30.X.1.U2.2300.Z01.E,M,U2,Y,V,M30,X,1,U2,2300,Z01,E,2023-11,15998330,A,F,,,P1M,,E,,,,,,,,,2,,,"Monetary aggregate M3, Stocks","Euro area (changing composition), Outstanding amounts at the end of the period (stocks), MFIs, central government and post office giro institutions reporting sector - Monetary aggregate M3, All currencies combined - Euro area (changing composition) counterpart, Non-MFIs excluding central government sector, denominated in Euro, data Working day and seasonally adjusted",EUR,6
BSI.M.U2.Y.V.M30.X.1.U2.2300.Z01.E,M,U2,Y,V,M30,X,1,U2,2300,Z01,E,2023-12,16099691,A,F,,,P1M,,E,,,,,,,,,2,,,"Monetary aggregate M3, Stocks","Euro area (changing composition), Outstanding amounts at the end of the period (stocks), MFIs, central government and post office giro institutions reporting sector - Monetary aggregate M3, All currencies combined - Euro area (changing composition) counterpart, Non-MFIs excluding central government sector, denominated in Euro, data Working day and seasonally adjusted",EUR,6
BSI.M.U2.Y.V.M30.X.1.U2.2300.Z01.E,M,U2,Y,V,M30,X,1,U2,2300,Z01,E,2024-01,16093073,A,F,,,P1M,,E,,,,,,,,,2,,,"Monetary aggregate M3, Stocks","Euro area (changing composition), Outstanding amounts at the end of the period (stocks), MFIs, central government and post office giro institutions reporting sector - Monetary aggregate M3, All currencies combined - Euro area (changing composition) counterpart, Non-MFIs excluding central government sector, denominated in Euro, data Working day and seasonally adjusted",EUR,6
BSI.M.U2.Y.V.M30.X.1.U2.2300.Z01.E,M,U2,Y,V,M30,X,1,U2,2300,Z01,E,2024-02,16115213,A,F,,,P1M,,E,,,,,,,,,2,,,"Monetary aggregate M3, Stocks","Euro area (changing composition), Outstanding amounts at the end of the period (stocks), MFIs, central government and post office giro institutions reporting sector - Monetary aggregate M3, All currencies combined - Euro area (changing composition) counterpart, Non-MFIs excluding central government sector, denominated in Euro, data Working day and seasonally adjusted",EUR,6
BSI.M.U2.Y.V.M30.X.1.U2.2300.Z01.E,M,U2,Y,V,M30,X,1,U2,2300,Z01,E,2024-03,16168055,A,F,,,P1M,,E,,,,,,,,,2,,,"Monetary aggregate M3, Stocks","Euro area (changing composition), Outstanding amounts at the end of the period (stocks), MFIs, central government and post office giro institutions reporting sector - Monetary aggregate M3, All currencies combined - Euro area (changing composition) counterpart, Non-MFIs excluding central government sector, denominated in Euro, data Working day and seasonally adjusted",EUR,6
BSI.M.U2.Y.V.M30.X.1.U2.2300.Z01.E,M,U2,Y,V,M30,X,1,U2,2300,Z01,E,2024-04,16211159,A,F,,,P1M,,E,,,,,,,,,2,,,"Monetary aggregate M3, Stocks","Euro area (changing composition), Outstanding amounts at the end of the period (stocks), MFIs, central government and post office giro institutions reporting sector - Monetary aggregate M3, All currencies combined - Euro area (changing composition) counterpart, Non-MFIs excluding central government sector, denominated in Euro, data Working day and seasonally adjusted",EUR,6
BSI.M.U2.Y.V.M30.X.1.U2.2300.Z01.E,M,U2,Y,V,M30,X,1,U2,2300,Z01,E,2024-05,16240524,A,F,,,P1M,,E,,,,,,,,,2,,,"Monetary aggregate M3, Stocks","Euro area (changing composition), Outstanding amounts at the end of the period (stocks), MFIs, central government and post office giro institutions reporting sector - Monetary aggregate M3, All currencies combined - Euro area (changing composition) counterpart, Non-MFIs excluding central government sector, denominated in Euro, data Working day and seasonally adjusted",EUR,6
BSI.M.U2.Y.V.M30.X.1.U2.2300.Z01.E,M,U2,Y,V,M30,X,1,U2,2300,Z01,E,2024-06,16364787,A,F,,,P1M,,E,,,,,,,,,2,,,"Monetary aggregate M3, Stocks","Euro area (changing composition), Outstanding amounts at the end of the period (stocks), MFIs, central government and post office giro institutions reporting sector - Monetary aggregate M3, All currencies combined - Euro area (changing composition) counterpart, Non-MFIs excluding central government sector, denominated in Euro, data Working day and seasonally adjusted",EUR,6
BSI.M.U2.Y.V.M30.X.1.U2.2300.Z01.E,M,U2,Y,V,M30,X,1,U2,2300,Z01,E,2024-07,16371192,A,F,,,P1M,,E,,,,,,,,,2,,,"Monetary aggregate M3, Stocks","Euro area (changing composition), Outstanding amounts at the end of the period (stocks), MFIs, central government and post office giro institutions reporting sector - Monetary aggregate M3, All currencies combined - Euro area (changing composition) counterpart, Non-MFIs excluding central government sector, denominated in Euro, data Working day and seasonally adjusted",EUR,6
BSI.M.U2.Y.V.M30.X.1.U2.2300.Z01.E,M,U2,Y,V,M30,X,1,U2,2300,Z01,E,2024-08,16469939,A,F,,,P1M,,E,,,,,,,,,2,,,"Monetary aggregate M3, Stocks","Euro area (changing composition), Outstanding amounts at the end of the period (stocks), MFIs, central government and post office giro institutions reporting sector - Monetary aggregate M3, All currencies combined - Euro area (changing composition) counterpart, Non-MFIs excluding central government sector, denominated in Euro, data Working day and seasonally adjusted",EUR,6
BSI.M.U2.Y.V.M30.X.1.U2.2300.Z01.E,M,U2,Y,V,M30,X,1,U2,2300,Z01,E,2024-09,16546403,A,F,,,P1M,,E,,,,,,,,,2,,,"Monetary aggregate M3, Stocks","Euro area (changing composition), Outstanding amounts at the end of the period (stocks), MFIs, central government and post office giro institutions reporting sector - Monetary aggregate M3, All currencies combined - Euro area (changing composition) counterpart, Non-MFIs excluding central government sector, denominated in Euro, data Working day and seasonally adjusted",EUR,6
BSI.M.U2.Y.V.M30.X.1.U2.2300.Z01.E,M,U2,Y,V,M30,X,1,U2,2300,Z01,E,2024-10,16581667,A,F,,,P1M,,E,,,,,,,,,2,,,"Monetary aggregate M3, Stocks","Euro area (changing composition), Outstanding amounts at the end of the period (stocks), MFIs, central government and post office giro institutions reporting sector - Monetary aggregate M3, All currencies combined - Euro area (changing composition) counterpart, Non-MFIs excluding central government sector, denominated in Euro, data Working day and seasonally adjusted",EUR,6
BSI.M.U2.Y.V.M30.X.1.U2.2300.Z01.E,M,U2,Y,V,M30,X,1,U2,2300,Z01,E,2024-11,16684867,A,F,,,P1M,,E,,,,,,,,,2,,,"Monetary aggregate M3, Stocks","Euro area (changing composition), Outstanding amounts at the end of the period (stocks), MFIs, central government and post office giro institutions reporting sector - Monetary aggregate M3, All currencies combined - Euro area (changing composition) counterpart, Non-MFIs excluding central government sector, denominated in Euro, data Working day and seasonally adjusted",EUR,6
BSI.M.U2.Y.V.M30.X.1.U2.2300.Z01.E,M,U2,Y,V,M30,X,1,U2,2300,Z01,E,2024-12,16764295,A,F,,,P1M,,E,,,,,,,,,2,,,"Monetary aggregate M3, Stocks","Euro area (changing composition), Outstanding amounts at the end of the period (stocks), MFIs, central government and post office giro institutions reporting sector - Monetary aggregate M3, All currencies combined - Euro area (changing composition) counterpart, Non-MFIs excluding central government sector, denominated in Euro, data Working day and seasonally adjusted",EUR,6
BSI.M.U2.Y.V.M30.X.1.U2.2300.Z01.E,M,U2,Y,V,M30,X,1,U2,2300,Z01,E,2025-01,16763523,A,F,,,P1M,,E,,,,,,,,,2,,,"Monetary aggregate M3, Stocks","Euro area (changing composition), Outstanding amounts at the end of the period (stocks), MFIs, central government and post office giro institutions reporting sector - Monetary aggregate M3, All currencies combined - Euro area (changing composition) counterpart, Non-MFIs excluding central government sector, denominated in Euro, data Working day and seasonally adjusted",EUR,6
BSI.M.U2.Y.V.M30.X.1.U2.2300.Z01.E,M,U2,Y,V,M30,X,1,U2,2300,Z01,E,2025-02,16825363,A,F,,,P1M,,E,,,,,,,,,2,,,"Monetary aggregate M3, Stocks","Euro area (changing composition), Outstanding amounts at the end of the period (stocks), MFIs, central government and post office giro institutions reporting sector - Monetary aggregate M3, All currencies combined - Euro area (changing composition) counterpart, Non-MFIs excluding central government sector, denominated in Euro, data Working day and seasonally adjusted",EUR,6
BSI.M.U2.Y.V.M30.X.1.U2.2300.Z01.E,M,U2,Y,V,M30,X,1,U2,2300,Z01,E,2025-03,16829090,A,F,,,P1M,,E,,,,,,,,,2,,,"Monetary aggregate M3, Stocks","Euro area (changing composition), Outstanding amounts at the end of the period (stocks), MFIs, central government and post office giro institutions reporting sector - Monetary aggregate M3, All currencies combined - Euro area (changing composition) counterpart, Non-MFIs excluding central government sector, denominated in Euro, data Working day and seasonally adjusted",EUR,6
BSI.M.U2.Y.V.M30.X.1.U2.2300.Z01.E,M,U2,Y,V,M30,X,1,U2,2300,Z01,E,2025-04,16884391,A,F,,,P1M,,E,,,,,,,,,2,,,"Monetary aggregate M3, Stocks","Euro area (changing composition), Outstanding amounts at the end of the period (stocks), MFIs, central government and post office giro institutions reporting sector - Monetary aggregate M3, All currencies combined - Euro area (changing composition) counterpart, Non-MFIs excluding central government sector, denominated in Euro, data Working day and seasonally adjusted",EUR,6
BSI.M.U2.Y.V.M30.X.1.U2.2300.Z01.E,M,U2,Y,V,M30,X,1,U2,2300,Z01,E,2025-05,16916565,A,F,,,P1M,,E,,,,,,,,,2,,,"Monetary aggregate M3, Stocks","Euro area (changing composition), Outstanding amounts at the end of the period (stocks), MFIs, central government and post office giro institutions reporting sector - Monetary aggregate M3, All currencies combined - Euro area (changing composition) counterpart, Non-MFIs excluding central government sector, denominated in Euro, data Working day and seasonally adjusted",EUR,6
BSI.M.U2.Y.V.M30.X.1.U2.2300.Z01.E,M,U2,Y,V,M30,X,1,U2,2300,Z01,E,2025-06,16930183,A,F,,,P1M,,E,,,,,,,,,2,,,"Monetary aggregate M3, Stocks","Euro area (changing composition), Outstanding amounts at the end of the period (stocks), MFIs, central government and post office giro institutions reporting sector - Monetary aggregate M3, All currencies combined - Euro area (changing composition) counterpart, Non-MFIs excluding central government sector, denominated in Euro, data Working day and seasonally adjusted",EUR,6
BSI.M.U2.Y.V.M30.X.1.U2.2300.Z01.E,M,U2,Y,V,M30,X,1,U2,2300,Z01,E,2025-07,16929033,A,F,,,P1M,,E,,,,,,,,,2,,,"Monetary aggregate M3, Stocks","Euro area (changing composition), Outstanding amounts at the end of the period (stocks), MFIs, central government and post office giro institutions reporting sector - Monetary aggregate M3, All currencies combined - Euro area (changing composition) counterpart, Non-MFIs excluding central government sector, denominated in Euro, data Working day and seasonally adjusted",EUR,6
BSI.M.U2.Y.V.M30.X.1.U2.2300.Z01.E,M,U2,Y,V,M30,X,1,U2,2300,Z01,E,2025-08,16934233,A,F,,,P1M,,E,,,,,,,,,2,,,"Monetary aggregate M3, Stocks","Euro area (changing composition), Outstanding amounts at the end of the period (stocks), MFIs, central government and post office giro institutions reporting sector - Monetary aggregate M3, All currencies combined - Euro area (changing composition) counterpart, Non-MFIs excluding central government sector, denominated in Euro, data Working day and seasonally adjusted",EUR,6
BSI.M.U2.Y.V.M30.X.1.U2.2300.Z01.E,M,U2,Y,V,M30,X,1,U2,2300,Z01,E,2025-09,16989091,A,F,,,P1M,,E,,,,,,,,,2,,,"Monetary aggregate M3, Stocks","Euro area (changing composition), Outstanding amounts at the end of the period (stocks), MFIs, central government and post office giro institutions reporting sector - Monetary aggregate M3, All currencies combined - Euro area (changing composition) counterpart, Non-MFIs excluding central government sector, denominated in Euro, data Working day and seasonally adjusted",EUR,6
BSI.M.U2.Y.V.M30.X.1.U2.2300.Z01.E,M,U2,Y,V,M30,X,1,U2,2300,Z01,E,2025-10,17082844,A,F,,,P1M,,E,,,,,,,,,2,,,"Monetary aggregate M3, Stocks","Euro area (changing composition), Outstanding amounts at the end of the period (stocks), MFIs, central government and post office giro institutions reporting sector - Monetary aggregate M3, All currencies combined - Euro area (changing composition) counterpart, Non-MFIs excluding central government sector, denominated in Euro, data Working day and seasonally adjusted",EUR,6
BSI.M.U2.Y.V.M30.X.1.U2.2300.Z01.E,M,U2,Y,V,M30,X,1,U2,2300,Z01,E,2025-11,17170444,A,F,,,P1M,,E,,,,,,,,,2,,,"Monetary aggregate M3, Stocks","Euro area (changing composition), Outstanding amounts at the end of the period (stocks), MFIs, central government and post office giro institutions reporting sector - Monetary aggregate M3, All currencies combined - Euro area (changing composition) counterpart, Non-MFIs excluding central government sector, denominated in Euro, data Working day and seasonally adjusted",EUR,6
BSI.M.U2.Y.V.M30.X.1.U2.2300.Z01.E,M,U2,Y,V,M30,X,1,U2,2300,Z01,E,2025-12,17200189,A,F,,,P1M,,E,,,,,,,,,2,,,"Monetary aggregate M3, Stocks","Euro area (changing composition), Outstanding amounts at the end of the period (stocks), MFIs, central government and post office giro institutions reporting sector - Monetary aggregate M3, All currencies combined - Euro area (changing composition) counterpart, Non-MFIs excluding central government sector, denominated in Euro, data Working day and seasonally adjusted",EUR,6
BSI.M.U2.Y.V.M30.X.1.U2.2300.Z01.E,M,U2,Y,V,M30,X,1,U2,2300,Z01,E,2026-01,17305294,A,F,,,P1M,,E,,,,,,,,,2,,,"Monetary aggregate M3, Stocks","Euro area (changing composition), Outstanding amounts at the end of the period (stocks), MFIs, central government and post office giro institutions reporting sector - Monetary aggregate M3, All currencies combined - Euro area (changing composition) counterpart, Non-MFIs excluding central government sector, denominated in Euro, data Working day and seasonally adjusted",EUR,6
BSI.M.U2.Y.V.M30.X.1.U2.2300.Z01.E,M,U2,Y,V,M30,X,1,U2,2300,Z01,E,2026-02,17333431,A,F,,,P1M,,E,,,,,,,,,2,,,"Monetary aggregate M3, Stocks","Euro area (changing composition), Outstanding amounts at the end of the period (stocks), MFIs, central government and post office giro institutions reporting sector - Monetary aggregate M3, All currencies combined - Euro area (changing composition) counterpart, Non-MFIs excluding central government sector, denominated in Euro, data Working day and seasonally adjusted",EUR,6
BSI.M.U2.Y.V.M30.X.1.U2.2300.Z01.E,M,U2,Y,V,M30,X,1,U2,2300,Z01,E,2026-03,17439201,A,F,,,P1M,,E,,,,,,,,,2,,,"Monetary aggregate M3, Stocks","Euro area (changing composition), Outstanding amounts at the end of the period (stocks), MFIs, central government and post office giro institutions reporting sector - Monetary aggregate M3, All currencies combined - Euro area (changing composition) counterpart, Non-MFIs excluding central government sector, denominated in Euro, data Working day and seasonally adjusted",EUR,6
BSI.M.U2.Y.V.M30.X.1.U2.2300.Z01.E,M,U2,Y,V,M30,X,1,U2,2300,Z01,E,2026-04,17449416,A,F,,,P1M,,E,,,,,,,,,2,,,"Monetary aggregate M3, Stocks","Euro area (changing composition), Outstanding amounts at the end of the period (stocks), MFIs, central government and post office giro institutions reporting sector - Monetary aggregate M3, All currencies combined - Euro area (changing composition) counterpart, Non-MFIs excluding central government sector, denominated in Euro, data Working day and seasonally adjusted",EUR,6
BSI.M.U2.Y.V.M30.X.1.U2.2300.Z01.E,M,U2,Y,V,M30,X,1,U2,2300,Z01,E,2026-05,17523312,A,F,,,P1M,,E,,,,,,,,,2,,,"Monetary aggregate M3, Stocks","Euro area (changing composition), Outstanding amounts at the end of the period (stocks), MFIs, central government and post office giro institutions reporting sector - Monetary aggregate M3, All currencies combined - Euro area (changing composition) counterpart, Non-MFIs excluding central government sector, denominated in Euro, data Working day and seasonally adjusted",EUR,6
BSI.M.U2.Y.V.M30.X.1.U2.2300.Z01.E,M,U2,Y,V,M30,X,1,U2,2300,Z01,E,2026-06,17611985,A,F,,,P1M,,E,,,,,,,,,2,,,"Monetary aggregate M3, Stocks","Euro area (changing composition), Outstanding amounts at the end of the period (stocks), MFIs, central government and post office giro institutions reporting sector - Monetary aggregate M3, All currencies combined - Euro area (changing composition) counterpart, Non-MFIs excluding central government sector, denominated in Euro, data Working day and seasonally adjusted",EUR,6
BSI.M.U2.Y.V.M30.X.1.U2.2300.Z01.E,M,U2,Y,V,M30,X,1,U2,2300,Z01,E,2026-07,17615092,A,F,,,P1M,,E,,,,,,,,,2,,,"Monetary aggregate M3, Stocks","Euro area (changing composition), Outstanding amounts at the end of the period (stocks), MFIs, central government and post office giro institutions reporting sector - Monetary aggregate M3, All currencies combined - Euro area (changing composition) counterpart, Non-MFIs excluding central government sector, denominated in Euro, data Working day and seasonally adjusted",EUR,6
BSI.M.U2.Y.V.M30.X.1.U2.2300.Z01.E,M,U2,Y,V,M30,X,1,U2,2300,Z01,E,2026-08,17646463,P,F,,,P1M,,E,,,,,,,,,2,,,"Monetary aggregate M3, Stocks","Euro area (changing composition), Outstanding amounts at the end of the period (stocks), MFIs, central government and post office giro institutions reporting sector - Monetary aggregate M3, All currencies combined - Euro area (changing composition) counterpart, Non-MFIs excluding central government sector, denominated in Euro, data Working day and seasonally adjusted",EUR,6
